Type,Key,Summary,Resolution Date,Open,Ready for Refinement,Investigation,Reopened,To Do,Backlog,Refined,In Development,Ready for test,In Testing,Blocked,ON-HOLD testing,Selected for Development,In Progress,Waiting for acceptance,Done,Abandoned
,,Average time taken (from table),,342.65h,361.38h,292.68h,93.06h,215.88h,764.46h,72.16h,181.04h,202.62h,100.39h,492.29h,345.46h,929.71h,1775.97h,1.11h,3196.02h,127.19h
,PAYME-1819,Create new DB user,,0.30h,,,,,,,,,,,,,,,,
,PAYME-1817,In LoP the filter is not filtering correctly,3/19/26,0.02h,2.87h,,,,,0.00h,3.55h,16.63h,1.87h,,,,,,99.07h,
Production bug,PAYME-1816,More than one row with the given identifier was found,3/19/26,0.37h,0.00h,0.00h,,,,0.00h,38.93h,0.00h,2.80h,,,,,,98.32h,
,PAYME-1815,nginx to haproxy,3/19/26,0.03h,0.00h,,,,,0.00h,42.02h,0.00h,0.00h,,,,,,99.55h,
,PAYME-1818,FPO payment from SGW created incorrectly,3/20/26,0.93h,42.62h,,,,,0.00h,24.60h,0.10h,0.28h,,,,,,73.90h,
,PAYME-1814,Sorting issue in list of payments when vop is performed manualy.,,0.17h,2.38h,,,,,122.87h,21.08h,,,,,,,,,
,PAYME-1812,[DB] Create Performance DB Script to put all INTRAGROUP payments in VOP AQ,,165.27h,,,,,,,,,,,,,,,,
,PAYME-1811,[DB] Improve DB Script to Set VOP_STATUS for Existing Payments to run only for payments created starting from 12.03.26,3/16/26,0.15h,0.00h,,,,,0.15h,2.95h,1.08h,0.70h,,,,,,165.45h,
,PAYME-1810,[Smartform] 2 or more payments in the same session has the same request vop id,3/16/26,0.00h,64.02h,,,,,0.00h,3.95h,0.62h,1.08h,,,,,,166.08h,
,PAYME-1807,[Smartform] 2 or more payments in the same session has the same request vop id,3/13/26,0.00h,0.00h,,0.20h,,,0.00h,23.68h,3.20h,0.27h,,,,,,235.82h,
Production bug,PAYME-1806,VOP issues after 3rd same payment gets payment processing stuck,3/16/26,28.28h,0.00h,,67.95h,,,0.00h,,0.58h,1.48h,,,,,,165.68h,
,PAYME-1803,[ibank] [Audit Trail] Logging in List Of Payments,,209.10h,0.00h,,,,,28.62h,70.92h,,,,,,,,,
,PAYME-1802,[ibank] [Audit Trail] Logging in Salary form and Mass payments,,135.28h,0.00h,,,,,0.00h,35.85h,137.50h,,,,,,,,
,PAYME-1801,[ibank] [Audit Trail] Logging in Smartform,,48.55h,0.00h,,,,,0.00h,109.65h,150.43h,,,,,,,,
,PAYME-1800,[improvement] - Screenshots for failing tests,3/12/26,72.12h,,,,,,,,,,,,,,,263.38h,
,PAYME-1799,Create GET Swift Agreement ID endpoint,,238.08h,,169.72h,,,,,,,,,,,,,,
,PAYME-1798,Prepare for Andromeda Production meeting,,408.30h,,,,,,,,,,,,,,,,
,PAYME-1797,Create core-swift-agreement-manager application,,409.22h,,,,,,,,,,,,,,,,
Production bug,PAYME-1808,[iBank] Unable to update Transaction Costs Paid By value for defined payments,3/18/26,187.38h,0.00h,,,,,0.00h,118.28h,0.33h,3.72h,,,,,,120.58h,
Production bug,PAYME-1805,[iBank LT/EE] Transaction Costs Paid By field is not prefilled when creating an international defined payment,3/17/26,162.17h,0.00h,,15.48h,,,0.00h,31.18h,71.48h,1.07h,,,,,,149.03h,
,PAYME-1804,[iBank] Allow to perform verification if the payment is in VoP status 'Not Possible',,167.40h,117.37h,,,,,0.00h,48.67h,118.83h,,,,,,,,
,PAYME-1793,7.2. [BH] Update Payment APIs to support Swift Pain.002 fields,,1.20h,458.82h,,,,,,,,,,,,,,,
,PAYME-1792,Ensure possibility to perform VOP also after first signature is given,,0.00h,483.00h,,,,,,,,,,,,,,,
,PAYME-1791,Change connection to Sterling from IP to DNS,3/9/26,0.38h,0.00h,,,,,0.00h,28.52h,114.75h,1.90h,,,,,,339.05h,
,PAYME-1788,CdtrAcct other ID should be presented as other Id and not as IBAN in pain.002.001.03,3/16/26,0.77h,0.00h,0.00h,0.50h,,,0.00h,2.37h,17.50h,28.58h,282.02h,,,,,170.38h,0.00h
,PAYME-1787,Missing <StsRsnInf> block for rejected batch in pain.002.001.03 / 09,3/3/26,0.05h,0.00h,,,,,0.00h,2.13h,18.92h,0.05h,,,,,,481.43h,0.00h
,PAYME-1786,VOP status is not updated In List of Payments,3/4/26,0.00h,1.02h,,,,,0.00h,26.18h,16.38h,2.85h,,,,,,456.82h,
,PAYME-1785,7.3. [BH] Create Payment based on Swift Pain.001,,48.40h,,457.72h,,,,,,,,,,,,,,
,PAYME-1783,6.2. [BH] Call ISO Exchange to update the Local System Reference,,31.15h,477.00h,,,,,,,,,,,,,,,
,PAYME-1781,8. [BH] Update the Payment Order Kafka topic,,137.80h,,437.37h,,,,,,,,,,,,,,
,PAYME-1779,[iBank] VOP for signed payments is performed,3/4/26,0.58h,6.53h,0.00h,0.18h,,,0.00h,78.77h,19.38h,16.67h,,,,,,457.42h,
,PAYME-1778,[iBank] [list of payments] Cannot Confirm and sign 100 payments,,0.13h,0.73h,,,,,0.00h,596.10h,,,,,,,,,
,PAYME-1777,7.2. [BH] Update File APIs to support Swift Pain.001 fields,,121.68h,458.70h,17.55h,,,,,,,,,,,,,,
,PAYME-1776,7.1. [BH DB] Update BH DB to support Swift Pain.001 specific data,,121.00h,476.95h,,,,,,,,,,,,,,,
,PAYME-1775,Manual Vop fails in List of Payments with big amount of payments,3/17/26,19.12h,0.00h,,,,,1.40h,122.15h,306.35h,6.78h,,,,,,142.85h,
,PAYME-1772,Update handling of end point report/status-report if it returns 0 payments,,0.00h,187.55h,,,,,0.00h,1.95h,0.00h,,,430.97h,,,,,
,PAYME-1771,unique_error_codes should be NULL if status report is created for batch without errors,3/2/26,23.75h,0.00h,,,,,0.00h,91.55h,2.37h,0.43h,1.02h,,,,,502.07h,0.00h
,PAYME-1770,If payment file is rejected then no_of_failed_payments should be the same value as total_number_of_trx,3/2/26,115.63h,0.00h,,,,,0.07h,,1.68h,0.52h,0.75h,,,,,502.67h,0.00h
,PAYME-1769,Incorrect vop popup in list of payments when 1st user already performed vop and signed a payment,3/4/26,0.55h,17.92h,,0.20h,,,0.00h,42.43h,73.25h,33.93h,,,,,,453.03h,
,PAYME-1768,It should be 0 instead of NULL in outgoing kafka topic and DB bhandler.status_report table,3/3/26,115.83h,0.00h,,0.00h,,,0.00h,1.73h,18.20h,2.27h,,,,,,483.40h,0.00h
,PAYME-1767,In pain.002.001.03 where payment is successful field <OrgnlCtrlSum> is missing,3/2/26,115.88h,0.00h,,,,,0.00h,1.00h,3.35h,0.05h,,,,,,501.48h,0.00h
,PAYME-1766,In status report pain.002.001.03 field <CreDtTm> should be the time when actually xml was formed for status report,3/2/26,17.97h,0.00h,,,,,0.00h,29.65h,3.85h,0.10h,69.40h,,,,,500.92h,0.00h
,PAYME-1765,Group and payment information statuses are calculated incorrectly in pain.002.001.03,3/3/26,16.88h,0.00h,0.00h,,,,0.00h,30.92h,22.72h,0.38h,69.40h,,,,,481.77h,0.00h
Production bug,PAYME-1764,[MT940] too many separator symbols in message gets NAK,,0.00h,622.47h,,,,,,,,,,,,,,,
,PAYME-1763,Error code instead of description is provided in pain.002,3/3/26,0.05h,0.00h,0.00h,,,,0.50h,47.72h,22.25h,0.45h,69.40h,,,,,482.17h,0.00h
,PAYME-1760,Missing label for Mass/Salary payments,2/27/26,0.00h,22.03h,,,,,0.00h,0.00h,5.60h,17.73h,,,,,,580.37h,
,PAYME-1759,Incorrect vop status is shown when payment inside mass payment is edited,2/27/26,0.20h,17.80h,,,,,0.00h,14.35h,10.48h,29.42h,,,,,,574.83h,
,PAYME-1758,Remove hint in case of corrected Intrabank payment,3/17/26,0.00h,309.22h,,,,,0.00h,75.50h,91.73h,29.73h,,,,,,141.70h,
Production bug,PAYME-1757,Log VOP errors as WARN instead of ERROR,2/24/26,0.00h,0.05h,,,,,0.00h,1.53h,1.23h,0.00h,,,,,,646.13h,
,PAYME-1755,Exact dates for Info message for customer before and after the script is performed,2/25/26,0.00h,17.50h,,,,,0.00h,4.17h,22.32h,0.58h,,,,,,625.17h,
,PAYME-1754,VOP status is updated for Intrabank payments,2/25/26,0.00h,2.00h,,,,,0.00h,21.65h,18.90h,6.75h,,,,,,621.23h,
,PAYME-1752,6.1. [BH] Convert Swift pain.001 to Java object,,196.87h,,477.07h,,,,,,,,,,,,,,
,PAYME-1750,BH-data-manager: Update API collecting payment information needed for pain.002,,0.00h,72.62h,0.00h,,,,22.55h,26.98h,189.40h,,,430.95h,,,,,
,PAYME-1748,[BH worker] Send pain.002 message to ISO Exchange,,578.55h,,166.03h,,,,,,,,,,,,,,
,PAYME-1747,"[iBank] Implement VoP audit Trail logging in List Of payments, Salary payment & Smartform",,0.85h,358.25h,286.95h,,,,0.00h,99.65h,,,,,,,,,
,PAYME-1746,[Ibank] LT: Mass payments opened for editing - payment data is not prefilled,2/23/26,0.03h,3.27h,,,,,0.00h,,0.00h,67.73h,,,,,,676.38h,
,PAYME-1743,[iBank] Mass payments - in list of payments need some changes with INPRG payments,3/19/26,0.12h,429.00h,,,,,0.00h,198.75h,18.00h,22.73h,,,,,,100.23h,
,PAYME-1751,Incorrect total amount displayed in consolidated payment view on signing page,2/25/26,27.35h,16.10h,,,,,0.00h,57.60h,14.92h,26.63h,,,,,,626.50h,
,PAYME-1742,5. [BH] Call ISO Exchange to Get Swift pain.001 message,,292.42h,477.80h,,,,,,,,,,,,,,,
,PAYME-1737,1. [BH] Create a new Kafka topic schema for Swift pain.001 support,,293.73h,172.33h,306.15h,,,,,,,,,,,,,,
,PAYME-1735,2. [ISO Exchange] Add Batch Handler as a target local system,,309.68h,436.80h,41.68h,,,,,,,,,,,,,,
,PAYME-1734,4. [BH] Swift pain.001 process implementation,,309.75h,,478.43h,,,,,,,,,,,,,,
,PAYME-1733,3. [ISO Exchange] Publish the new Kafka topic for Swift pain.001 message,,309.78h,,478.43h,,,,,,,,,,,,,,
,PAYME-1732,[iBank] - List of payments - an error occurs when trying to forward prepared payment without signing rights,2/23/26,18.40h,0.00h,,,,,0.00h,95.77h,0.00h,2.10h,,,,,,673.80h,
,PAYME-1731,Issue in case close match in list of payments when beneficiary name was changed with not allowed characters (not national characters),2/20/26,0.50h,18.92h,,,,,0.00h,1.00h,19.83h,26.33h,,,,,,747.60h,
,PAYME-1729,"[iBank] mass payments, when VOP status is null can't be signed",2/19/26,0.17h,45.98h,,,,,0.00h,,3.48h,1.38h,,,,,,767.17h,
Bug Sub-Task,PAYME-1727,"When both batches in payment file get rejected, pain.002 is providing wrong information for one of them",3/4/26,0.02h,240.35h,,,,,0.00h,21.40h,194.73h,0.92h,,,,,,452.85h,0.00h
,PAYME-1726,Incorrect label and behavior in case VoP request counter has reached or exceeded 100 in the client session or client session has been flagged due to sending multiple VoP requests within one second,,0.03h,0.00h,,,,,992.13h,18.65h,,,,,,,,,
,PAYME-1724,"Refresh button does not dissapear, even the VOP is finalized",2/27/26,318.47h,0.00h,,,,,0.00h,41.85h,5.30h,19.58h,,,,,,577.45h,
Bug Sub-Task,PAYME-1723,SGW: CRE payments get NOVOP,2/23/26,41.05h,0.00h,,,,,0.00h,89.20h,163.47h,0.00h,,,,,,669.60h,
,PAYME-1722,Update consuming of Kafka topic tracker.status.reports,,19.25h,0.00h,,,,,0.00h,121.98h,409.00h,,,430.93h,,,,,
Production bug,PAYME-1721,VOP check is initiated again in case beneficiary's data is not changed in SMART payment form,,0.12h,1056.67h,0.00h,,,,,,,,,,,,,,
Bug Sub-Task,PAYME-1720,MsgId in pain.002 has to be generated on our side,3/4/26,0.00h,172.77h,,,,,0.00h,65.40h,293.72h,0.23h,,,,,,453.78h,0.00h
,PAYME-1718,Not correct status visible in Mass/Salary payment,2/18/26,0.05h,0.00h,,,,,66.50h,121.22h,27.08h,24.53h,,,,,,836.62h,0.95h
,PAYME-1717,[iBank] List of payments is very slow with 100 payments and not loading with 300+ payments,2/24/26,0.25h,0.00h,0.00h,,,,0.00h,341.50h,93.38h,1.25h,,,,,,647.23h,
,PAYME-1820,New SEPA country -SERBIA (as of 3rd of May 2026),,1102.88h,,,,,,,,,,,,,,,,
,PAYME-1716,VOP for mass payments is not updated correctly,3/3/26,51.92h,0.00h,,298.07h,,,0.00h,259.32h,34.37h,8.77h,,,,,,477.78h,
Bug Sub-Task,PAYME-1715,Mass payments have incorrect VOP status after editing,2/20/26,25.33h,0.00h,0.00h,237.03h,,,0.00h,0.52h,114.42h,8.88h,,,,,,744.18h,
Production bug,PAYME-1714,[DB CORE] FPO - 13537 error code problem,,0.00h,,1153.25h,,,,,,,,,,,,,,
,PAYME-1713,"LT country ""confirm button"" translations for received VoP response: ""Close match"" (CMTC)",2/17/26,71.10h,0.00h,,,,,0.00h,75.08h,20.87h,175.93h,,,,,,812.53h,
,PAYME-1794,Refactor code to use enum names instead of db values for labels,,769.80h,0.00h,,,,,334.43h,70.47h,,,,,,,,,
,PAYME-1712,Production green field migration,,0.00h,0.00h,,,,,0.00h,401.90h,,,701.73h,73.57h,,,,,
Bug Sub-Task,PAYME-1711,"Translations for pop-up, status after adding new payment if vop is performed and forward button loading icon issues",2/16/26,142.45h,0.00h,,,,,29.08h,21.00h,66.98h,144.15h,,,,,,840.10h,
,PAYME-1710,"Not possible to perform VOP manually, if in List of Payments exist payments with different VOP statuses",2/10/26,0.00h,74.60h,0.00h,,,,0.90h,89.63h,72.08h,31.73h,,,,,,980.63h,
,PAYME-1709,[iBank] Warnings are not refreshed while opening imported payment,2/9/26,74.12h,0.00h,,0.95h,,,0.68h,48.83h,116.73h,5.07h,,,,,,1006.57h,
,PAYME-1700,Testing Bank defined (only LV) - [iBank] Display VoP statuses in List of Payments for different payment types based on in channel code,2/2/26,0.02h,0.00h,,,,,0.00h,,139.73h,0.02h,,,,,,1179.75h,
,PAYME-1699,S1.2 - Testing E-invoice - [iBank] Display VoP statuses in List of Payments for different payment types based on in channel code,2/2/26,0.02h,0.00h,0.00h,,,,0.00h,,50.25h,95.37h,,,,,,1173.88h,
,PAYME-1698,S1.3 [TEST] Mobile bank - [iBank] Display VoP statuses in List of Payments for different payment types based on in channel code,2/10/26,0.02h,67.97h,,,,,0.05h,79.78h,146.03h,38.32h,,,,,,987.35h,
,PAYME-1697,s1.3 - Testing Open Banking - [iBank] Display VoP statuses in List of Payments for different payment types based on in channel code,2/2/26,0.03h,0.00h,,,,,0.00h,,140.32h,3.02h,,,,,,1176.18h,
,PAYME-1708,CVUL0075152,3/6/26,50.62h,0.00h,0.00h,,,,0.00h,92.20h,241.83h,29.20h,,503.32h,,,,406.50h,
,PAYME-1707,CVUL0075053,3/6/26,46.97h,0.00h,2.57h,,,,0.00h,93.30h,241.83h,29.20h,,503.32h,,,,406.50h,
,PAYME-1795,Update hint for VOP status,3/18/26,0.02h,1051.43h,,,,,17.40h,10.77h,91.72h,49.57h,,,,,,119.83h,
,PAYME-1796,Improve the Filter possibility for Verification of Payee column,,0.48h,1217.93h,,,,,0.00h,122.82h,,,,,,,,,
,PAYME-1691,Incorrect vop result message is shown in SMART form in the bottom of payment page,,0.25h,914.60h,,20.53h,,,550.48h,,0.00h,0.23h,,,,,,,
,PAYME-1690,"EE country incorrect ""Continue anyway"" button translations for received VoP response: ""Verification check is not possible"" (NOAP)",2/2/26,0.05h,0.00h,,,,,71.05h,76.85h,86.18h,2.03h,,,,,,1178.12h,
,PAYME-1689,"EE country incorrect ""Back"" button translations for received VoP response: „No match”",2/2/26,0.03h,0.00h,,,,,143.10h,5.28h,86.17h,1.65h,,,,,,1178.50h,
,PAYME-1688,"[iBank] After uploading file with 1000 payments, it cannot be opened in File import",2/24/26,95.02h,191.37h,,,,,0.00h,189.92h,95.07h,196.62h,,0.00h,,,,647.22h,
,PAYME-1687,"[iBank] - VOP status is not updated, when payment is updated from list of payments",2/19/26,0.10h,96.55h,68.38h,185.45h,,,0.00h,106.93h,124.75h,62.58h,,,,,,771.18h,
,PAYME-1686,"LV country incorrect LAT translation in case customer presses button ""go back"" when received VoP response: ""Verification check is not possible"" (NOAP)",2/2/26,0.05h,0.00h,,,,,76.97h,76.85h,86.18h,1.47h,,,,,,1178.68h,
,PAYME-1685,"LV country incorrect ""Continue anyway"" button translations for received VoP response: ""Verification check is not possible"" (NOAP)",2/2/26,0.15h,0.00h,,,,,148.50h,5.32h,86.15h,1.38h,,,,,,1178.77h,
,PAYME-1684,"LV country incorrect ""Continue anyway"" button translations for received VoP response: „No match”",2/2/26,18.48h,0.00h,,,,,76.95h,76.87h,86.17h,1.27h,,,,,,1178.88h,
,PAYME-1683,[iBank] Imported MASS payments - when user try to open 2nd time and sign - incorrect error is shown,1/29/26,1.78h,0.00h,,,,,15.77h,6.30h,1.00h,144.80h,,,,,,1269.28h,
,PAYME-1682,"LT country translations for received VoP response: ""Verification check is not possible"" (NOAP)",2/2/26,0.02h,0.00h,,,,,99.82h,76.88h,86.15h,1.12h,,,,,,1179.03h,
,PAYME-1680,[worker-payment-vop-handler] Improve grafana dashboard,1/30/26,0.00h,0.00h,,,,,0.00h,45.10h,0.00h,169.97h,,,,,,1250.97h,
,PAYME-1679,[iBank] Mass payments creation page - Vop is not performed when saving with warnings,1/22/26,0.02h,0.00h,,,,,0.10h,3.55h,1.87h,17.92h,,,,,,1442.97h,
,PAYME-1676,Not correct info message for customer,2/2/26,16.00h,172.08h,,,,,47.37h,19.88h,4.33h,69.35h,,,,,,1179.50h,
,PAYME-1673,Placeholder - to run scrip of PAYME-1499 and reminder about payme-1578,3/12/26,1054.67h,0.00h,,,,,188.02h,,,,,,,,,267.98h,0.00h
,PAYME-1671,FORWARD button is missing when opening file from import of payment page,1/23/26,0.10h,0.00h,,,,,0.13h,26.90h,43.88h,20.82h,,,,,,1420.02h,
Test,PAYME-1670,AC12,1/23/26,98.15h,0.00h,,,,,0.00h,,0.00h,0.00h,,,,,,1416.40h,
Test,PAYME-1669,AC11,1/19/26,2.13h,,,,,,,,,,,,,,,1512.42h,
Test,PAYME-1668,AC10,1/19/26,2.30h,,,,,,,,,,,,,,,1512.25h,
Test,PAYME-1667,AC9,1/19/26,2.07h,,,,,,,,,,,,,,,1512.48h,
,PAYME-1666,Details/Reference number visualization in Mass/Salary file,2/13/26,0.17h,153.65h,,,,,0.00h,62.47h,318.22h,68.60h,,,,,,912.02h,
Test,PAYME-1664,AC8,1/23/26,0.03h,,,,,,,,,0.00h,,165.30h,,,,1416.40h,
,PAYME-1663,do not show message for vop result MTCH before redirecting to list of payments approval page,2/2/26,0.02h,0.00h,,,,,238.62h,76.85h,86.18h,0.85h,,,,,,1179.32h,
Test,PAYME-1662,AC6,1/16/26,0.18h,,,,,,,,,,,,,,,1581.77h,
Test,PAYME-1661,TC1 [PAYME-1636] Retry process when payment has been cancelled,1/16/26,0.00h,0.00h,,,,,0.00h,,0.00h,0.00h,,,,,,1582.08h,
Test,PAYME-1660,AC7,1/16/26,0.10h,,,,,,,,,,,,,,,1582.03h,
Test,PAYME-1659,AC5,1/16/26,0.88h,,,,,,,,,,,,,,,1582.15h,
Test,PAYME-1658,AC3,1/16/26,0.03h,,,,,,,,,,,,,,,1583.05h,
Test,PAYME-1657,AC1,1/16/26,0.15h,,,,,,,,,,,,,,,1583.10h,
Test,PAYME-1655,AC4,1/23/26,1.00h,,,,,,,,,0.00h,,166.13h,,,,1416.42h,
Test,PAYME-1654,AC2,1/16/26,0.63h,,,,,,,,,,,,,,,1583.58h,
,PAYME-1652,"[iBank] List of payments page - mass payments, in status ""In progress"" can be confirmed",2/19/26,601.25h,0.00h,0.00h,73.43h,,,0.03h,142.55h,20.22h,2.58h,,,,,,768.57h,
,PAYME-1651,[S1.3] BH-data-manager: Update API collecting payment information needed for pain.002,,0.00h,172.73h,,,,,353.60h,1.37h,676.38h,,,430.95h,,,,,
,PAYME-1650,"The new button ""Perform VOP"" requirements should be applicable also for Mass/Salary payments",3/2/26,0.57h,69.65h,,19.15h,,,0.00h,647.23h,214.65h,172.23h,,25.47h,,,,503.95h,
,PAYME-1649,"Foreign payments regression testing on Skyvaut in EE, LV,LT [26-30.01.2026]",2/2/26,360.42h,0.00h,,,,,0.00h,,45.83h,77.95h,,,,,,1174.38h,
,PAYME-1648,"Payment performance testing on Skyvaut in EE, LV,LT [26-30.01.2026]",2/2/26,360.52h,0.00h,,,,,0.00h,,46.68h,77.58h,,,,,,1173.90h,
Test,PAYME-1647,TC1 [PAYME-1621] Retry process when core payment data was changed,1/16/26,73.90h,0.00h,,,,,0.00h,,0.00h,22.47h,,,,,,1582.15h,
Test,PAYME-1646,TC2 [PAYME-1577] Postponed retry processing,1/16/26,73.92h,0.00h,,,,,0.00h,,0.00h,22.42h,,,,,,1582.20h,
Test,PAYME-1645,TC1 [PAYME-1577] Retry process with sending back to AQ,1/16/26,0.02h,0.00h,,,,,0.00h,,0.00h,94.10h,,,,,,1584.43h,
,PAYME-1644,[core-payment-order-data-manager] Decouple vopSts and mtchCd to be able post only vopSts,1/14/26,0.00h,0.00h,,,,,0.00h,21.27h,24.58h,0.00h,,,,,,1632.95h,
Production bug,PAYME-1643,"[CORE DB] Not correct D.STATUS value for FPO payment after ""Payment is late"" error",2/1/26,168.32h,0.00h,,,,,0.00h,22.27h,48.80h,237.18h,,,,,,1203.03h,
Bug Sub-Task,PAYME-1642,Pain.002 for rejected batch has to contain payment information,2/13/26,0.00h,649.53h,,,,,0.00h,95.55h,97.50h,0.00h,,,,,,909.88h,
,PAYME-1641,Count warnings in Import of Payments page,1/23/26,0.00h,69.68h,,,,,16.83h,36.85h,18.05h,195.75h,,,,,,1416.37h,
Bug Sub-Task,PAYME-1639,Regression testing finding: Payments in List of Payments can't be selected,1/12/26,1.63h,0.00h,,,,,0.00h,,88.87h,1.18h,,,,,,1682.23h,
,PAYME-1638,Overwriting details for defined mass payment is not working,1/9/26,3.58h,0.00h,0.00h,,,,0.00h,16.77h,1.55h,2.18h,,,,,,1752.00h,
,PAYME-1636,[worker-payment-vop-handler] Do not retry on defective/cancelled/deleted payments,1/16/26,0.07h,0.00h,,,,,94.82h,50.55h,29.20h,22.48h,,,,,,1582.05h,
,PAYME-1635,Prepare payment services in Skyvault Gate,,0.00h,0.00h,,,,,0.00h,6.82h,,,307.40h,,,,,1466.17h,
,PAYME-1634,Translations for mass payments in list of payments/import page,1/15/26,162.73h,0.00h,,16.48h,,,21.68h,6.55h,4.72h,2.23h,,,,,,1606.73h,
Bug Sub-Task,PAYME-1633,Incorrect number of failed payments in status report db record when one of the batch was rejected,3/4/26,763.70h,0.00h,,0.00h,,,0.00h,139.90h,486.87h,0.37h,,,,,,454.05h,0.00h
,PAYME-1630,Request prod env for Skyvault payment-services,1/13/26,0.00h,0.00h,,0.00h,,,0.00h,74.55h,0.00h,0.00h,115.48h,,,,,1658.08h,
,PAYME-1628,"[PAYME-1453] [LV/LT] When a file with a single payment is uploaded and the opt-out option is selected, its status becomes Opted Out",1/7/26,0.72h,0.00h,,,,,0.00h,0.48h,118.52h,0.02h,,,,,,1801.25h,
,PAYME-1627,incorrect vop status for CRE defective payments when opt out,1/5/26,0.00h,0.00h,,,,,4.43h,67.35h,0.72h,0.25h,,,,,,1850.10h,
Production bug,PAYME-1626,lv_core ; pdb063 ; INC08410041 free space in tablespace USERS,2/6/26,574.33h,0.00h,0.00h,,,,0.00h,308.90h,0.00h,24.60h,,,,,,1080.72h,
Bug Sub-Task,PAYME-1625,Issue with VOP processing for European (SEPCO) payments,1/21/26,143.32h,32.03h,42.85h,0.07h,,,0.00h,235.40h,65.73h,3.93h,,,,,,1465.90h,
Bug Sub-Task,PAYME-1624,In pain.002 BIC should be according to country,2/13/26,237.30h,647.30h,,,,,0.00h,97.78h,97.12h,0.00h,,,,,,910.28h,
,PAYME-1623,Do not provide internal error codes in pain.002,2/13/26,237.53h,646.45h,,,,,0.00h,98.62h,97.08h,0.00h,,,,,,910.30h,
Bug Sub-Task,PAYME-1622,The same batch (batch sid) has two records in status report table,2/13/26,909.90h,0.00h,,,,,0.00h,73.57h,97.18h,0.00h,,,,,,910.22h,
,PAYME-1621,[worker-payment-vop-handler] Verify not only payment version on update retry,1/16/26,0.00h,68.05h,,,,,0.00h,72.57h,49.85h,219.10h,,,,,,1582.05h,
,PAYME-1640,Not able to delete payments in List of payments,1/12/26,1.38h,,,,215.88h,,,93.60h,0.92h,1.05h,,,,,,1682.37h,
,PAYME-1619,"[core-payment-order-data-manager] DB PAYMENTS.DP_VOP data type size to short - REQUEST_BIC, REQUEST_NAME",1/23/26,690.25h,0.00h,,,,,0.00h,11.53h,36.73h,0.00h,,,,,,1419.45h,
,PAYME-1618,[iBank] Sorting by columns in import page/list of payments doesn't work properly,1/6/26,0.17h,311.38h,,,,,0.00h,6.10h,16.18h,1.45h,,,,,,1827.18h,
,PAYME-1617,[TEST] Mass payments: from mass payments page,1/14/26,0.02h,0.00h,,,,,0.00h,,0.00h,533.35h,,,,,,1631.03h,
,PAYME-1616,[TEST] Mass payments: import payment page,1/13/26,0.02h,0.00h,,,,,0.00h,,0.00h,507.62h,,,,,,1656.78h,
Bug Sub-Task,PAYME-1615,CRE payment for CMTC shows <=70 message,1/6/26,0.00h,0.00h,0.00h,,,,4.12h,0.00h,312.50h,27.60h,,,,,,1820.22h,
Test,PAYME-1613,TC3 [PAYME-1453] Multi-payment,1/2/26,260.58h,0.00h,,,,,0.00h,,0.00h,0.17h,,,,,,1920.57h,
Test,PAYME-1612,TC2 [PAYME-1453] Single payment warnings,1/7/26,187.33h,0.00h,,,,,0.00h,,0.00h,73.28h,119.52h,,,,,1801.22h,
,PAYME-1610,"When file gets rejected, do not call API to update batch and payment file status",3/4/26,168.90h,906.62h,,0.00h,,,0.00h,164.83h,486.88h,0.65h,,,,,,454.45h,0.00h
,PAYME-1609,INPRG vop_status for defective payments never changes in import of payments page,1/8/26,0.03h,164.25h,,18.88h,,,100.78h,85.02h,23.67h,14.87h,,,,,,1775.42h,
,PAYME-1607,Beneficiary name > 70. CMTC message is wrong,1/14/26,0.47h,0.00h,,4.12h,,,0.00h,546.78h,46.87h,25.73h,,0.00h,,,,1634.60h,
Production bug,PAYME-1629,Document number too long,1/21/26,0.35h,4.65h,,,,,0.00h,48.00h,287.68h,50.28h,,,,,,1465.52h,402.53h
Bug Sub-Task,PAYME-1604,Issues with VOP filter in List of Payments,1/7/26,1.15h,0.00h,0.00h,29.10h,,,0.00h,42.72h,473.10h,1.05h,,,,,,1803.32h,
,PAYME-1603,[CORE DB] Decommission PAYMENTS.DP_VOP_ARCH table,,0.20h,0.00h,,,,,551.00h,269.73h,,,1531.25h,,,,,,
,PAYME-1602,Update status report process to use updated API end point,,0.00h,767.45h,,,,,0.00h,73.37h,1077.87h,,,435.70h,,,,,
,PAYME-1601,Update API end point collecting payment information needed for pain.002,3/12/26,0.03h,767.58h,,,,,0.00h,73.23h,1077.87h,71.40h,,101.15h,,,,263.12h,0.00h
,PAYME-1599,Foreign payments regression testing on Skyvaut in LV [15.12-17.12],12/17/25,0.00h,0.32h,,,,,,,54.78h,0.00h,,0.00h,,,,2301.87h,
Production bug,PAYME-1600,[iBank] Country code is not validated for imported SEPA payment,12/19/25,0.00h,92.95h,,,,,0.00h,22.18h,50.18h,0.62h,,,,,,2255.47h,
,PAYME-1598,CRE payments end up with incorrect VOPOPT status when VOP is not performed in import of payment page,12/29/25,0.45h,47.10h,94.95h,162.13h,,,0.08h,21.38h,77.48h,0.68h,,,,,,2018.33h,
,PAYME-1596,[iBank] Mass payments - new column name not always is readable,12/18/25,0.10h,0.17h,,1.17h,,,0.00h,95.97h,45.12h,0.67h,,,,,,2282.65h,
,PAYME-1592,[iBank] mass payments - 2acceptor gets incorrect message,12/18/25,0.05h,0.83h,,,,,0.00h,18.02h,123.05h,23.20h,,,,,,2280.88h,
Bug Sub-Task,PAYME-1588,List of Payments text issues in LT IB,1/5/26,5.23h,186.00h,,,,,0.00h,,292.08h,140.73h,,,,,,1851.27h,
Bug Sub-Task,PAYME-1584,List of Payments issues in LV IB,1/7/26,28.48h,25.52h,,0.97h,,,0.00h,327.20h,313.23h,3.23h,,,,,,1799.93h,
,PAYME-1580,Create gate environment for W991 service (podm/worker-vop-handler),12/9/25,0.00h,0.00h,,,,,0.00h,25.07h,0.00h,0.00h,,,,,,2493.57h,
,PAYME-1593,Payment performance testing on Skyvaut in LV [15.12-17.12],12/17/25,0.32h,163.17h,,,,,,,48.57h,0.10h,,0.00h,,,,2308.00h,
,PAYME-1578,Info message for customer before and after the script is performed,1/14/26,241.57h,0.00h,,,,,0.00h,24.12h,693.85h,0.78h,,,,,,1629.92h,
,PAYME-1577,[worker-payment-vop-handler] Retry failed events due to PODM unavailability after 30 min,1/16/26,0.00h,0.02h,336.67h,,,,0.00h,285.97h,168.88h,219.10h,,,,,,1582.05h,
,PAYME-1575,FP clean-up (remove/delete SEPA rulebook Sysglobal SEPA_RB_2025_START),12/31/25,0.42h,112.68h,,,,,0.00h,48.12h,269.02h,216.02h,,0.42h,,,,1967.40h,
,PAYME-1574,[core-payment-order-data-manager] Respond gracefully if duplicate record not possible to be inserted in PAYMENTS_REFERENCE table,,1.00h,2616.10h,,,,,,,,,,,,,,,
,PAYME-1573,[DB] Enhance table PAYMENT_REFERENCE functional index with checking code PBH_ID uniqueness,,1.25h,2616.10h,,,,,,,,,,,,,,,
,PAYME-1565,[iBank] missing label for defective payments in Salary payments page,12/22/25,0.07h,0.00h,,41.40h,,,99.10h,167.53h,265.58h,3.88h,,,,,,2182.72h,
,PAYME-1564,[iBank] List of payments - an error has occurred when signing from list of payments,12/22/25,174.65h,0.00h,0.00h,,,,0.00h,43.42h,241.15h,0.00h,,,,,,2183.60h,140.68h
,PAYME-1562,[worker-payment-vop-handler] Remove National characters for Cross-Border SEPA/SEPA Instant payments in case of Close Match,12/11/25,0.00h,0.38h,,,,,4.88h,134.95h,190.47h,31.70h,17.25h,,,,,2451.42h,
,PAYME-1558,OPTED out for mass payments,11/28/25,0.02h,0.00h,,,,,71.12h,30.08h,68.73h,0.98h,,,,,,2759.82h,
,PAYME-1544,[core-payment-order-data-manager] Add new relation between RELATED_SYSTEM_REFERENCE and DP_VOP.VOP_REQUEST_ID,12/22/25,0.05h,99.33h,,62.75h,,,0.00h,29.00h,583.27h,0.00h,,,,,,2181.13h,
,PAYME-1538,[Production preparations] To prepare worker payment vop handler for production deployment,,114.87h,26.00h,,,,,166.00h,385.83h,,,815.70h,,,,,1466.17h,
,PAYME-1706,Update foreignSepaPaymentWithAdditionalSepaFieldsSW to cover all fields address,3/12/26,1225.43h,,,,,1499.85h,,,,,,,,,,265.33h,
,PAYME-1705,Update sendForeignPaymentTestExpress to cover Hybrid address,3/23/26,1392.48h,0.00h,,,,1499.87h,0.00h,,0.00h,97.30h,,,,,,0.97h,
,PAYME-1704,Update sendForeignPaymentUrgent to cover Unstructured address,,1396.50h,0.00h,,,,1499.88h,0.00h,,0.00h,94.27h,,,,,,,
,PAYME-1703,Update sendForeignPaymentNormalUsd to cover Structured address,,1226.95h,0.00h,,,,1499.90h,0.00h,263.82h,,,,,,,,,
,PAYME-1555,Deploy Windows applications to Skyvault environment in Dev and Gate,,3003.95h,,,,,,,,,,,,,,,,
,PAYME-1554,Set-up environments in Skyvault - Windows in Dev and Gate,,3003.98h,,,,,,,,,,,,,,,,
,PAYME-1678,[iBank] Implement VOP changes in Mass/Salary payments functionality,,0.10h,169.75h,,,,69.00h,1299.87h,,,,,,1486.65h,,,,
,PAYME-1534,[iBank] Create intermediate file upload status and update the logic when the file can be deleted or opened,12/19/25,0.42h,330.02h,,307.60h,,,6.07h,67.00h,34.47h,87.87h,,,,,,2260.70h,
,PAYME-1517,Create VopEvent retry mechanism if podm is unavailable,11/14/25,0.00h,0.00h,,,,,0.00h,21.15h,0.00h,0.00h,,,,,,3096.60h,
,PAYME-1515,[Performance Testing] VoP File Processing for Large Payment Volumes,3/4/26,1.57h,2208.75h,,,,,0.00h,,,187.13h,286.35h,,,,,459.95h,0.00h
,PAYME-1510,[worker-payment-vop-handler] Improve the functionality when beneficiary name is updated in Close Match cases,1/22/26,2.50h,0.47h,,,,,15.70h,8.55h,765.15h,845.38h,66.35h,23.17h,,,,1441.75h,
,PAYME-1509,Monitoring and Alerting,11/13/25,0.00h,0.00h,,,,,0.00h,27.53h,0.00h,0.00h,,,,,,3117.82h,
,PAYME-1702,[STAR] update existing test cases hybrid postal addresses format for all payments types,,1492.85h,,,,,472.12h,,,,,,,1302.37h,,,,
,PAYME-1504,"Mass File upload: ""Close Match"" specifications because of symbol limitation",12/22/25,312.57h,0.00h,,0.43h,,,218.37h,111.83h,429.00h,33.08h,,,,,,2183.30h,
,PAYME-1502,"List of Payments/Mass: ""Close Match"" specifications because of symbol limitation",1/15/26,693.53h,0.00h,3.38h,354.72h,,,0.00h,217.80h,125.97h,288.23h,,,,,,1605.07h,
,PAYME-1501,"File upload: ""Close Match"" specifications because of symbol limitation",12/22/25,188.08h,0.00h,,,,,3.18h,406.78h,220.87h,284.60h,,,,,,2185.37h,
Bug Sub-Task,PAYME-1500,"List of Payments: ""Close Match"" specifications because of symbol limitation",3/2/26,357.57h,0.00h,,285.35h,,,0.00h,655.22h,1440.85h,66.22h,,,,,,507.65h,
,PAYME-1499,S1.3 [DB] Create DB Script to Set VOP_STATUS for Existing Payments,2/26/26,0.35h,841.57h,141.73h,101.30h,,,0.00h,875.32h,650.82h,125.33h,,,,,,597.45h,
,PAYME-1549,[core-payment-order-data-manager] * Debtor account value missing from GET basic-report-data API,3/19/26,0.32h,1510.90h,,146.07h,,,0.00h,652.88h,598.78h,286.50h,,,,,,95.87h,
,PAYME-1495,[payment-services] Update single payment VOP request data saving by using RELATED_SYSTEM_REFERENCE instead of DP_ID,11/28/25,19.90h,239.78h,,,,,0.00h,140.42h,23.67h,170.53h,,,,,,2761.97h,
,PAYME-1493,"""Perform VoP"" button in case of double acceptance",12/10/25,75.80h,0.00h,,,,,2.63h,174.55h,384.12h,119.90h,160.02h,46.75h,,,,2470.12h,
,PAYME-1491,Specific requirements for Mass/Salary file in List of Payments,1/19/26,5.72h,0.00h,,25.22h,,,0.00h,214.80h,1554.22h,2.73h,189.27h,,,,,1514.62h,
,PAYME-1484,[DB]: Improve DP_VOP table with new attributes needed for temporary saving the resp/req data,12/19/25,166.05h,70.13h,0.00h,,,,0.00h,743.17h,92.63h,3.32h,191.32h,,,,,2256.13h,
,PAYME-1533,[DB] Change RELATED_SYSTEM_CODE and RELATED_SYSTEM_REFERENCE to NOT NULL,12/10/25,0.62h,1033.47h,,,,,0.00h,122.58h,48.18h,0.05h,,,,,,2469.12h,
,PAYME-1477,[DB]: Add new values in DP_VOP_STATUS,10/24/25,0.43h,0.00h,,,,,137.37h,0.58h,11.25h,2.50h,,,,,,3542.53h,
,PAYME-1476,"[iBank] . IU changes for ""New button 'Perform VoP' in List of payments""",12/11/25,0.02h,0.00h,,,,,0.00h,356.32h,484.42h,168.37h,289.55h,46.73h,,,,2445.85h,
,PAYME-1532,[core-payment-order-data-manager] - PATCH - /pmtInf/cdtTrfTxInf/rltdRmtInf/rmtId can not be updated,,20.15h,3772.42h,,,,,,,,,,,,,,,
,PAYME-1552,[core-payment-order-data-manager] * Add chnlPmtVrsn to POST mass-payment-header response,1/19/26,0.03h,2010.92h,,,,,0.00h,22.97h,103.65h,163.68h,,,,,,1513.00h,
,PAYME-1548,[core-payment-order-data-manager] * PATCH - dbtrAgt & cdtrAgt deleted after debtor Postal address Update,2/5/26,6.95h,2249.82h,,305.52h,,,0.00h,25.92h,75.38h,0.12h,,,,,,1108.83h,
,PAYME-1551,[core-payment-order-data-manager] * Add signing info to mass-payment-header API,1/23/26,0.67h,2065.32h,0.00h,28.63h,,,0.00h,107.95h,58.95h,163.33h,,,,,,1414.33h,
,PAYME-1492,IBank: VOP handling in Mass payment edit page,2/23/26,909.93h,,,,,,,931.45h,25.02h,530.18h,533.73h,263.90h,,,,671.42h,
,PAYME-1550,[core-payment-order-data-manager] * Create GET API for Mass payment header information,1/19/26,0.00h,1323.03h,144.42h,,,,232.98h,434.25h,176.12h,164.53h,,,,,,1512.17h,
,PAYME-1466,[iBank] Update information to customers about VOP validity,11/4/25,1.18h,168.12h,,,,,0.00h,6.28h,0.48h,18.93h,620.85h,,,,,3339.13h,
,PAYME-1467,[Investigate] Performance findings of PODM usage by FlowManager and potential improvement,,19.52h,530.18h,,,,,285.35h,142.82h,,,242.88h,,,,,2954.32h,
,PAYME-1514,IBank: Needed updates for Salary payment approval screens,2/17/26,1031.72h,1484.10h,,2.60h,,,0.00h,404.87h,101.18h,334.30h,,,,,,814.58h,
,PAYME-1512,"IBank: VoP integration for button ""Save"" and ""Forward"" in Manual Mass/Salary payment form",1/16/26,1009.33h,45.87h,,,,,0.00h,721.28h,620.68h,219.45h,,,,,,1582.33h,
,PAYME-1449,Batch handler: test status response creation for batch,,0.67h,966.27h,,,,,,,,,,3351.52h,,,,,
,PAYME-1448,[S1.3] Batch handler: test status response creation for not valid batch/payment file,3/5/26,0.82h,1330.28h,,,,,380.53h,73.82h,357.60h,215.00h,,1549.70h,,,,434.80h,0.00h
,PAYME-1531,[core-payment-order-data-manager] Change how 'OTHR' party id is returned by GET endpoint,,76.18h,3665.85h,,94.33h,,,0.00h,201.37h,1.02h,242.58h,64.73h,,,,,,
,PAYME-1701,[Selenium] star - review DailyBankingPage,,748.80h,,,,,333.10h,,1491.15h,,,,,0.12h,1775.97h,,,
,PAYME-1553,[core-payment-order-data-manager] * Improve POST mass-payment-header to populate MM value to header table,3/6/26,216.42h,3000.88h,,,,,0.00h,88.27h,749.95h,24.78h,,,,,,406.13h,
,PAYME-1530,[core-payment-order-data-manager]* improve POST/PATCH mass-payment-header not to create empty rows in channel table,3/10/26,216.40h,3764.98h,0.33h,,,,0.00h,93.15h,0.68h,26.52h,,,,,,312.52h,
,PAYME-1406,s1.3 Testing SGW - [iBank] Display VoP statuses in List of Payments for different payment types based on in channel code,2/24/26,0.00h,161.43h,724.18h,0.80h,,,103.07h,932.35h,1582.38h,338.65h,,,,,,647.17h,
Production bug,PAYME-1396,[FORMS] missing status name in forms teller for FPO payments for holder_channel_code 'FPOB',9/17/25,0.23h,20.05h,,,,,118.30h,0.00h,1.30h,2.98h,,,,,,4488.40h,
,PAYME-1456,[EPE]: Implement and enhance payment eligibility criteria for payments requiring VoP and NameCheck,1/6/26,557.53h,65.62h,,0.02h,,,0.00h,167.62h,1018.12h,572.35h,457.58h,,,,,1821.08h,
,PAYME-1454,[DB] Create new query to check for VoP statuses in DP while page refresh is performed in file import iBank,11/28/25,0.23h,1440.73h,0.07h,,,,0.00h,135.75h,216.73h,170.87h,49.10h,,,,,2760.50h,
,PAYME-1391,[worker-payment-vop-handler] Create new application for VoP request handling from EPE and iBank,1/14/26,0.02h,0.00h,743.35h,,,,31.37h,358.25h,1465.08h,0.17h,492.93h,,,,,1634.90h,
,PAYME-1390,"[core-payment-order-data-manager] add VOP mappings to the GET, STORE and PATCH PODM APIs",12/23/25,0.12h,20.57h,311.85h,206.97h,,,0.28h,319.07h,945.27h,137.05h,674.65h,,,,,2086.27h,0.18h
,PAYME-1370,[CORE DB] start TH/THN decommission,9/8/25,0.02h,0.00h,,,,,0.00h,53.73h,14.62h,0.00h,,,,,,4706.52h,
,PAYME-1366,Beneficiary bank's correspondent bank data issue,9/29/25,0.03h,213.55h,,,,,0.00h,70.87h,338.93h,0.52h,,,,,,4201.23h,
,PAYME-1378,S4.5 - [core-payment-order-data-manager] Wrong format saved for debtor account when IBAN provided,10/7/25,1.85h,291.27h,,68.25h,,,21.38h,149.93h,265.93h,21.95h,,,,,,4007.57h,
,PAYME-1395,[iBank] 2. Displaying & set the statuses for the VOP results for Mass/Salary files saved to List of payments,1/15/26,150.40h,642.93h,,,,,,264.57h,483.27h,577.67h,1105.45h,,,,,1605.02h,
,PAYME-1377,[core-payment-order-data-manager] Replace reqdExctnDt with valDt in mass-payment-header,10/6/25,0.07h,155.50h,43.17h,90.17h,,,0.00h,43.45h,473.87h,8.90h,,,,,,4032.08h,
,PAYME-1369,[core-payment-order-data-manager] * Replace reqdExctnDt and intrBkSttlmDt with valDt,9/15/25,0.25h,28.88h,45.00h,,,,0.00h,68.23h,53.43h,118.67h,,,,,,4535.35h,
,PAYME-1375,[core-payment-order-data-manager] Change how PODM operates with payment party ids,,161.87h,,4709.73h,,,,,,,,,,,,,,
,PAYME-1383,"[iBank] 3. VoP Integration for button ""Save payment for later"" in Smartform",2/19/26,193.05h,237.32h,,328.38h,,,73.70h,312.40h,985.67h,922.33h,1050.37h,,,,,768.58h,
,PAYME-1527,Create API end point to get all batches created for the payment file,12/18/25,526.57h,2213.22h,,3.17h,,,0.00h,68.72h,219.17h,42.42h,,0.00h,,,,2258.50h,
,PAYME-1524,Create API end point to get status report data by its SID,12/18/25,526.75h,2190.93h,,0.48h,,,0.00h,22.42h,284.80h,37.72h,,,,,,2268.82h,
,PAYME-1521,Create API end point to get fraud screening data by its SID,12/15/25,526.78h,2187.40h,,25.72h,,,0.00h,135.98h,105.72h,1.10h,,,,,,2349.25h,
,PAYME-1334,"#17 - Imported, signed duplicate payment becomes failed in list of payments after some time. Also when trying to delete this failed payment from list of payments, error ''retCode:9969'' appears",9/7/25,0.55h,0.00h,,,,,474.47h,0.17h,3.88h,140.68h,,,,,,4732.42h,
,PAYME-1520,Create API end point to get all payments created for a batch,12/18/25,550.63h,2185.67h,,13.80h,,,0.00h,27.65h,290.85h,3.07h,,,,,,2284.12h,
,PAYME-1525,Create API end point to get all status reports created for the batch,12/31/25,571.45h,1976.35h,,400.10h,,,0.00h,255.15h,192.15h,10.60h,0.75h,,,,,1970.05h,
,PAYME-1311,"S3.5 - Duplicate FPO payments processing, imported in IBANK",9/7/25,19.93h,93.62h,474.45h,,,,0.00h,99.97h,1.85h,44.30h,,,,,,4732.50h,
,PAYME-1384,[iBank] 4. Display the performed VOP results in List of payments approval page,1/14/26,795.22h,642.58h,,,,,0.00h,1080.17h,859.22h,462.00h,,,,,,1634.58h,
,PAYME-1547,[core-payment-order-data-manager] * Improve 'GET payment id' API to get all payments belonging to a batch,3/12/26,1415.68h,3047.93h,289.40h,,,,0.00h,265.28h,92.87h,140.78h,,,,,,266.72h,
,PAYME-1545,[core-payment-order-data-manager] * Create GET API for batch session information,2/25/26,1893.47h,332.75h,484.50h,,,,0.00h,42.33h,122.85h,1.75h,2018.38h,,,,,623.02h,
,PAYME-1392,[DB]: Add new attributes in DP and file import,9/27/25,0.17h,1024.32h,,4.08h,,,118.85h,7.20h,211.62h,17.77h,,,,,,4252.52h,
,PAYME-1389,[iBank] 7. New button 'Perform VoP' in List of payments,1/21/26,1001.20h,988.58h,,160.97h,,,0.00h,621.80h,1183.57h,170.27h,49.28h,44.77h,,,,1465.87h,
,PAYME-1388,[iBank] 6. Add filter for VOP results in List of payments,1/7/26,1004.03h,676.08h,,545.67h,,,0.00h,170.13h,692.18h,75.23h,440.80h,257.87h,,,,1803.23h,
,PAYME-1374,[core-payment-order-data-manager] * track API requesting application and save it to database,10/24/25,19.30h,1611.87h,,,,,190.57h,167.37h,217.50h,21.38h,,,,,,3602.75h,
,PAYME-1270,S3.6 - TH/THN decommission leftovers,9/8/25,22.58h,673.73h,,18.57h,,,0.00h,437.13h,46.48h,0.03h,,,,,,4708.73h,
,PAYME-1373,[core-payment-order-data-manager] PATCH with rltdSys does not increase pmtVrsn,,1172.12h,4801.85h,,,,,,,,,,,,,,,
,PAYME-1372,[core-payment-order-data-manager] * PATCH replaces related references if full list not provided,3/18/26,1103.32h,4035.38h,287.50h,0.05h,,,15.55h,106.20h,167.28h,93.33h,,,,,,117.72h,
,PAYME-1256,[iBank] OBN: Authorized future payment should appear in List of payments,7/25/25,0.13h,0.00h,,27.88h,,,0.05h,162.82h,164.78h,75.80h,,,,,,5783.43h,
,PAYME-1379,S4.3 - [core-payment-order-data-manager] * Add pmtVrsn and chnlPmtVrsn in PATCH response body,9/29/25,1270.48h,348.78h,44.30h,,,,34.93h,99.78h,308.63h,3.50h,,,,,,4201.58h,
,PAYME-1380,[core-payment-order-data-manager] improve POST/PATCH payment endpoints to not create empty DP_ISO entries,,1274.28h,4663.48h,44.45h,,,,0.00h,334.23h,,,,,,,,,
,PAYME-1254,[iBank] Private users: defective/cancelled payments can't be executed,7/8/25,0.85h,0.00h,,2.43h,,,20.65h,1.58h,2.83h,115.57h,,,,,,6191.15h,
,PAYME-1452,Ibank Mass/Salary file upload: Displaying the VOP results for uploaded files,12/18/25,2591.35h,0.00h,,71.10h,,,460.73h,52.00h,460.28h,286.38h,184.87h,,,,,2280.12h,
,PAYME-1382,[iBank] 1. Display the performed VOP results in List of Payments,3/2/26,1709.72h,381.33h,,329.70h,,,0.00h,958.17h,1062.15h,770.02h,649.37h,44.73h,,,,507.63h,
,PAYME-1252,Change API which updates status report information,8/20/25,0.00h,1272.78h,,,,,0.00h,26.63h,0.00h,0.00h,,,,,,5161.38h,
,PAYME-1251,Review monitoring and make the necessary improvements,9/30/25,1605.05h,0.00h,194.85h,,,,0.00h,504.20h,0.00h,0.00h,,,,,,4175.48h,
,PAYME-1250,Do not move SEPA payments between DP and VMK after TH_THN_VMK_DECOMMISSION,7/19/25,0.00h,315.78h,,,,,22.37h,114.27h,30.87h,70.37h,,,,,,5928.32h,
,PAYME-1244,[IBANK] incorrect status for FPO payment in account statement,6/16/25,0.33h,0.08h,,,,,0.00h,0.63h,1.58h,0.02h,,,,,,6719.30h,
,PAYME-1203,[PODM] Error on duplicate checking when duplicate found,6/10/25,0.00h,2.55h,,,,,0.00h,0.95h,2.37h,0.00h,,,,,,6862.40h,
,PAYME-1201,(Core reports) Adjust local_benchmark reports (PB),6/13/25,0.07h,95.03h,,,,,3.37h,1.20h,67.48h,3.78h,,,,,,6792.97h,
,PAYME-1199,[PAYME-1005] - GET: - Outgoing payment: always provide iban (transform short account to IBAN using stored procedures),,0.13h,13.67h,,,,,0.00h,0.43h,,,70.88h,,,,,6889.77h,
,PAYME-1196,[PAYME-1012] - debtorAgentBICRule & creditorAgentBICRule & partyIdentificationRule on PATCH update,6/20/25,6.33h,0.00h,0.97h,,,,3.03h,239.12h,68.10h,24.22h,16.37h,,,,,6625.32h,
,PAYME-1451,Ibank file upload: Display the performed VOP results - approval page,12/23/25,3140.35h,0.00h,,3.65h,,,0.00h,78.20h,238.12h,891.95h,521.90h,,,,,2159.33h,
,PAYME-1455,Ibank file upload: Displaying the VOP results for uploaded files,12/22/25,3045.40h,0.00h,,,,,0.00h,114.62h,313.38h,844.70h,527.50h,,,,,2183.57h,
,PAYME-1191,Set DP.CREDITOR_BANK_CODE as null when there is no IBAN in FORMS TELLER,6/4/25,0.13h,0.00h,,,,,17.65h,4.20h,25.10h,0.00h,,,,,,7007.60h,
,PAYME-1190,[IBANK] tech error when trying to forward/clicking on payment in import of payments page,6/6/25,0.13h,8.88h,,52.15h,,,0.00h,58.45h,27.65h,2.47h,,,,,,6978.92h,
,PAYME-1453,"Ibank file upload: Opt in/out of VOP, including notification for customers",1/7/26,2808.73h,335.50h,,,,,0.00h,115.50h,1179.40h,315.83h,596.70h,,,,,1801.23h,
,PAYME-1381,[DB]: create sysglobal for VOP in List of Payments,9/24/25,771.23h,1720.28h,,,,,0.17h,5.32h,144.77h,0.13h,,,,,,4318.33h,100.38h
,PAYME-1188,NPE exceptions thrown on payment status request in open-bank,6/2/25,0.08h,16.83h,,,,,0.00h,71.42h,0.87h,6.03h,,,,,,7054.30h,
,PAYME-1185,[IBANK] import FPO payment issue,6/20/25,1.13h,115.08h,,55.18h,,,0.00h,120.18h,234.23h,116.62h,,,,,,6627.52h,
,PAYME-1184,[core-payment-order-data-manager] Enhance the POST single payment order API to allow creating a payment using a previously selected ID provided in the request payload,6/2/25,93.38h,0.32h,,2.85h,,,2.93h,64.12h,97.37h,0.38h,0.00h,,,,,7056.45h,
,PAYME-1231,[ISO Exchange] Implement new xsd for CLM camt.053,9/14/25,691.00h,0.00h,1105.05h,,,,171.18h,1.60h,784.10h,0.58h,,,,,,4566.32h,
,PAYME-1234,S3.4 - [ISO Exchange] Implement new xsd for RTGS camt.053,9/14/25,691.12h,0.00h,1105.02h,,,,148.72h,23.80h,783.97h,0.40h,,,,,,4566.93h,
,PAYME-1178,[core-payment-order-data-manager] create api endpoint for reserving DP ID,6/2/25,1.23h,98.08h,,,,,0.37h,2.55h,68.00h,93.57h,,,,,,7059.70h,
,PAYME-1177,[Core DB] Update domestic payments suggestions views,6/4/25,0.13h,214.90h,,,,,76.83h,16.33h,5.48h,23.97h,,,,,,7007.68h,
,PAYME-1176,[iBank] Wrong labels?,6/20/25,477.05h,0.00h,,,,,97.95h,148.63h,13.08h,4.88h,,,,,,6625.43h,
,PAYME-1175,[IBANK] Currency issue when starting new order from payment archive/payment history,5/21/25,0.22h,0.72h,,,,,0.00h,21.93h,26.40h,2.88h,,,,,,7337.93h,
,PAYME-1173,[PAYME-1161] Error 500 when creating a Mass payment header in TEST environment,5/21/25,1.27h,0.00h,,,,,0.00h,0.65h,41.30h,0.00h,,,,,,7347.80h,
,PAYME-1172,[epe] ??? signing from import of payments tech error,6/4/25,0.17h,2.80h,,115.15h,,,0.00h,23.67h,146.47h,98.03h,,,,,,7006.27h,
,PAYME-1166,[PAYME-1006] Outgoing payment order API /api/v1/payments Create payment (accptncDtTm) - Timestamp data changed on DB side/ Missing ACCEPTANCE_UNIX_TIMESTAMP,5/26/25,0.05h,15.15h,,92.17h,,,0.00h,98.58h,48.90h,6.00h,,,,,,7223.85h,
,PAYME-1164,[PAYME-1007] Basic report data API do not return payload array for the requested IDs,5/16/25,0.37h,0.00h,,,,,0.00h,2.20h,21.08h,0.00h,,,,,,7462.15h,
,PAYME-1162,[iBank] Leftovers for changes in iBank,5/19/25,0.22h,3.22h,,,,,0.00h,16.12h,0.63h,99.98h,,,,,,7391.90h,
,PAYME-1161,[core-payment-order-data-manager] Add new attribute (prty) to mass payment header,5/21/25,0.13h,20.33h,,,,,0.07h,1.60h,98.98h,46.15h,,,,,,7345.95h,
,PAYME-1159,[DB] Increase LAST_UPDATED_BY max column length from 14 to 30 in EE DB,6/3/25,545.73h,0.00h,,,,,0.00h,72.73h,23.97h,4.72h,,,,,,7031.70h,
,PAYME-1157,[core-payment-order-data-manager] change multiplicity of endToEndId and chrgBr,5/20/25,0.43h,66.75h,0.05h,0.92h,,,0.92h,1.47h,171.83h,113.88h,,,,,,7371.60h,
,PAYME-1156,Duplicate payment is not shown for FPO payments in smart form,6/4/25,0.05h,236.67h,,0.55h,,,168.85h,0.47h,383.95h,1.53h,,,,,,7008.28h,
,PAYME-1150,[iBank] leftovers from saving foreign payments to DP table,5/15/25,0.25h,0.05h,,24.50h,,,0.00h,330.15h,142.37h,8.10h,,,,,,7493.32h,
,PAYME-1147,[IPR-report final statuses] 7. Create API to collect payment information needed for pain.002,9/24/25,596.30h,2324.87h,,,,,0.00h,142.18h,723.58h,0.00h,0.00h,,,,,4274.23h,
,PAYME-1146,Incorrect data shown in account statement payment details fields.,6/9/25,493.72h,0.00h,174.12h,116.03h,,3.22h,0.00h,408.32h,94.47h,1.32h,,,,,,6891.07h,
,PAYME-1145,Missing Error Label: 13106 in iBank LV (GATE),5/15/25,162.57h,,119.65h,,,3.23h,,0.00h,0.00h,402.63h,0.00h,,,,,7494.37h,
,PAYME-1143,[iBank] leftovers from saving foreign payments to DP table,4/24/25,2.42h,0.00h,,,,,0.00h,40.43h,122.28h,28.32h,,,,,,7991.38h,
,PAYME-1142,[Core DB] Provide original outgoing payment data from DP (2),4/24/25,0.35h,0.07h,,,,,0.00h,17.92h,1.27h,173.10h,,,,,,7992.20h,
,PAYME-1139,[iBank] Provide SWIFT message copy for FPO,5/13/25,0.02h,193.95h,,,,,0.00h,337.93h,118.97h,23.37h,,,,,,7540.22h,
,PAYME-1114,S3.1 - [217][CORE DB]one time migration from THN schema to DP table,9/8/25,482.43h,0.00h,,66.53h,,,503.95h,2159.98h,104.05h,282.25h,,,,,0.00h,4707.47h,
,PAYME-1112,[IPR-report final statuses] 4. Create API to get ISO status reason code and error description,5/22/25,0.55h,716.98h,,,,,0.00h,52.45h,310.68h,0.05h,,,,,,7320.67h,
,PAYME-1101,[core-payment-order-data-manager] improve GET single payment endpoint with additional attributes,4/16/25,4.15h,19.62h,,306.62h,,,0.00h,50.18h,2.10h,7.27h,,,,,,8182.63h,
,PAYME-1100,[217][iBank] Provide ISO message copy for FPO,6/9/25,0.05h,405.37h,,,,,1176.98h,,0.07h,160.42h,,,,,,6894.57h,
,PAYME-1134,[CORE DB] Add/ map TPH error messages to CORE DB,6/11/25,1606.07h,0.00h,,,,,263.97h,0.60h,20.97h,3.43h,,,,,,6839.12h,
,PAYME-1080,[217][bank-components] Add missing mappings,3/31/25,0.00h,0.00h,,,,,0.00h,162.28h,99.95h,0.00h,,,,,,8567.92h,
,PAYME-1079,[core-payment-order-data-manager] create api endpoint for duplicity check,5/9/25,18.35h,96.02h,387.30h,,,,2.42h,195.18h,37.95h,333.50h,122.30h,,,,,7637.47h,
,PAYME-1077,[core-payment-order-data-manager] improve GET payment ID endpoint response with additional attributes,4/3/25,0.25h,100.57h,0.07h,,,,17.25h,50.23h,0.75h,166.05h,,,,,,8501.07h,
,PAYME-1071,[core-payment-order-data-manager] improve GET status endpoint with additional attributes,3/20/25,0.20h,19.42h,1.88h,,,,0.00h,26.02h,1.07h,23.48h,,,,,,8833.12h,
,PAYME-1069,[endpoints call part] Validate pain.001 file content,3/18/25,0.02h,0.00h,,,,,0.00h,24.10h,,,,,,,,8883.93h,
,PAYME-1546,[core-payment-order-data-manager] * Create endpoint for updating mass payment header,3/9/26,1125.37h,2116.77h,92.55h,41.85h,,,24.45h,284.88h,706.97h,285.83h,1871.27h,,,,2.23h,333.15h,2280.60h
,PAYME-1044,STAR LT: add new labels in einvoice's creation,3/24/25,0.00h,45.27h,,,,,0.00h,24.25h,433.18h,0.60h,,,,,,8734.50h,
,PAYME-1056,[IPR-report final statuses] 10. Publish pain.002 information to Kafka topic,9/24/25,1753.95h,2684.40h,,,,,0.00h,24.40h,534.18h,0.00h,,,,,,4317.88h,
,PAYME-1057,[IPR-report final statuses] 8. [Dependant on VDE19-125] Start preparing report: get details of the list of payments,9/1/25,1754.37h,2590.38h,,,,,0.00h,93.97h,0.00h,0.00h,,,,,,4876.50h,
,PAYME-1053,[IPR-report final statuses] 9. Compose pain.002,9/24/25,1754.42h,2611.73h,,,,,0.00h,173.22h,458.00h,0.00h,,,,,,4317.87h,
,PAYME-1024,"[Waits E-2-E testing, currently on hold] Save API data to database",3/14/25,215.08h,0.00h,,214.27h,,,0.00h,284.07h,27.25h,0.35h,,,,,,8979.63h,
,PAYME-1012,[core-payment-order-data-manager] update single outgoing payment order,6/11/25,457.45h,120.50h,723.95h,,,,399.88h,152.47h,1050.68h,294.48h,,,,,,6837.37h,
,PAYME-1009,[core-payment-order-data-manager] store mass payment header,5/29/25,909.53h,287.13h,123.73h,67.47h,,,43.72h,208.57h,916.87h,324.35h,23.63h,,,,,7150.35h,
,PAYME-1008,[core-payment-order-data-manager] create api endpoint to retrieve status of single payment order,3/12/25,382.63h,21.47h,335.42h,,,,3.88h,117.37h,2.65h,167.65h,,,,,,9024.28h,
,PAYME-1007,[core-payment-order-data-manager] create API endpoint to retrieve basic data of multiple payment orders,5/19/25,1178.25h,288.97h,67.42h,,,,0.00h,335.57h,648.77h,143.32h,0.00h,,,,,7393.17h,
,PAYME-1006,[core-payment-order-data-manager] insert single outgoing payment order,6/9/25,909.40h,71.37h,4.78h,294.67h,,,403.22h,447.25h,677.03h,357.83h,,,,,,6889.88h,
,PAYME-1005,[core-payment-order-data-manager] create api endpoint to retrieve full data of single payment order,5/30/25,815.05h,137.70h,52.07h,,,,0.00h,385.90h,487.73h,1043.90h,,,,,,7133.13h,
,PAYME-999,[217][DB CORE] Search duplicate payment,5/2/25,1847.32h,0.02h,,156.25h,,,26.45h,17.05h,201.32h,30.38h,,,,,,7800.33h,
,PAYME-998,[217][DB CORE] [iBank] Delete payment,6/19/25,2182.90h,0.00h,0.00h,377.27h,,,163.30h,361.32h,77.22h,269.48h,,,,,,6647.65h,
,PAYME-997,[217][DB CORE] Payment accepting and processing,7/9/25,189.07h,0.00h,,24.73h,,,22.08h,1729.72h,893.05h,1054.55h,,,,,,6165.95h,
,PAYME-996,[217][DB CORE] Payment searching,4/24/25,1841.68h,0.00h,,,,,0.00h,33.13h,19.32h,193.52h,0.00h,,,,,7991.55h,
,PAYME-995,[217][CORE DB] Payment restoring,6/16/25,1847.40h,0.02h,,,,,27.68h,502.65h,332.32h,650.07h,,,,,,6719.08h,
,PAYME-994,[217][CORE DB] Payment validation debt cred data,6/11/25,187.82h,0.00h,,119.10h,,,0.00h,1320.65h,674.98h,598.10h,405.30h,,,,,6845.28h,
,PAYME-993,[217][DB CORE] Payment validation,6/3/25,74.33h,0.00h,,,,,0.00h,1362.15h,29.22h,1174.58h,405.30h,,,,,7033.67h,
,PAYME-992,[217][bank-components] Set DP.CREDITOR_BANK_CODE as null when there is no IBAN,6/12/25,0.00h,189.05h,,43.83h,,,1391.18h,885.40h,165.75h,752.60h,,,,,,6821.00h,
,PAYME-1059,[IPR-report final statuses] 6. [Dependant on VDE19-125] ] Create API to update status report information,5/29/25,1819.48h,716.97h,,167.70h,,,25.67h,26.78h,308.27h,2.37h,0.00h,,,,,7153.05h,
,PAYME-1039,Create API to update payment file status,3/14/25,998.92h,0.00h,,,,,0.00h,222.90h,18.93h,0.00h,,,,,,8979.67h,
,PAYME-1058,[IPR-report final statuses] 5. [Dependant on VDE19-125] Publish pain.002 (formed from memory) information to Kafka topic,9/24/25,4438.40h,770.82h,,,,,0.00h,71.33h,652.22h,0.00h,,,,,,4317.85h,
,PAYME-1055,[IPR-report final statuses] 2. Store pain.002 to filebarn,9/2/25,1849.85h,356.32h,,,,,1324.37h,1770.97h,96.30h,0.00h,,,,,,4852.87h,
,PAYME-1054,S4.2 - [IPR-report final statuses] 1. Compose pain.002 for rejected file or batch (from data stored in memory),9/24/25,2258.12h,0.00h,191.82h,,,,451.82h,530.93h,2134.42h,313.57h,,,,,,4274.02h,
,PAYME-980,"[217][SGW] Initiate, execute outgoing international payment",,2830.47h,0.00h,,,,,48.12h,552.78h,,,477.70h,,,,,6485.13h,
,PAYME-975,(Core reports) Adjust 'PROD EE/LV/LT big dom pmts' reports,1/24/25,70.20h,4.82h,,,,,41.90h,6.40h,170.25h,44.85h,,,,,,10151.65h,
,PAYME-974,(Core reports) Adjust 'pensions payments in EE' report (EE),1/22/25,1.35h,5.10h,68.58h,,,,41.70h,0.23h,174.68h,0.33h,,,,,,10198.17h,
,PAYME-962,"S3.1 - [217][OBN] Initiate, execute, view outgoing international payment",,3449.12h,0.00h,,,,,48.15h,1030.48h,,,1132.08h,,,,,5353.03h,
,PAYME-961,[217][MT101] Process outgoing international payments initiated with MT101,7/9/25,619.13h,146.73h,,157.62h,,,3601.37h,69.85h,4.58h,246.20h,,,,,,6167.45h,
,PAYME-959,[217][Core DB] Cancel OBN payment from FP; Cancel cut-off payment from iBank,7/4/25,620.83h,146.65h,2351.02h,42.23h,,,331.12h,916.38h,233.13h,85.67h,0.00h,,,,,6287.57h,
,PAYME-955,"[217][iBank][TEST]Initiate, execute, view outgoing international payment from account statement/payment archive/payment history",7/29/25,2686.02h,,577.03h,,,,,,,168.57h,2041.08h,,,,,5686.60h,
,PAYME-954,"S3.3 - [217]][iBank][TEST]Initiate, execute, view outgoing international payment via import of payments",8/12/25,2686.05h,,577.02h,,,,,,303.53h,178.55h,2060.60h,,,,,5353.55h,
,PAYME-953,"S3.3 - [217][iBank][TEST]Initiate, execute, view outgoing international payment via list of payments",8/5/25,2686.07h,,577.05h,,,,,,202.07h,137.47h,2038.63h,,,,,5518.05h,
,PAYME-952,"[217][iBank][TEST]Initiate, execute, view single outgoing international payment",7/26/25,2350.48h,,577.07h,,,,,,,140.72h,2322.58h,,,,,5768.55h,
,PAYME-949,[bank-components] Display foreign payments stored in DP table as old ones,1/10/25,721.37h,0.00h,,,,,0.00h,41.15h,0.00h,0.00h,,,,,,10491.55h,
,PAYME-948,[bank-components] Save foreign payments to DP table,1/10/25,44.60h,0.00h,,,,,0.00h,717.95h,0.00h,0.00h,,,,,,10491.55h,
,PAYME-947,[bank-components] Add new sysglobal,12/11/24,0.07h,0.00h,,,,,0.00h,44.50h,0.00h,0.00h,,,,,,11209.57h,
,PAYME-946,[Core DB] Implement new sysglobal for TH/THN VMK tables decommissioning,12/9/24,0.00h,0.00h,,,,,3.53h,5.93h,60.12h,0.48h,,,,,,11259.35h,
,PAYME-940,[Core DB] Exclude FPO from domestic payments comparison reports,1/20/25,499.02h,580.23h,,0.97h,,,48.50h,0.58h,26.22h,87.72h,,,,,,10251.23h,
,PAYME-917,[Core DB] Provide original outgoing payment data from DP,1/29/25,220.85h,402.88h,,,,,725.70h,43.45h,118.85h,174.90h,,,,,,10028.90h,
,PAYME-914,(enabler) Analyze what reporting must be adjusted when new payment type (FPO) appears in DP,1/27/25,1132.77h,0.00h,498.57h,,,,,,,,,,,,,10084.25h,
,PAYME-912,(enabler) Analyze and describe changes needed for FP debit batch to consume payments from DP,1/28/25,220.12h,241.05h,,,,,907.77h,291.93h,0.00h,0.00h,,,,,,10054.70h,
,PAYME-918,"(enabler) Analyze and describe changes needed in Bank components to store, manage and view all payments to/from DP",1/10/25,219.93h,403.83h,,,,,0.00h,600.28h,0.00h,0.00h,,,,,,10491.53h,
Production bug,PAYME-635,[ISO-exchange] Vulnerabilities,4/11/24,0.00h,0.00h,,66.48h,,,0.00h,644.70h,166.07h,154.15h,,,,,,17065.47h,