Issue key,Issue id,Parent id,Created,Resolved,Status,Priority,Due Date,Updated,Sprint,Sprint,Sprint,Sprint,Sprint,Sprint,Sprint,Sprint,Sprint,Sprint,Custom field (Story Points),Issue Type
PAYME-1820,3122870,,05.02.2026 13:33,,Open,Major,,23.03.2026 12:23,PLACEHOLDER - 2.1,,,,,,,,,,,Story
PAYME-1574,3046972,,04.12.2025 11:20,,Ready for Refinement,Major,,23.03.2026 12:21,PLACEHOLDER - 2.1,,,,,,,,,,,Story
PAYME-1573,3046954,,04.12.2025 11:04,,Ready for Refinement,Major,,23.03.2026 12:21,PLACEHOLDER - 2.1,,,,,,,,,,,Story
PAYME-1532,2973356,,16.10.2025 12:51,,Ready for Refinement,Major,,23.03.2026 12:21,PLACEHOLDER - 2.1,,,,,,,,,,3.0,Bug
PAYME-1375,2904791,,01.09.2025 13:49,,Investigation,Major,,23.03.2026 12:21,PLACEHOLDER - 2.1,,,,,,,,,,5.0,Story
PAYME-1373,2868315,,17.07.2025 15:28,,Ready for Refinement,Major,,23.03.2026 12:21,PLACEHOLDER - 2.1,,,,,,,,,,5.0,Bug
PAYME-1380,2854359,,03.07.2025 08:57,,In Development,Major,,23.03.2026 12:21,PLACEHOLDER - 2.1,,,,,,,,,,3.0,Story
PAYME-1819,3180892,,23.03.2026 12:08,,Open,Major,,23.03.2026 12:08,,,,,,,,,,,,Story
PAYME-1705,3025896,3002052,18.11.2025 21:47,23.03.2026 11:28,Done,Major,,23.03.2026 11:28,BPAY PI 2026:1.4-BPAY - ChillP,,,,,,,,,,1.0,Sub-task
PAYME-1818,3173345,,17.03.2026 13:58,20.03.2026 10:32,Done,Blocker,,23.03.2026 09:54,BPAY PI 2026:1.4-BPAY - ChillP,,,,,,,,,,2.0,Bug
PAYME-1781,3150557,,27.02.2026 13:15,,Investigation,Major,,23.03.2026 09:27,,,,,,,,,,,,Story
PAYME-1712,3117277,,02.02.2026 11:13,,Blocked,Major,,23.03.2026 08:34,BPAY PI 2026:1.1-BPAY - ChillP,BPAY PI 2026:1.2-BPAY - ChillP,BPAY PI 2026:1.3-BPAY - ChillP,BPAY PI 2026:1.4-BPAY - ChillP,,,,,,,5.0,Story
PAYME-1794,3117590,,02.02.2026 13:44,,In Development,Major,,23.03.2026 07:07,BPAY PI 2026:1.4-BPAY - ChillP,,,,,,,,,,,Story
PAYME-1812,3171866,,16.03.2026 15:10,,Open,Major,,20.03.2026 15:30,,,,,,,,,,,1.0,Story
PAYME-1747,3141166,,20.02.2026 10:42,,In Development,Critical,,20.03.2026 14:55,BPAY PI 2026:1.4-BPAY - ChillP,,,,,,,,,,,Story
PAYME-1803,3162950,3141166,10.03.2026 15:47,,In Development,Major,,20.03.2026 14:09,BPAY PI 2026:1.4-BPAY - ChillP,,,,,,,,,,,Sub-task
PAYME-1603,3057820,,15.12.2025 12:13,,In Development,Major,,20.03.2026 09:41,BPAY PI 2025:5.4-BPAY - ChillP,BPAY PI 2026:1.4-BPAY - ChillP,,,,,,,,,2.0,Story
PAYME-1742,3139583,,19.02.2026 10:12,,Ready for Refinement,Major,,20.03.2026 07:41,,,,,,,,,,,,Story
PAYME-1704,3025895,3002052,18.11.2025 21:46,,In Testing,Major,,19.03.2026 14:10,BPAY PI 2026:1.4-BPAY - ChillP,,,,,,,,,,,Sub-task
PAYME-1531,2942683,,23.09.2025 11:18,,Reopened,Major,,19.03.2026 14:09,BPAY PI 2026:1.4-BPAY - ChillP,,,,,,,,,,5.0,Story
PAYME-1775,3148958,,26.02.2026 13:46,17.03.2026 13:35,Done,Major,,19.03.2026 13:32,BPAY PI 2026:1.2-BPAY - ChillP,BPAY PI 2026:1.3-BPAY - ChillP,BPAY PI 2026:1.4-BPAY - ChillP,,,,,,,,3.0,Bug
PAYME-1743,3139887,,19.02.2026 11:33,19.03.2026 08:12,Done,Major,,19.03.2026 13:32,BPAY PI 2026:1.2-BPAY - ChillP,BPAY PI 2026:1.3-BPAY - ChillP,BPAY PI 2026:1.4-BPAY - ChillP,,,,,,,,3.0,Bug
PAYME-1808,3157544,,05.03.2026 14:05,18.03.2026 11:51,Done,Major,,19.03.2026 13:32,BPAY PI 2026:1.4-BPAY - ChillP,,,,,,,,,,2.0,Production bug
PAYME-1816,3173696,,17.03.2026 15:59,19.03.2026 10:07,Done,Major,,19.03.2026 13:32,BPAY PI 2026:1.4-BPAY - ChillP,,,,,,,,,,2.0,Production bug
PAYME-1795,3099947,,26.01.2026 15:40,18.03.2026 12:36,Done,Major,,19.03.2026 13:32,BPAY PI 2026:1.4-BPAY - ChillP,,,,,,,,,,3.0,Story
PAYME-1791,3152924,,03.03.2026 07:48,09.03.2026 09:23,Done,Major,,19.03.2026 13:32,BPAY PI 2026:1.3-BPAY - ChillP,,,,,,,,,,1.0,Story
PAYME-1758,3144859,,24.02.2026 12:31,17.03.2026 14:44,Done,Major,,19.03.2026 13:32,BPAY PI 2026:1.3-BPAY - ChillP,BPAY PI 2026:1.4-BPAY - ChillP,,,,,,,,,2.0,Bug
PAYME-1807,3167400,,12.03.2026 13:13,13.03.2026 16:37,Done,Critical,,19.03.2026 13:32,BPAY PI 2026:1.4-BPAY - ChillP,,,,,,,,,,2.0,Bug
PAYME-1817,3174106,,18.03.2026 08:24,19.03.2026 09:22,Done,Major,,19.03.2026 13:32,BPAY PI 2026:1.4-BPAY - ChillP,,,,,,,,,,2.0,Bug
PAYME-1805,3157528,,05.03.2026 13:59,17.03.2026 07:24,Done,Major,,19.03.2026 13:32,BPAY PI 2026:1.4-BPAY - ChillP,,,,,,,,,,2.0,Production bug
PAYME-1549,2995393,,04.11.2025 09:04,19.03.2026 12:34,Done,Major,,19.03.2026 12:34,BPAY PI 2025:5.3-BPAY - ChillP,BPAY PI 2025:5.4-BPAY - ChillP,BPAY PI 2026:1.1-BPAY - ChillP,BPAY PI 2026:1.2-BPAY - ChillP,BPAY PI 2026:1.3-BPAY - ChillP,BPAY PI 2026:1.4-BPAY - ChillP,,,,,1.0,Bug
PAYME-1778,3149318,,26.02.2026 15:27,,In Development,Critical,,19.03.2026 09:08,BPAY PI 2026:1.3-BPAY - ChillP,BPAY PI 2026:1.4-BPAY - ChillP,,,,,,,,,,Bug
PAYME-1815,3173528,,17.03.2026 14:48,19.03.2026 08:53,Done,Major,,19.03.2026 08:53,BPAY PI 2026:1.4-BPAY - ChillP,,,,,,,,,,3.0,Story
PAYME-1372,2868304,,17.07.2025 15:02,18.03.2026 14:43,Done,Major,,18.03.2026 14:43,BPAY PI 2025:5.4-BPAY - ChillP,BPAY PI 2026:1.2-BPAY - ChillP,BPAY PI 2026:1.3-BPAY - ChillP,BPAY PI 2026:1.4-BPAY - ChillP,,,,,,,8.0,Bug
PAYME-1804,3156173,,04.03.2026 16:08,,Ready for test,Major,,18.03.2026 13:36,BPAY PI 2026:1.4-BPAY - ChillP,,,,,,,,,,5.0,Story
PAYME-1796,3099628,,26.01.2026 15:11,,In Development,Major,,18.03.2026 09:37,BPAY PI 2026:1.4-BPAY - ChillP,,,,,,,,,,,Story
PAYME-1814,3172639,,17.03.2026 09:55,,Refined,Minor,,18.03.2026 09:35,BPAY PI 2026:1.4-BPAY - ChillP,,,,,,,,,,,Bug
PAYME-1802,3162949,3141166,10.03.2026 15:47,,Ready for test,Major,,17.03.2026 18:56,BPAY PI 2026:1.4-BPAY - ChillP,,,,,,,,,,2.0,Sub-task
PAYME-1801,3162948,3141166,10.03.2026 15:46,,Ready for test,Major,,17.03.2026 18:38,BPAY PI 2026:1.4-BPAY - ChillP,,,,,,,,,,3.0,Sub-task
PAYME-1811,3170908,,16.03.2026 09:54,16.03.2026 14:59,Done,Major,,17.03.2026 13:08,BPAY PI 2026:1.4-BPAY - ChillP,,,,,,,,,,1.0,Story
PAYME-1733,3138979,,18.02.2026 16:13,,Investigation,Major,,17.03.2026 07:10,,,,,,,,,,,,Story
PAYME-1748,3141363,,20.02.2026 11:51,,Investigation,Major,,17.03.2026 06:44,,,,,,,,,,,,Story
PAYME-1806,3167195,,12.03.2026 12:25,16.03.2026 14:45,Done,Major,,16.03.2026 14:45,BPAY PI 2026:1.4-BPAY - ChillP,,,,,,,,,,3.0,Production bug
PAYME-1799,3159012,,06.03.2026 12:38,,Investigation,Major,,16.03.2026 14:23,,,,,,,,,,,,Story
PAYME-1810,3170115,,13.03.2026 16:38,16.03.2026 14:21,Done,Critical,,16.03.2026 14:21,BPAY PI 2026:1.4-BPAY - ChillP,,,,,,,,,,2.0,Bug
PAYME-1788,3152435,2945468,02.03.2026 14:17,16.03.2026 10:04,Done,Major,,16.03.2026 10:04,BPAY PI 2026:1.2-BPAY - ChillP,BPAY PI 2026:1.3-BPAY - ChillP,BPAY PI 2026:1.4-BPAY - ChillP,,,,,,,,,Sub-task
PAYME-1448,2945449,,24.09.2025 14:50,05.03.2026 09:39,Done,Major,,16.03.2026 10:00,BPAY PI 2026:1.2-BPAY - ChillP,BPAY PI 2026:1.3-BPAY - ChillP,,,,,,,,,21.0,Story
PAYME-1499,2998963,,05.11.2025 14:30,26.02.2026 14:59,Done,Major,,16.03.2026 09:59,BPAY PI 2025:5.2-BPAY - ChillP,BPAY PI 2025:5.3-BPAY - ChillP,BPAY PI 2025:5.4-BPAY - ChillP,BPAY PI 2026:1.1-BPAY - ChillP,BPAY PI 2026:1.2-BPAY - ChillP,BPAY PI 2026:1.3-BPAY - ChillP,,,,,5.0,Story
PAYME-1785,3151746,,02.03.2026 10:19,,Investigation,Major,,16.03.2026 09:11,,,,,,,,,,,,Story
PAYME-1777,3149200,,26.02.2026 14:29,,Ready for Refinement,Major,,16.03.2026 09:10,,,,,,,,,,,,Story
PAYME-1793,3154723,,04.03.2026 08:26,,Ready for Refinement,Major,,16.03.2026 09:10,,,,,,,,,,,,Story
PAYME-1776,3148999,,26.02.2026 14:28,,Ready for Refinement,Major,,16.03.2026 09:07,,,,,,,,,,,,Story
PAYME-1783,3151403,,02.03.2026 08:17,,Ready for Refinement,Major,,16.03.2026 09:04,,,,,,,,,,,,Story
PAYME-1752,3143106,,23.02.2026 10:30,,Investigation,Major,,16.03.2026 09:04,,,,,,,,,,,,Story
PAYME-1734,3138980,,18.02.2026 16:15,,Investigation,Major,,16.03.2026 08:34,,,,,,,,,,,,Story
PAYME-1737,3139275,,19.02.2026 08:12,,Ready for Refinement,Major,,16.03.2026 08:09,,,,,,,,,,,,Story
PAYME-1601,3057439,,15.12.2025 09:59,12.03.2026 13:19,Done,Major,,12.03.2026 13:19,BPAY PI 2025:5.4-BPAY - ChillP,BPAY PI 2026:1.3-BPAY - ChillP,BPAY PI 2026:1.4-BPAY - ChillP,,,,,,,,3.0,Story
PAYME-1691,3094427,,23.01.2026 14:18,,Ready for Refinement,Major,,12.03.2026 13:15,,,,,,,,,,,1.0,Bug
PAYME-1800,3160761,,09.03.2026 12:56,12.03.2026 13:03,Done,Major,,12.03.2026 13:03,,,,,,,,,,,,Story
PAYME-1703,3025894,3002052,18.11.2025 21:45,,In Development,Major,,12.03.2026 12:37,BPAY PI 2026:1.4-BPAY - ChillP,,,,,,,,,,,Sub-task
PAYME-1706,3025897,3002052,18.11.2025 21:48,12.03.2026 11:06,Done,Major,,12.03.2026 11:06,BPAY PI 2026:1.4-BPAY - ChillP,,,,,,,,,,,Sub-task
PAYME-1547,2877799,,05.08.2025 14:44,12.03.2026 09:43,Done,Major,,12.03.2026 09:43,BPAY PI 2025:5.4-BPAY - ChillP,BPAY PI 2026:1.2-BPAY - ChillP,BPAY PI 2026:1.3-BPAY - ChillP,BPAY PI 2026:1.4-BPAY - ChillP,,,,,,,3.0,Story
PAYME-1673,3085375,,19.01.2026 13:45,12.03.2026 08:28,Done,Major,,12.03.2026 08:28,BPAY PI 2026:1.2-BPAY - ChillP,BPAY PI 2026:1.3-BPAY - ChillP,BPAY PI 2026:1.4-BPAY - ChillP,,,,,,,,,Task
PAYME-1750,3141799,,20.02.2026 13:53,,ON-HOLD testing,Major,,11.03.2026 15:32,BPAY PI 2026:1.3-BPAY - ChillP,BPAY PI 2026:1.4-BPAY - ChillP,,,,,,,,,,Story
PAYME-1772,3147172,,25.02.2026 15:57,,ON-HOLD testing,Major,,11.03.2026 15:32,BPAY PI 2026:1.3-BPAY - ChillP,BPAY PI 2026:1.4-BPAY - ChillP,,,,,,,,,2.0,Story
PAYME-1449,2945468,,24.09.2025 14:58,,ON-HOLD testing,Major,,11.03.2026 15:32,BPAY PI 2026:1.2-BPAY - ChillP,BPAY PI 2026:1.3-BPAY - ChillP,BPAY PI 2026:1.4-BPAY - ChillP,,,,,,,,34.0,Story
PAYME-1651,3078542,,14.01.2026 09:21,,ON-HOLD testing,Major,,11.03.2026 15:32,BPAY PI 2026:1.3-BPAY - ChillP,BPAY PI 2026:1.4-BPAY - ChillP,,,,,,,,,1.0,Story
PAYME-1602,3057445,,15.12.2025 10:01,,ON-HOLD testing,Major,,11.03.2026 15:32,BPAY PI 2025:5.4-BPAY - ChillP,BPAY PI 2026:1.3-BPAY - ChillP,BPAY PI 2026:1.4-BPAY - ChillP,,,,,,,,,Story
PAYME-1389,2874509,,30.07.2025 15:03,21.01.2026 10:34,Done,Major,,11.03.2026 13:59,BPAY PI 2025:4.4-BPAY - ChillP,BPAY PI 2025:5.1-BPAY - ChillP,BPAY PI 2025:5.2-BPAY - ChillP,BPAY PI 2025:5.3-BPAY - ChillP,BPAY PI 2025:5.4-BPAY - ChillP,,,,,,8.0,Story
PAYME-1650,3077958,,13.01.2026 15:28,02.03.2026 12:29,Done,Major,,11.03.2026 13:59,BPAY PI 2025:5.4-BPAY - ChillP,BPAY PI 2026:1.1-BPAY - ChillP,BPAY PI 2026:1.2-BPAY - ChillP,BPAY PI 2026:1.3-BPAY - ChillP,,,,,,,13.0,Story
PAYME-1530,2937729,,17.09.2025 14:47,10.03.2026 11:55,Done,Major,,10.03.2026 11:55,BPAY PI 2026:1.3-BPAY - ChillP,,,,,,,,,,3.0,Story
PAYME-1546,2696419,,05.03.2025 14:25,09.03.2026 15:17,Done,Major,,09.03.2026 15:17,BPAY PI 2025:2.2-BPAY - ChillP,BPAY PI 2025:2.3-BPAY - ChillP,BPAY PI 2025:2.4-BPAY - ChillP,BPAY PI 2025:2.5-BPAY - ChillP,BPAY PI 2025:5.3-BPAY - ChillP,BPAY PI 2025:5.4-BPAY - ChillP,BPAY PI 2026:1.1-BPAY - ChillP,BPAY PI 2026:1.2-BPAY - ChillP,BPAY PI 2026:1.3-BPAY - ChillP,,3.0,Story
PAYME-1718,3126288,,09.02.2026 15:25,18.02.2026 15:06,Done,Major,,09.03.2026 08:30,BPAY PI 2026:1.2-BPAY - ChillP,,,,,,,,,,1.0,Bug
PAYME-1553,2937736,,17.09.2025 14:57,06.03.2026 14:18,Done,Major,,06.03.2026 14:18,BPAY PI 2025:5.4-BPAY - ChillP,BPAY PI 2026:1.1-BPAY - ChillP,BPAY PI 2026:1.2-BPAY - ChillP,BPAY PI 2026:1.3-BPAY - ChillP,,,,,,,1.0,Story
PAYME-1708,3101131,,27.01.2026 08:43,06.03.2026 13:56,Done,Major,,06.03.2026 13:56,BPAY PI 2026:1.2-BPAY - ChillP,BPAY PI 2026:1.3-BPAY - ChillP,,,,,,,,,2.0,Story
PAYME-1707,3101128,,27.01.2026 08:42,06.03.2026 13:56,Done,Major,,06.03.2026 13:56,BPAY PI 2026:1.2-BPAY - ChillP,BPAY PI 2026:1.3-BPAY - ChillP,,,,,,,,,2.0,Story
PAYME-1798,3158786,,06.03.2026 12:08,,Open,Major,,06.03.2026 12:08,,,,,,,,,,,,Story
PAYME-1797,3158747,,06.03.2026 11:13,,Open,Major,,06.03.2026 11:13,,,,,,,,,,,,Story
PAYME-1792,3153165,,03.03.2026 09:26,,Ready for Refinement,Major,,06.03.2026 08:47,,,,,,,,,,,,Story
PAYME-1722,3128114,2945468,10.02.2026 15:15,,ON-HOLD testing,Major,,05.03.2026 13:30,BPAY PI 2026:1.2-BPAY - ChillP,BPAY PI 2026:1.3-BPAY - ChillP,BPAY PI 2026:1.4-BPAY - ChillP,,,,,,,,,Sub-task
PAYME-1735,3138984,,18.02.2026 16:15,,Ready for Refinement,Major,,05.03.2026 07:39,,,,,,,,,,,,Story
PAYME-1727,3133881,2945449,13.02.2026 14:07,04.03.2026 15:35,Done,Major,,04.03.2026 15:35,BPAY PI 2026:1.2-BPAY - ChillP,BPAY PI 2026:1.3-BPAY - ChillP,,,,,,,,,,Bug Sub-Task
PAYME-1769,3146898,,25.02.2026 15:03,04.03.2026 15:24,Done,Major,,04.03.2026 15:24,BPAY PI 2026:1.3-BPAY - ChillP,,,,,,,,,,3.0,Bug
PAYME-1720,3127244,2945449,10.02.2026 10:29,04.03.2026 14:39,Done,Major,,04.03.2026 14:39,BPAY PI 2026:1.2-BPAY - ChillP,BPAY PI 2026:1.3-BPAY - ChillP,,,,,,,,,,Bug Sub-Task
PAYME-1633,3069146,2945449,05.01.2026 15:30,04.03.2026 14:23,Done,Major,,04.03.2026 14:23,BPAY PI 2026:1.2-BPAY - ChillP,BPAY PI 2026:1.3-BPAY - ChillP,,,,,,,,,,Bug Sub-Task
PAYME-1610,3065394,2945449,22.12.2025 14:03,04.03.2026 13:59,Done,Major,,04.03.2026 13:59,BPAY PI 2026:1.2-BPAY - ChillP,BPAY PI 2026:1.3-BPAY - ChillP,,,,,,,,,,Sub-task
PAYME-1786,3152250,,02.03.2026 13:09,04.03.2026 11:37,Done,Major,,04.03.2026 11:37,BPAY PI 2026:1.3-BPAY - ChillP,,,,,,,,,,2.0,Bug
PAYME-1334,2882714,2868932,12.08.2025 13:14,07.09.2025 09:01,Done,Major,,04.03.2026 11:34,BPAY PI 2025:3.3-BPAY - ChillP,BPAY PI 2025:3.4-BPAY - ChillP,BPAY PI 2025:3.5-BPAY - ChillP,,,,,,,,,Sub-task
PAYME-1779,3149477,,27.02.2026 08:51,04.03.2026 11:02,Done,Critical,,04.03.2026 11:02,BPAY PI 2026:1.3-BPAY - ChillP,,,,,,,,,,3.0,Bug
PAYME-1515,3010946,,12.11.2025 12:38,04.03.2026 08:29,Done,Major,,04.03.2026 08:32,BPAY PI 2025:5.4-BPAY - ChillP,BPAY PI 2026:1.2-BPAY - ChillP,BPAY PI 2026:1.3-BPAY - ChillP,,,,,,,,13.0,Story
PAYME-1716,3120457,,04.02.2026 10:11,03.03.2026 14:39,Done,Critical,,03.03.2026 14:39,BPAY PI 2026:1.2-BPAY - ChillP,BPAY PI 2026:1.3-BPAY - ChillP,,,,,,,,,3.0,Bug
PAYME-1678,3020577,,17.11.2025 11:03,,Refined,Major,,03.03.2026 14:27,BPAY PI 2026:1.4-BPAY - ChillP,,,,,,,,,,,Story
PAYME-1698,3104722,,27.01.2026 12:53,10.02.2026 09:05,Done,Major,,03.03.2026 13:56,BPAY PI 2026:1.1-BPAY - ChillP,BPAY PI 2026:1.3-BPAY - ChillP,,,,,,,,,3.0,Story
PAYME-1697,3104715,,27.01.2026 12:52,02.02.2026 12:15,Done,Major,,03.03.2026 13:56,BPAY PI 2026:1.1-BPAY - ChillP,BPAY PI 2026:1.3-BPAY - ChillP,,,,,,,,,2.0,Story
PAYME-1759,3145069,,24.02.2026 13:17,27.02.2026 13:36,Done,Major,,03.03.2026 13:56,BPAY PI 2026:1.2-BPAY - ChillP,BPAY PI 2026:1.3-BPAY - ChillP,,,,,,,,,2.0,Bug
PAYME-1787,3152296,2945449,02.03.2026 13:49,03.03.2026 11:00,Done,Major,,03.03.2026 11:00,BPAY PI 2026:1.2-BPAY - ChillP,BPAY PI 2026:1.3-BPAY - ChillP,,,,,,,,,,Sub-task
PAYME-1765,3146862,2945468,25.02.2026 14:19,03.03.2026 10:40,Done,Major,,03.03.2026 10:40,BPAY PI 2026:1.2-BPAY - ChillP,BPAY PI 2026:1.3-BPAY - ChillP,BPAY PI 2026:1.4-BPAY - ChillP,,,,,,,,,Sub-task
PAYME-1763,3146931,2945468,25.02.2026 13:50,03.03.2026 10:16,Done,Major,,03.03.2026 10:16,BPAY PI 2026:1.2-BPAY - ChillP,BPAY PI 2026:1.3-BPAY - ChillP,BPAY PI 2026:1.4-BPAY - ChillP,,,,,,,,,Sub-task
PAYME-1766,3146870,2945449,25.02.2026 14:30,02.03.2026 15:32,Done,Major,,03.03.2026 09:13,BPAY PI 2026:1.2-BPAY - ChillP,BPAY PI 2026:1.3-BPAY - ChillP,,,,,,,,,,Sub-task
PAYME-1768,3146892,2945468,25.02.2026 14:57,03.03.2026 09:02,Done,Major,,03.03.2026 09:02,BPAY PI 2026:1.2-BPAY - ChillP,BPAY PI 2026:1.3-BPAY - ChillP,BPAY PI 2026:1.4-BPAY - ChillP,,,,,,,,,Sub-task
PAYME-1767,3146877,2945468,25.02.2026 14:38,02.03.2026 14:57,Done,Major,,02.03.2026 15:04,BPAY PI 2026:1.2-BPAY - ChillP,BPAY PI 2026:1.3-BPAY - ChillP,BPAY PI 2026:1.4-BPAY - ChillP,,,,,,,,,Sub-task
PAYME-1771,3147212,2945468,25.02.2026 15:12,02.03.2026 14:22,Done,Major,,02.03.2026 14:22,BPAY PI 2026:1.2-BPAY - ChillP,BPAY PI 2026:1.3-BPAY - ChillP,BPAY PI 2026:1.4-BPAY - ChillP,,,,,,,,,Sub-task
PAYME-1770,3147201,2945449,25.02.2026 15:05,02.03.2026 13:46,Done,Major,,02.03.2026 13:46,BPAY PI 2026:1.2-BPAY - ChillP,BPAY PI 2026:1.3-BPAY - ChillP,,,,,,,,,,Sub-task
PAYME-1714,3119041,,03.02.2026 11:11,,Investigation,Major,,02.03.2026 08:49,,,,,,,,,,,3.0,Production bug
PAYME-1382,2850429,,30.06.2025 08:33,02.03.2026 08:48,Done,Major,,02.03.2026 08:48,BPAY PI 2025:4.3-BPAY - ChillP,BPAY PI 2025:4.4-BPAY - ChillP,BPAY PI 2025:5.1-BPAY - ChillP,BPAY PI 2025:5.2-BPAY - ChillP,BPAY PI 2025:5.3-BPAY - ChillP,BPAY PI 2025:5.4-BPAY - ChillP,BPAY PI 2026:1.1-BPAY - ChillP,BPAY PI 2026:1.2-BPAY - ChillP,BPAY PI 2026:1.3-BPAY - ChillP,,1.0,Story
PAYME-1500,3000836,2850429,06.11.2025 11:32,02.03.2026 08:47,Done,Major,,02.03.2026 08:47,BPAY PI 2025:4.3-BPAY - ChillP,BPAY PI 2025:4.4-BPAY - ChillP,BPAY PI 2025:5.1-BPAY - ChillP,BPAY PI 2025:5.2-BPAY - ChillP,BPAY PI 2025:5.3-BPAY - ChillP,BPAY PI 2025:5.4-BPAY - ChillP,BPAY PI 2026:1.1-BPAY - ChillP,BPAY PI 2026:1.2-BPAY - ChillP,BPAY PI 2026:1.3-BPAY - ChillP,,2.0,Bug Sub-Task
PAYME-1724,3128747,,11.02.2026 09:45,27.02.2026 10:59,Done,Major,,27.02.2026 10:59,BPAY PI 2026:1.3-BPAY - ChillP,,,,,,,,,,1.0,Bug
PAYME-635,2258859,,28.02.2024 11:31,11.04.2024 11:58,Done,Major,,27.02.2026 08:35,,,,,,,,,,,3.0,Production bug
PAYME-1760,3146257,,25.02.2026 10:41,27.02.2026 08:04,Done,Major,,27.02.2026 08:04,BPAY PI 2026:1.3-BPAY - ChillP,,,,,,,,,,1.0,Bug
PAYME-1493,2992649,2874509,31.10.2025 10:28,10.12.2025 14:19,Done,Major,,25.02.2026 15:37,BPAY PI 2025:4.4-BPAY - ChillP,BPAY PI 2025:5.1-BPAY - ChillP,BPAY PI 2025:5.2-BPAY - ChillP,BPAY PI 2025:5.3-BPAY - ChillP,BPAY PI 2025:5.4-BPAY - ChillP,,,,,,,Sub-task
PAYME-1754,3143728,,23.02.2026 13:53,25.02.2026 15:12,Done,Major,,25.02.2026 15:12,BPAY PI 2026:1.2-BPAY - ChillP,,,,,,,,,,1.0,Bug
PAYME-1764,3146784,,25.02.2026 13:58,,Ready for Refinement,Minor,,25.02.2026 14:06,,,,,,,,,,,,Production bug
PAYME-1545,2877783,,05.08.2025 14:20,25.02.2026 13:25,Done,Major,,25.02.2026 13:25,BPAY PI 2025:5.3-BPAY - ChillP,BPAY PI 2025:5.4-BPAY - ChillP,BPAY PI 2026:1.2-BPAY - ChillP,,,,,,,,3.0,Story
PAYME-1717,3123472,,06.02.2026 08:47,24.02.2026 13:12,Done,Major,,25.02.2026 13:02,BPAY PI 2026:1.1-BPAY - ChillP,BPAY PI 2026:1.2-BPAY - ChillP,,,,,,,,,8.0,Bug
PAYME-1757,3144830,,24.02.2026 11:27,24.02.2026 14:18,Done,Major,,25.02.2026 13:01,BPAY PI 2026:1.2-BPAY - ChillP,,,,,,,,,,1.0,Production bug
PAYME-1732,3138902,,18.02.2026 14:20,23.02.2026 10:38,Done,Major,,25.02.2026 13:00,BPAY PI 2026:1.2-BPAY - ChillP,,,,,,,,,,2.0,Bug
PAYME-1729,3136552,,17.02.2026 10:12,19.02.2026 13:16,Done,Major,,25.02.2026 12:59,BPAY PI 2026:1.2-BPAY - ChillP,,,,,,,,,,1.0,Bug
PAYME-1755,3143761,,23.02.2026 14:39,25.02.2026 11:16,Done,Major,,25.02.2026 11:16,BPAY PI 2026:1.2-BPAY - ChillP,,,,,,,,,,1.0,Story
PAYME-1751,3139929,,19.02.2026 11:18,25.02.2026 09:56,Done,Major,,25.02.2026 09:56,BPAY PI 2026:1.2-BPAY - ChillP,,,,,,,,,,2.0,Bug
PAYME-1715,3120454,2968247,04.02.2026 10:02,20.02.2026 12:15,Done,Major,,24.02.2026 13:33,BPAY PI 2025:5.3-BPAY - ChillP,BPAY PI 2025:5.4-BPAY - ChillP,BPAY PI 2026:1.1-BPAY - ChillP,BPAY PI 2026:1.2-BPAY - ChillP,,,,,,,,Bug Sub-Task
PAYME-1406,2937081,,17.09.2025 11:19,24.02.2026 13:16,Done,Major,,24.02.2026 13:16,BPAY PI 2025:4.3-BPAY - ChillP,BPAY PI 2025:4.4-BPAY - ChillP,BPAY PI 2025:5.1-BPAY - ChillP,BPAY PI 2025:5.2-BPAY - ChillP,BPAY PI 2025:5.3-BPAY - ChillP,BPAY PI 2025:5.4-BPAY - ChillP,BPAY PI 2026:1.1-BPAY - ChillP,BPAY PI 2026:1.2-BPAY - ChillP,,,5.0,Story
PAYME-1688,3094127,,23.01.2026 13:11,24.02.2026 13:13,Done,Blocker,,24.02.2026 13:13,BPAY PI 2025:5.4-BPAY - ChillP,BPAY PI 2026:1.1-BPAY - ChillP,BPAY PI 2026:1.2-BPAY - ChillP,,,,,,,,5.0,Bug
PAYME-1687,3094074,,23.01.2026 12:26,19.02.2026 09:15,Done,Major,,24.02.2026 12:31,BPAY PI 2025:5.4-BPAY - ChillP,BPAY PI 2026:1.1-BPAY - ChillP,BPAY PI 2026:1.2-BPAY - ChillP,,,,,,,,5.0,Bug
PAYME-1053,2690950,,28.02.2025 09:09,24.09.2025 15:34,Done,Major,,24.02.2026 10:31,BPAY PI 2025:2.4-BPAY - ChillP,BPAY PI 2025:4.1-BPAY - ChillP,,,,,,,,,5.0,Story
PAYME-1702,3002052,,07.11.2025 09:04,,Open,Major,,24.02.2026 08:26,BPAY PI 2026:1.4-BPAY - ChillP,,,,,,,,,,,Story
PAYME-1723,3128634,2937081,11.02.2026 09:05,23.02.2026 14:50,Done,Major,,23.02.2026 14:50,BPAY PI 2025:4.3-BPAY - ChillP,BPAY PI 2025:4.4-BPAY - ChillP,BPAY PI 2025:5.1-BPAY - ChillP,BPAY PI 2025:5.2-BPAY - ChillP,BPAY PI 2025:5.3-BPAY - ChillP,BPAY PI 2025:5.4-BPAY - ChillP,BPAY PI 2026:1.1-BPAY - ChillP,BPAY PI 2026:1.2-BPAY - ChillP,,,,Bug Sub-Task
PAYME-1578,3048891,2998963,05.12.2025 14:10,14.01.2026 14:31,Done,Major,,23.02.2026 14:39,BPAY PI 2025:5.2-BPAY - ChillP,BPAY PI 2025:5.3-BPAY - ChillP,BPAY PI 2025:5.4-BPAY - ChillP,BPAY PI 2026:1.1-BPAY - ChillP,BPAY PI 2026:1.2-BPAY - ChillP,BPAY PI 2026:1.3-BPAY - ChillP,,,,,,Sub-task
PAYME-1492,2968247,,13.10.2025 11:45,23.02.2026 13:01,Done,Major,,23.02.2026 13:01,BPAY PI 2025:5.3-BPAY - ChillP,BPAY PI 2025:5.4-BPAY - ChillP,BPAY PI 2026:1.1-BPAY - ChillP,BPAY PI 2026:1.2-BPAY - ChillP,,,,,,,5.0,Story
PAYME-1746,3140773,,20.02.2026 08:59,23.02.2026 08:03,Done,Major,,23.02.2026 08:06,BPAY PI 2025:5.3-BPAY - ChillP,BPAY PI 2025:5.4-BPAY - ChillP,BPAY PI 2026:1.1-BPAY - ChillP,BPAY PI 2026:1.2-BPAY - ChillP,,,,,,,1.0,Bug
PAYME-1147,2762624,,17.04.2025 16:13,24.09.2025 15:34,Done,Major,,20.02.2026 14:14,BPAY PI 2025:2.3-BPAY - ChillP,BPAY PI 2025:2.4-BPAY - ChillP,BPAY PI 2025:3.5-BPAY - ChillP,BPAY PI 2025:4.3-BPAY - ChillP,,,,,,,3.0,Story
PAYME-1514,2950783,,29.09.2025 16:03,17.02.2026 13:52,Done,Major,,20.02.2026 13:17,BPAY PI 2025:5.3-BPAY - ChillP,BPAY PI 2025:5.4-BPAY - ChillP,BPAY PI 2026:1.1-BPAY - ChillP,BPAY PI 2026:1.2-BPAY - ChillP,,,,,,,5.0,Story
PAYME-1726,3130849,,12.02.2026 09:36,,Refined,Minor,,20.02.2026 08:54,,,,,,,,,,,,Bug
PAYME-1721,3127299,,10.02.2026 11:39,,Ready for Refinement,Major,,20.02.2026 08:53,,,,,,,,,,,,Production bug
PAYME-1731,3137092,,17.02.2026 14:12,20.02.2026 08:50,Done,Major,,20.02.2026 08:50,BPAY PI 2026:1.2-BPAY - ChillP,,,,,,,,,,1.0,Bug
PAYME-1652,3081740,,15.01.2026 11:45,19.02.2026 11:52,Done,Major,,19.02.2026 11:52,BPAY PI 2026:1.1-BPAY - ChillP,BPAY PI 2026:1.2-BPAY - ChillP,,,,,,,,,2.0,Bug
PAYME-1383,2904844,,01.09.2025 13:34,19.02.2026 11:51,Done,Major,,19.02.2026 11:51,BPAY PI 2025:4.2-BPAY - ChillP,BPAY PI 2025:4.3-BPAY - ChillP,BPAY PI 2025:4.4-BPAY - ChillP,BPAY PI 2025:5.2-BPAY - ChillP,BPAY PI 2025:5.3-BPAY - ChillP,BPAY PI 2025:5.4-BPAY - ChillP,BPAY PI 2026:1.1-BPAY - ChillP,BPAY PI 2026:1.2-BPAY - ChillP,,,8.0,Story
PAYME-1648,3076579,,13.01.2026 09:43,02.02.2026 14:32,Done,Major,,19.02.2026 08:47,BPAY PI 2026:1.1-BPAY - ChillP,,,,,,,,,,2.0,Story
PAYME-1713,3118522,2904844,03.02.2026 08:53,17.02.2026 15:54,Done,Major,,17.02.2026 15:54,BPAY PI 2025:4.2-BPAY - ChillP,BPAY PI 2025:4.3-BPAY - ChillP,BPAY PI 2025:4.4-BPAY - ChillP,BPAY PI 2025:5.2-BPAY - ChillP,BPAY PI 2025:5.3-BPAY - ChillP,BPAY PI 2025:5.4-BPAY - ChillP,BPAY PI 2026:1.1-BPAY - ChillP,BPAY PI 2026:1.2-BPAY - ChillP,,,,Sub-task
PAYME-1699,3104725,,27.01.2026 12:53,02.02.2026 14:33,Done,Major,,17.02.2026 09:42,BPAY PI 2026:1.1-BPAY - ChillP,BPAY PI 2026:1.2-BPAY - ChillP,,,,,,,,,2.0,Story
PAYME-1711,3116476,2968247,30.01.2026 16:38,16.02.2026 12:20,Done,Major,,16.02.2026 12:20,BPAY PI 2025:5.3-BPAY - ChillP,BPAY PI 2025:5.4-BPAY - ChillP,BPAY PI 2026:1.1-BPAY - ChillP,BPAY PI 2026:1.2-BPAY - ChillP,,,,,,,,Bug Sub-Task
PAYME-1642,3073702,2945449,09.01.2026 11:55,13.02.2026 14:33,Done,Major,,13.02.2026 14:33,BPAY PI 2026:1.2-BPAY - ChillP,BPAY PI 2026:1.3-BPAY - ChillP,,,,,,,,,,Bug Sub-Task
PAYME-1622,3067350,2945449,30.12.2025 13:33,13.02.2026 14:13,Done,Major,,13.02.2026 14:13,BPAY PI 2026:1.2-BPAY - ChillP,BPAY PI 2026:1.3-BPAY - ChillP,,,,,,,,,,Bug Sub-Task
PAYME-1624,3067299,2945449,30.12.2025 14:37,13.02.2026 14:09,Done,Major,,13.02.2026 14:09,BPAY PI 2026:1.2-BPAY - ChillP,BPAY PI 2026:1.3-BPAY - ChillP,,,,,,,,,,Bug Sub-Task
PAYME-1623,3067293,2945449,30.12.2025 14:23,13.02.2026 14:08,Done,Major,,13.02.2026 14:08,BPAY PI 2026:1.2-BPAY - ChillP,BPAY PI 2026:1.3-BPAY - ChillP,,,,,,,,,,Sub-task
PAYME-1666,3084396,,19.01.2026 09:17,13.02.2026 12:25,Done,Major,,13.02.2026 12:25,BPAY PI 2025:5.4-BPAY - ChillP,BPAY PI 2026:1.1-BPAY - ChillP,BPAY PI 2026:1.2-BPAY - ChillP,,,,,,,,2.0,Bug
PAYME-1700,3104728,,27.01.2026 12:54,02.02.2026 08:41,Done,Major,,12.02.2026 08:55,BPAY PI 2026:1.2-BPAY - ChillP,,,,,,,,,,2.0,Story
PAYME-1680,3088763,,21.01.2026 10:23,30.01.2026 09:29,Done,Major,,12.02.2026 08:55,BPAY PI 2025:5.4-BPAY - ChillP,BPAY PI 2026:1.2-BPAY - ChillP,,,,,,,,,0.0,Story
PAYME-1710,3115553,,30.01.2026 10:49,10.02.2026 15:48,Done,Major,,10.02.2026 15:48,BPAY PI 2026:1.1-BPAY - ChillP,,,,,,,,,,3.0,Bug
PAYME-1504,3000853,,06.11.2025 11:47,22.12.2025 13:08,Done,Major,,09.02.2026 16:06,BPAY PI 2025:5.1-BPAY - ChillP,BPAY PI 2025:5.2-BPAY - ChillP,BPAY PI 2025:5.3-BPAY - ChillP,,,,,,,,3.0,Story
PAYME-1451,2814232,,04.06.2025 11:54,23.12.2025 13:06,Done,Major,,09.02.2026 16:06,BPAY PI 2025:4.3-BPAY - ChillP,BPAY PI 2025:4.4-BPAY - ChillP,BPAY PI 2025:5.1-BPAY - ChillP,BPAY PI 2025:5.2-BPAY - ChillP,BPAY PI 2025:5.3-BPAY - ChillP,,,,,,3.0,Story
PAYME-1564,3038682,,27.11.2025 12:54,22.12.2025 12:50,Done,Major,,09.02.2026 16:05,BPAY PI 2025:5.1-BPAY - ChillP,BPAY PI 2025:5.2-BPAY - ChillP,BPAY PI 2025:5.3-BPAY - ChillP,,,,,,,,1.0,Bug
PAYME-1512,2950296,,29.09.2025 14:25,16.01.2026 14:06,Done,Major,,09.02.2026 16:05,BPAY PI 2025:4.5-BPAY - ChillP,BPAY PI 2025:5.1-BPAY - ChillP,BPAY PI 2025:5.2-BPAY - ChillP,BPAY PI 2025:5.3-BPAY - ChillP,BPAY PI 2025:5.4-BPAY - ChillP,,,,,,5.0,Story
PAYME-1477,2975319,,17.10.2025 14:44,24.10.2025 07:44,Done,Major,,09.02.2026 16:05,BPAY PI 2025:4.4-BPAY - ChillP,,,,,,,,,,1.0,Story
PAYME-1495,2994892,,03.11.2025 16:07,28.11.2025 10:28,Done,Major,,09.02.2026 16:05,BPAY PI 2025:5.1-BPAY - ChillP,,,,,,,,,,1.0,Story
PAYME-1580,3050832,,08.12.2025 13:47,09.12.2025 14:52,Done,Major,,09.02.2026 16:05,BPAY PI 2025:5.2-BPAY - ChillP,,,,,,,,,,3.0,Story
PAYME-1452,2850930,,30.06.2025 10:32,18.12.2025 12:19,Done,Major,,09.02.2026 16:05,BPAY PI 2025:4.4-BPAY - ChillP,BPAY PI 2025:5.1-BPAY - ChillP,BPAY PI 2025:5.2-BPAY - ChillP,BPAY PI 2025:5.3-BPAY - ChillP,,,,,,,8.0,Story
PAYME-1683,3092079,,22.01.2026 13:27,29.01.2026 15:09,Done,Major,,09.02.2026 16:05,BPAY PI 2025:5.4-BPAY - ChillP,BPAY PI 2026:1.1-BPAY - ChillP,,,,,,,,,1.0,Bug
PAYME-1390,2914281,,05.09.2025 15:07,23.12.2025 14:26,Done,Major,,09.02.2026 16:05,BPAY PI 2025:4.2-BPAY - ChillP,BPAY PI 2025:4.3-BPAY - ChillP,BPAY PI 2025:4.4-BPAY - ChillP,BPAY PI 2025:5.2-BPAY - ChillP,BPAY PI 2025:5.3-BPAY - ChillP,,,,,,3.0,Story
PAYME-1392,2875374,,31.07.2025 16:52,27.09.2025 08:55,Done,Major,,09.02.2026 16:05,BPAY PI 2025:4.1-BPAY - ChillP,BPAY PI 2025:4.2-BPAY - ChillP,,,,,,,,,3.0,Story
PAYME-1455,2813123,,03.06.2025 16:13,22.12.2025 12:52,Done,Major,,09.02.2026 16:05,BPAY PI 2025:4.2-BPAY - ChillP,BPAY PI 2025:4.3-BPAY - ChillP,BPAY PI 2025:4.4-BPAY - ChillP,BPAY PI 2025:5.1-BPAY - ChillP,BPAY PI 2025:5.2-BPAY - ChillP,BPAY PI 2025:5.3-BPAY - ChillP,,,,,8.0,Story
PAYME-1641,3073379,,09.01.2026 10:51,23.01.2026 12:04,Done,Major,,09.02.2026 16:05,BPAY PI 2025:5.3-BPAY - ChillP,BPAY PI 2025:5.4-BPAY - ChillP,,,,,,,,,3.0,Story
PAYME-1634,3069595,,06.01.2026 15:15,15.01.2026 13:42,Done,Major,,09.02.2026 16:05,BPAY PI 2025:4.3-BPAY - ChillP,BPAY PI 2025:4.4-BPAY - ChillP,BPAY PI 2025:5.2-BPAY - ChillP,BPAY PI 2025:5.3-BPAY - ChillP,BPAY PI 2025:5.4-BPAY - ChillP,,,,,,1.0,Bug
PAYME-1391,2914527,,05.09.2025 15:18,14.01.2026 09:36,Done,Major,,09.02.2026 16:05,BPAY PI 2025:4.3-BPAY - ChillP,BPAY PI 2025:4.4-BPAY - ChillP,BPAY PI 2025:5.3-BPAY - ChillP,,,,,,,,3.0,Story
PAYME-1562,3035597,,25.11.2025 13:20,11.12.2025 09:02,Done,Major,,09.02.2026 16:05,BPAY PI 2025:5.1-BPAY - ChillP,BPAY PI 2025:5.2-BPAY - ChillP,,,,,,,,,5.0,Story
PAYME-1454,2914532,,05.09.2025 15:24,28.11.2025 11:56,Done,Major,,09.02.2026 16:05,BPAY PI 2025:4.4-BPAY - ChillP,BPAY PI 2025:5.1-BPAY - ChillP,,,,,,,,,1.0,Story
PAYME-1517,3016505,,13.11.2025 14:40,14.11.2025 11:50,Done,Major,,09.02.2026 16:05,BPAY PI 2025:4.5-BPAY - ChillP,,,,,,,,,,3.0,Story
PAYME-1609,3065363,,22.12.2025 13:28,08.01.2026 13:08,Done,Major,,09.02.2026 16:05,BPAY PI 2025:5.3-BPAY - ChillP,,,,,,,,,,2.0,Bug
PAYME-1456,2926548,,10.09.2025 09:28,06.01.2026 15:21,Done,Major,,09.02.2026 16:05,BPAY PI 2025:4.2-BPAY - ChillP,BPAY PI 2025:4.3-BPAY - ChillP,BPAY PI 2025:4.4-BPAY - ChillP,BPAY PI 2025:5.1-BPAY - ChillP,BPAY PI 2025:5.2-BPAY - ChillP,BPAY PI 2025:5.3-BPAY - ChillP,,,,,5.0,Story
PAYME-1384,2879274,,07.08.2025 11:38,14.01.2026 09:52,Done,Major,,09.02.2026 16:05,BPAY PI 2025:4.3-BPAY - ChillP,BPAY PI 2025:4.4-BPAY - ChillP,BPAY PI 2025:5.1-BPAY - ChillP,BPAY PI 2025:5.2-BPAY - ChillP,BPAY PI 2025:5.3-BPAY - ChillP,,,,,,3.0,Story
PAYME-1618,3065758,,23.12.2025 09:56,06.01.2026 09:15,Done,Major,,09.02.2026 16:05,BPAY PI 2025:5.3-BPAY - ChillP,,,,,,,,,,1.0,Bug
PAYME-1577,3048697,,05.12.2025 11:43,16.01.2026 14:23,Done,Major,,09.02.2026 16:05,BPAY PI 2025:5.3-BPAY - ChillP,BPAY PI 2025:5.4-BPAY - ChillP,,,,,,,,,3.0,Story
PAYME-1621,3067080,,30.12.2025 12:47,16.01.2026 14:23,Done,Major,,09.02.2026 16:05,BPAY PI 2025:5.3-BPAY - ChillP,BPAY PI 2025:5.4-BPAY - ChillP,,,,,,,,,3.0,Story
PAYME-1538,3028600,,19.11.2025 13:49,,Done,Major,,09.02.2026 16:05,BPAY PI 2025:5.1-BPAY - ChillP,BPAY PI 2025:5.2-BPAY - ChillP,BPAY PI 2025:5.3-BPAY - ChillP,BPAY PI 2025:5.4-BPAY - ChillP,,,,,,,2.0,Story
PAYME-1510,3010270,,12.11.2025 11:21,22.01.2026 10:42,Done,Major,,09.02.2026 16:05,BPAY PI 2025:4.5-BPAY - ChillP,BPAY PI 2025:5.1-BPAY - ChillP,BPAY PI 2025:5.2-BPAY - ChillP,BPAY PI 2025:5.3-BPAY - ChillP,BPAY PI 2025:5.4-BPAY - ChillP,,,,,,3.0,Story
PAYME-1509,3010242,,12.11.2025 11:05,13.11.2025 14:37,Done,Major,,09.02.2026 16:05,BPAY PI 2025:4.5-BPAY - ChillP,,,,,,,,,,3.0,Story
PAYME-1644,3075700,,12.01.2026 13:35,14.01.2026 11:29,Done,Major,,09.02.2026 16:05,BPAY PI 2025:5.4-BPAY - ChillP,,,,,,,,,,3.0,Story
PAYME-1501,3000837,,06.11.2025 11:32,22.12.2025 11:04,Done,Major,,09.02.2026 16:05,BPAY PI 2025:4.5-BPAY - ChillP,BPAY PI 2025:5.1-BPAY - ChillP,BPAY PI 2025:5.2-BPAY - ChillP,BPAY PI 2025:5.3-BPAY - ChillP,,,,,,,3.0,Story
PAYME-1596,3056170,,12.12.2025 10:35,18.12.2025 09:47,Done,Major,,09.02.2026 16:05,BPAY PI 2025:5.2-BPAY - ChillP,BPAY PI 2025:5.3-BPAY - ChillP,,,,,,,,,1.0,Bug
PAYME-1453,2809048,,30.05.2025 12:30,07.01.2026 11:12,Done,Major,,09.02.2026 16:05,BPAY PI 2025:4.2-BPAY - ChillP,BPAY PI 2025:4.3-BPAY - ChillP,BPAY PI 2025:4.4-BPAY - ChillP,BPAY PI 2025:5.1-BPAY - ChillP,BPAY PI 2025:5.2-BPAY - ChillP,BPAY PI 2025:5.3-BPAY - ChillP,,,,,5.0,Story
PAYME-1676,3085843,,19.01.2026 15:53,02.02.2026 08:56,Done,Major,,09.02.2026 16:05,BPAY PI 2025:5.4-BPAY - ChillP,BPAY PI 2026:1.1-BPAY - ChillP,,,,,,,,,1.0,Bug
PAYME-1544,3029800,,20.11.2025 08:50,22.12.2025 15:18,Done,Major,,09.02.2026 16:05,BPAY PI 2025:5.1-BPAY - ChillP,BPAY PI 2025:5.2-BPAY - ChillP,BPAY PI 2025:5.3-BPAY - ChillP,,,,,,,,3.0,Story
PAYME-1534,3018679,,14.11.2025 14:15,19.12.2025 10:28,Done,Major,,09.02.2026 16:05,BPAY PI 2025:5.1-BPAY - ChillP,BPAY PI 2025:5.2-BPAY - ChillP,BPAY PI 2025:5.3-BPAY - ChillP,,,,,,,,3.0,Story
PAYME-1466,2954000,,01.10.2025 10:25,04.11.2025 09:18,Done,Major,,09.02.2026 16:05,BPAY PI 2025:4.4-BPAY - ChillP,,,,,,,,,,2.0,Story
PAYME-1395,2906943,,03.09.2025 08:06,15.01.2026 15:25,Done,Major,,09.02.2026 16:05,BPAY PI 2025:4.3-BPAY - ChillP,BPAY PI 2025:4.4-BPAY - ChillP,BPAY PI 2025:5.2-BPAY - ChillP,BPAY PI 2025:5.3-BPAY - ChillP,BPAY PI 2025:5.4-BPAY - ChillP,,,,,,5.0,Story
PAYME-1671,3085094,,19.01.2026 12:32,23.01.2026 08:25,Done,Major,,09.02.2026 16:05,BPAY PI 2025:5.4-BPAY - ChillP,,,,,,,,,,2.0,Bug
PAYME-1381,2808723,,30.05.2025 08:47,24.09.2025 15:06,Done,Major,,09.02.2026 16:05,BPAY PI 2025:4.1-BPAY - ChillP,,,,,,,,,,1.0,Story
PAYME-1636,3071309,,08.01.2026 09:13,16.01.2026 14:23,Done,Major,,09.02.2026 16:05,BPAY PI 2025:5.3-BPAY - ChillP,BPAY PI 2025:5.4-BPAY - ChillP,,,,,,,,,3.0,Story
PAYME-1598,3056704,,12.12.2025 13:47,29.12.2025 10:06,Done,Major,,09.02.2026 16:05,BPAY PI 2025:5.2-BPAY - ChillP,BPAY PI 2025:5.3-BPAY - ChillP,,,,,,,,,2.0,Bug
PAYME-1484,2986911,,27.10.2025 17:39,19.12.2025 12:19,Done,Major,,09.02.2026 16:05,BPAY PI 2025:4.4-BPAY - ChillP,BPAY PI 2025:4.5-BPAY - ChillP,BPAY PI 2025:5.1-BPAY - ChillP,BPAY PI 2025:5.2-BPAY - ChillP,BPAY PI 2025:5.3-BPAY - ChillP,,,,,,3.0,Story
PAYME-1388,2874125,,30.07.2025 12:08,07.01.2026 09:12,Done,Major,,09.02.2026 16:05,BPAY PI 2025:4.3-BPAY - ChillP,BPAY PI 2025:4.4-BPAY - ChillP,BPAY PI 2025:4.5-BPAY - ChillP,BPAY PI 2025:5.2-BPAY - ChillP,BPAY PI 2025:5.3-BPAY - ChillP,,,,,,2.0,Story
PAYME-1592,3055365,,11.12.2025 14:21,18.12.2025 11:33,Done,Major,,09.02.2026 16:05,BPAY PI 2025:5.2-BPAY - ChillP,BPAY PI 2025:5.3-BPAY - ChillP,,,,,,,,,2.0,Bug
PAYME-1709,3115058,,30.01.2026 07:26,09.02.2026 13:52,Done,Major,,09.02.2026 16:05,BPAY PI 2026:1.1-BPAY - ChillP,,,,,,,,,,2.0,Bug
PAYME-1628,3067834,,02.01.2026 11:24,07.01.2026 11:11,Done,Major,,09.02.2026 16:05,BPAY PI 2025:5.3-BPAY - ChillP,,,,,,,,,,1.0,Bug
PAYME-1039,2633720,,21.01.2025 15:59,14.03.2025 08:46,Done,Major,,09.02.2026 15:52,,,,,,,,,,,5.0,Story
PAYME-1012,2651411,,29.01.2025 07:37,11.06.2025 16:04,Done,Major,,09.02.2026 15:52,BPAY PI 2025:1.4-BPAY - ChillP,BPAY PI 2025:2.1-BPAY - ChillP,BPAY PI 2025:2.2-BPAY - ChillP,BPAY PI 2025:2.3-BPAY - ChillP,BPAY PI 2025:2.4-BPAY - ChillP,BPAY PI 2025:2.5-BPAY - ChillP,,,,,5.0,Story
PAYME-1055,2629701,,20.01.2025 09:44,02.09.2025 08:35,Done,Major,,09.02.2026 15:52,BPAY PI 2025:2.4-BPAY - ChillP,,,,,,,,,,3.0,Story
PAYME-1548,2970985,,15.10.2025 08:52,05.02.2026 07:36,Done,Major,,09.02.2026 15:52,BPAY PI 2025:5.4-BPAY - ChillP,BPAY PI 2026:1.1-BPAY - ChillP,,,,,,,,,3.0,Bug
PAYME-947,2593602,,09.12.2024 14:17,11.12.2024 10:52,Done,Major,,09.02.2026 15:52,,,,,,,,,,,1.0,Story
PAYME-1161,2787941,,14.05.2025 12:10,21.05.2025 11:29,Done,Major,,09.02.2026 15:52,BPAY PI 2025:2.3-BPAY - ChillP,,,,,,,,,,2.0,Story
PAYME-1178,2798659,,22.05.2025 09:54,02.06.2025 09:45,Done,Major,,09.02.2026 15:52,BPAY PI 2025:2.4-BPAY - ChillP,,,,,,,,,,2.0,Story
PAYME-1143,2760843,,16.04.2025 12:33,24.04.2025 14:03,Done,Major,,09.02.2026 15:52,BPAY PI 2025:2.1-BPAY - ChillP,BPAY PI 2025:2.2-BPAY - ChillP,,,,,,,,,3.0,Story
PAYME-1007,2647789,,28.01.2025 12:55,19.05.2025 12:16,Done,Major,,09.02.2026 15:52,BPAY PI 2025:1.4-BPAY - ChillP,BPAY PI 2025:2.1-BPAY - ChillP,BPAY PI 2025:2.2-BPAY - ChillP,BPAY PI 2025:2.3-BPAY - ChillP,,,,,,,8.0,Story
PAYME-959,2607479,,19.12.2024 13:47,04.07.2025 13:52,Done,Major,,09.02.2026 15:51,BPAY PI 2025:1.3-BPAY - ChillP,BPAY PI 2025:1.4-BPAY - ChillP,BPAY PI 2025:2.2-BPAY - ChillP,BPAY PI 2025:2.3-BPAY - ChillP,BPAY PI 2025:2.4-BPAY - ChillP,BPAY PI 2025:3.1-BPAY - ChillP,,,,,5.0,Story
PAYME-1071,2711133,,17.03.2025 11:11,20.03.2025 11:19,Done,Major,,09.02.2026 15:51,,,,,,,,,,,2.0,Story
PAYME-1172,2793196,,19.05.2025 12:50,04.06.2025 15:10,Done,Major,,09.02.2026 15:51,BPAY PI 2025:2.3-BPAY - ChillP,BPAY PI 2025:2.4-BPAY - ChillP,,,,,,,,,2.0,Bug
PAYME-948,2593613,,09.12.2024 14:19,10.01.2025 08:53,Done,Major,,09.02.2026 15:51,,,,,,,,,,,5.0,Story
PAYME-1521,2883379,,13.08.2025 09:26,15.12.2025 15:11,Done,Major,,09.02.2026 15:51,BPAY PI 2025:5.2-BPAY - ChillP,,,,,,,,,,3.0,Story
PAYME-955,2598897,,13.12.2024 13:06,29.07.2025 14:50,Done,Major,,09.02.2026 15:51,BPAY PI 2025:1.2-BPAY - ChillP,BPAY PI 2025:1.3-BPAY - ChillP,BPAY PI 2025:1.4-BPAY - ChillP,BPAY PI 2025:2.2-BPAY - ChillP,BPAY PI 2025:2.3-BPAY - ChillP,BPAY PI 2025:2.4-BPAY - ChillP,BPAY PI 2025:3.3-BPAY - ChillP,,,,8.0,Story
PAYME-1244,2829416,,16.06.2025 11:26,16.06.2025 14:08,Done,Major,,09.02.2026 15:51,,,,,,,,,,,,Bug
PAYME-1185,2802400,,24.05.2025 15:26,20.06.2025 09:55,Done,Blocker,,09.02.2026 15:51,BPAY PI 2025:2.4-BPAY - ChillP,BPAY PI 2025:3.1-BPAY - ChillP,,,,,,,,,2.0,Bug
PAYME-1176,2795437,,20.05.2025 14:22,20.06.2025 12:00,Done,Major,,09.02.2026 15:51,BPAY PI 2025:2.4-BPAY - ChillP,BPAY PI 2025:3.1-BPAY - ChillP,,,,,,,,,3.0,Bug
PAYME-953,2598893,,13.12.2024 13:02,05.08.2025 15:23,Done,Major,,09.02.2026 15:51,BPAY PI 2025:1.2-BPAY - ChillP,BPAY PI 2025:1.3-BPAY - ChillP,BPAY PI 2025:1.4-BPAY - ChillP,BPAY PI 2025:2.2-BPAY - ChillP,BPAY PI 2025:2.3-BPAY - ChillP,BPAY PI 2025:2.4-BPAY - ChillP,BPAY PI 2025:3.3-BPAY - ChillP,BPAY PI 2025:3.4-BPAY - ChillP,,,8.0,Story
PAYME-1270,2868932,,20.07.2025 10:05,08.09.2025 08:42,Done,Major,,09.02.2026 15:51,BPAY PI 2025:3.3-BPAY - ChillP,BPAY PI 2025:3.4-BPAY - ChillP,BPAY PI 2025:3.5-BPAY - ChillP,,,,,,,,,Bug
PAYME-1079,2716624,,20.03.2025 13:53,09.05.2025 07:58,Done,Major,,09.02.2026 15:51,BPAY PI 2025:2.1-BPAY - ChillP,BPAY PI 2025:2.2-BPAY - ChillP,BPAY PI 2025:2.3-BPAY - ChillP,,,,,,,,5.0,Story
PAYME-1077,2715290,,20.03.2025 08:09,03.04.2025 08:22,Done,Major,,09.02.2026 15:51,,,,,,,,,,,2.0,Story
PAYME-1369,2906501,,02.09.2025 11:33,15.09.2025 14:05,Done,Blocker,,09.02.2026 15:51,BPAY PI 2025:4.3-BPAY - ChillP,,,,,,,,,,5.0,Story
PAYME-1069,2710143,,17.03.2025 08:21,18.03.2025 08:30,Done,Major,,09.02.2026 15:51,,,,,,,,,,,5.0,Story
PAYME-1112,2741266,,07.04.2025 12:00,22.05.2025 12:46,Done,Major,,09.02.2026 15:51,BPAY PI 2025:2.2-BPAY - ChillP,BPAY PI 2025:2.3-BPAY - ChillP,BPAY PI 2025:2.4-BPAY - ChillP,,,,,,,,3.0,Story
PAYME-995,2642788,,27.01.2025 13:10,16.06.2025 14:21,Done,Major,,09.02.2026 15:51,BPAY PI 2025:1.2-BPAY - ChillP,BPAY PI 2025:1.3-BPAY - ChillP,BPAY PI 2025:1.4-BPAY - ChillP,BPAY PI 2025:2.1-BPAY - ChillP,BPAY PI 2025:2.2-BPAY - ChillP,BPAY PI 2025:2.3-BPAY - ChillP,BPAY PI 2025:2.4-BPAY - ChillP,,,,2.0,Story
PAYME-1101,2728722,,31.03.2025 08:49,16.04.2025 14:48,Done,Major,,09.02.2026 15:51,BPAY PI 2025:2.1-BPAY - ChillP,,,,,,,,,,2.0,Story
PAYME-1467,2952818,,30.09.2025 14:20,,Done,Major,,09.02.2026 15:51,BPAY PI 2025:4.2-BPAY - ChillP,BPAY PI 2025:4.3-BPAY - ChillP,BPAY PI 2025:4.4-BPAY - ChillP,BPAY PI 2025:4.5-BPAY - ChillP,BPAY PI 2025:5.4-BPAY - ChillP,,,,,,0.0,Story
PAYME-1196,2816819,,05.06.2025 13:55,20.06.2025 12:07,Done,Minor,,09.02.2026 15:51,,,,,,,,,,,1.0,Bug
PAYME-1056,2690969,,28.02.2025 09:36,24.09.2025 15:34,Done,Major,,09.02.2026 15:51,BPAY PI 2025:4.3-BPAY - ChillP,,,,,,,,,,3.0,Story
PAYME-1173,2793655,,19.05.2025 14:24,21.05.2025 09:38,Done,Major,,09.02.2026 15:51,BPAY PI 2025:2.3-BPAY - ChillP,,,,,,,,,,2.0,Bug
PAYME-1100,2728134,,28.03.2025 14:56,09.06.2025 06:52,Done,Major,,09.02.2026 15:51,BPAY PI 2025:2.3-BPAY - ChillP,BPAY PI 2025:2.4-BPAY - ChillP,BPAY PI 2025:2.5-BPAY - ChillP,,,,,,,,5.0,Story
PAYME-1024,2670356,,11.02.2025 11:45,14.03.2025 08:48,Done,Major,,09.02.2026 15:51,BPAY PI 2025:1.4-BPAY - ChillP,,,,,,,,,,5.0,Story
PAYME-1150,2766893,,24.04.2025 06:39,15.05.2025 08:07,Done,Major,,09.02.2026 15:51,BPAY PI 2025:2.1-BPAY - ChillP,BPAY PI 2025:2.2-BPAY - ChillP,BPAY PI 2025:2.3-BPAY - ChillP,,,,,,,,5.0,Bug
PAYME-1114,2745754,,08.04.2025 10:42,08.09.2025 09:58,Done,Major,,09.02.2026 15:51,BPAY PI 2025:2.2-BPAY - ChillP,BPAY PI 2025:2.3-BPAY - ChillP,BPAY PI 2025:2.4-BPAY - ChillP,BPAY PI 2025:3.1-BPAY - ChillP,BPAY PI 2025:3.2-BPAY - ChillP,BPAY PI 2025:3.3-BPAY - ChillP,BPAY PI 2025:3.4-BPAY - ChillP,BPAY PI 2025:3.5-BPAY - ChillP,,,13.0,Story
PAYME-1184,2800104,,22.05.2025 15:35,02.06.2025 13:00,Done,Major,,09.02.2026 15:51,BPAY PI 2025:2.4-BPAY - ChillP,,,,,,,,,,3.0,Story
PAYME-996,2642792,,27.01.2025 13:12,24.04.2025 13:53,Done,Major,,09.02.2026 15:51,BPAY PI 2025:1.1-BPAY - ChillP,BPAY PI 2025:1.2-BPAY - ChillP,BPAY PI 2025:1.3-BPAY - ChillP,BPAY PI 2025:1.4-BPAY - ChillP,BPAY PI 2025:2.1-BPAY - ChillP,BPAY PI 2025:2.2-BPAY - ChillP,,,,,2.0,Story
PAYME-1254,2853628,,02.07.2025 14:19,08.07.2025 14:17,Done,Major,,09.02.2026 15:51,BPAY PI 2025:3.1-BPAY - ChillP,,,,,,,,,,2.0,Bug
PAYME-1005,2647782,,28.01.2025 12:55,30.05.2025 08:18,Done,Major,,09.02.2026 15:51,BPAY PI 2025:1.4-BPAY - ChillP,BPAY PI 2025:2.1-BPAY - ChillP,BPAY PI 2025:2.2-BPAY - ChillP,BPAY PI 2025:2.3-BPAY - ChillP,BPAY PI 2025:2.4-BPAY - ChillP,,,,,,5.0,Story
PAYME-1533,2978235,,21.10.2025 11:23,10.12.2025 15:19,Done,Major,,09.02.2026 15:51,BPAY PI 2025:5.2-BPAY - ChillP,,,,,,,,,,1.0,Engineering job
PAYME-1006,2647785,,28.01.2025 12:55,09.06.2025 11:33,Done,Major,,09.02.2026 15:51,BPAY PI 2025:1.4-BPAY - ChillP,BPAY PI 2025:2.1-BPAY - ChillP,BPAY PI 2025:2.2-BPAY - ChillP,BPAY PI 2025:2.3-BPAY - ChillP,BPAY PI 2025:2.4-BPAY - ChillP,BPAY PI 2025:2.5-BPAY - ChillP,,,,,13.0,Story
PAYME-1527,2883600,,13.08.2025 09:40,18.12.2025 23:07,Done,Major,,09.02.2026 15:51,BPAY PI 2025:5.2-BPAY - ChillP,BPAY PI 2025:5.3-BPAY - ChillP,,,,,,,,,3.0,Story
PAYME-1551,2970418,,14.10.2025 14:12,23.01.2026 14:07,Done,Major,,09.02.2026 15:51,BPAY PI 2025:5.3-BPAY - ChillP,BPAY PI 2025:5.4-BPAY - ChillP,,,,,,,,,3.0,Story
PAYME-1054,2629700,,20.01.2025 09:42,24.09.2025 15:35,Done,Major,,09.02.2026 15:51,BPAY PI 2025:2.2-BPAY - ChillP,BPAY PI 2025:2.3-BPAY - ChillP,BPAY PI 2025:2.4-BPAY - ChillP,BPAY PI 2025:4.1-BPAY - ChillP,,,,,,,5.0,Story
PAYME-998,2643004,,27.01.2025 13:14,19.06.2025 13:47,Done,Major,,09.02.2026 15:51,BPAY PI 2025:1.2-BPAY - ChillP,BPAY PI 2025:1.3-BPAY - ChillP,BPAY PI 2025:1.4-BPAY - ChillP,BPAY PI 2025:2.2-BPAY - ChillP,BPAY PI 2025:2.3-BPAY - ChillP,BPAY PI 2025:2.4-BPAY - ChillP,BPAY PI 2025:3.1-BPAY - ChillP,,,,2.0,Story
PAYME-1188,2808268,,29.05.2025 15:52,02.06.2025 15:08,Done,Major,,09.02.2026 15:51,BPAY PI 2025:2.4-BPAY - ChillP,,,,,,,,,,1.0,Bug
PAYME-1162,2788313,,14.05.2025 13:19,19.05.2025 13:32,Done,Major,,09.02.2026 15:51,BPAY PI 2025:2.3-BPAY - ChillP,,,,,,,,,,2.0,Bug
PAYME-1145,2761055,,16.04.2025 14:57,15.05.2025 07:04,Done,Minor,30.04.2025 00:00,09.02.2026 15:51,BPAY PI 2025:2.2-BPAY - ChillP,BPAY PI 2025:2.3-BPAY - ChillP,,,,,,,,,1.0,Story
PAYME-1175,2793741,,19.05.2025 15:19,21.05.2025 19:30,Done,Major,,09.02.2026 15:51,BPAY PI 2025:2.3-BPAY - ChillP,,,,,,,,,,2.0,Bug
PAYME-952,2598892,,13.12.2024 13:01,26.07.2025 04:53,Done,Major,,09.02.2026 15:51,BPAY PI 2025:1.2-BPAY - ChillP,BPAY PI 2025:1.3-BPAY - ChillP,BPAY PI 2025:1.4-BPAY - ChillP,BPAY PI 2025:2.1-BPAY - ChillP,BPAY PI 2025:2.2-BPAY - ChillP,BPAY PI 2025:2.4-BPAY - ChillP,BPAY PI 2025:3.3-BPAY - ChillP,,,,8.0,Story
PAYME-1203,2820008,,10.06.2025 09:08,10.06.2025 15:02,Done,Major,,09.02.2026 15:51,BPAY PI 2025:2.5-BPAY - ChillP,,,,,,,,,,1.0,Bug
PAYME-918,2570825,,20.11.2024 08:48,10.01.2025 08:54,Done,Major,,09.02.2026 15:51,,,,,,,,,,,1.0,Story
PAYME-1058,2629708,,20.01.2025 09:46,24.09.2025 15:35,Done,Major,,09.02.2026 15:51,BPAY PI 2025:2.4-BPAY - ChillP,BPAY PI 2025:3.5-BPAY - ChillP,BPAY PI 2025:4.2-BPAY - ChillP,,,,,,,,3.0,Story
PAYME-1164,2790176,,15.05.2025 15:36,16.05.2025 15:18,Done,Major,,09.02.2026 15:51,BPAY PI 2025:2.3-BPAY - ChillP,,,,,,,,,,1.0,Bug
PAYME-961,2607683,,19.12.2024 15:28,09.07.2025 13:59,Done,Major,,09.02.2026 15:50,BPAY PI 2025:1.2-BPAY - ChillP,BPAY PI 2025:1.3-BPAY - ChillP,BPAY PI 2025:1.4-BPAY - ChillP,BPAY PI 2025:2.4-BPAY - ChillP,BPAY PI 2025:3.1-BPAY - ChillP,BPAY PI 2025:3.2-BPAY - ChillP,,,,,5.0,Story
PAYME-994,2642786,,27.01.2025 13:09,11.06.2025 08:09,Done,Major,,09.02.2026 15:50,BPAY PI 2025:1.1-BPAY - ChillP,BPAY PI 2025:1.2-BPAY - ChillP,BPAY PI 2025:1.3-BPAY - ChillP,BPAY PI 2025:1.4-BPAY - ChillP,BPAY PI 2025:2.1-BPAY - ChillP,BPAY PI 2025:2.2-BPAY - ChillP,BPAY PI 2025:2.3-BPAY - ChillP,BPAY PI 2025:2.4-BPAY - ChillP,BPAY PI 2025:2.5-BPAY - ChillP,,3.0,Story
PAYME-997,2642798,,27.01.2025 13:13,09.07.2025 15:29,Done,Major,,09.02.2026 15:50,BPAY PI 2025:1.1-BPAY - ChillP,BPAY PI 2025:1.2-BPAY - ChillP,BPAY PI 2025:1.3-BPAY - ChillP,BPAY PI 2025:1.4-BPAY - ChillP,BPAY PI 2025:2.1-BPAY - ChillP,BPAY PI 2025:2.2-BPAY - ChillP,BPAY PI 2025:2.3-BPAY - ChillP,BPAY PI 2025:2.4-BPAY - ChillP,BPAY PI 2025:3.1-BPAY - ChillP,BPAY PI 2025:3.2-BPAY - ChillP,8.0,Story
PAYME-917,2570833,,20.11.2024 08:51,29.01.2025 15:33,Done,Major,,09.02.2026 15:50,BPAY PI 2025:1.1-BPAY - ChillP,,,,,,,,,,0.0,Story
PAYME-946,2591432,,06.12.2024 10:58,09.12.2024 09:05,Done,Major,,09.02.2026 15:50,,,,,,,,,,,2.0,Story
PAYME-1378,2908082,,03.09.2025 09:14,07.10.2025 13:52,Done,Major,,09.02.2026 15:50,BPAY PI 2025:4.1-BPAY - ChillP,BPAY PI 2025:4.2-BPAY - ChillP,,,,,,,,,3.0,Story
PAYME-1520,2882150,,12.08.2025 09:36,18.12.2025 08:19,Done,Major,,09.02.2026 15:50,BPAY PI 2025:5.2-BPAY - ChillP,BPAY PI 2025:5.3-BPAY - ChillP,,,,,,,,,3.0,Story
PAYME-914,2570829,,20.11.2024 08:50,27.01.2025 08:11,Done,Major,,09.02.2026 15:50,,,,,,,,,,,,Story
PAYME-1256,2859609,,07.07.2025 14:29,25.07.2025 14:00,Done,Major,,09.02.2026 15:50,BPAY PI 2025:3.1-BPAY - ChillP,BPAY PI 2025:3.2-BPAY - ChillP,BPAY PI 2025:3.3-BPAY - ChillP,,,,,,,,2.0,Task
PAYME-1524,2883382,,13.08.2025 09:28,18.12.2025 23:37,Done,Major,,09.02.2026 15:50,BPAY PI 2025:5.2-BPAY - ChillP,BPAY PI 2025:5.3-BPAY - ChillP,,,,,,,,,3.0,Story
PAYME-1159,2779782,,07.05.2025 14:33,03.06.2025 13:44,Done,Major,,09.02.2026 15:50,BPAY PI 2025:2.4-BPAY - ChillP,,,,,,,,,,1.0,Task
PAYME-1374,2870952,,23.07.2025 14:40,24.10.2025 10:41,Done,Major,,09.02.2026 15:50,BPAY PI 2025:4.3-BPAY - ChillP,BPAY PI 2025:4.4-BPAY - ChillP,,,,,,,,,5.0,Story
PAYME-975,2618329,,10.01.2025 10:19,24.01.2025 12:47,Done,Major,,09.02.2026 15:50,,,,,,,,,,,3.0,Story
PAYME-1080,2716557,,20.03.2025 14:15,31.03.2025 13:31,Done,Major,,09.02.2026 15:50,,,,,,,,,,,3.0,Story
PAYME-999,2643011,,27.01.2025 13:16,02.05.2025 13:06,Done,Major,,09.02.2026 15:50,BPAY PI 2025:1.1-BPAY - ChillP,BPAY PI 2025:1.2-BPAY - ChillP,BPAY PI 2025:1.3-BPAY - ChillP,BPAY PI 2025:1.4-BPAY - ChillP,BPAY PI 2025:2.1-BPAY - ChillP,BPAY PI 2025:2.2-BPAY - ChillP,,,,,3.0,Story
PAYME-1008,2647915,,28.01.2025 13:00,12.03.2025 12:09,Done,Major,,09.02.2026 15:50,BPAY PI 2025:1.3-BPAY - ChillP,,,,,,,,,,5.0,Story
PAYME-1166,2790502,,15.05.2025 16:40,26.05.2025 13:35,Done,Major,,09.02.2026 15:50,BPAY PI 2025:2.3-BPAY - ChillP,BPAY PI 2025:2.4-BPAY - ChillP,,,,,,,,,2.0,Bug
PAYME-1009,2647919,,28.01.2025 13:01,29.05.2025 15:06,Done,Major,,09.02.2026 15:50,BPAY PI 2025:1.4-BPAY - ChillP,BPAY PI 2025:2.1-BPAY - ChillP,BPAY PI 2025:2.2-BPAY - ChillP,BPAY PI 2025:2.3-BPAY - ChillP,BPAY PI 2025:2.4-BPAY - ChillP,,,,,,8.0,Story
PAYME-1311,2879676,,07.08.2025 18:47,07.09.2025 08:56,Done,Major,,09.02.2026 15:50,BPAY PI 2025:3.5-BPAY - ChillP,,,,,,,,,,,Task
PAYME-912,2570826,,20.11.2024 08:49,28.01.2025 13:44,Done,Major,,09.02.2026 15:50,,,,,,,,,,,8.0,Story
PAYME-954,2598896,,13.12.2024 13:05,12.08.2025 11:53,Done,Major,,09.02.2026 15:50,BPAY PI 2025:1.3-BPAY - ChillP,BPAY PI 2025:1.4-BPAY - ChillP,BPAY PI 2025:2.2-BPAY - ChillP,BPAY PI 2025:2.3-BPAY - ChillP,BPAY PI 2025:2.4-BPAY - ChillP,BPAY PI 2025:3.3-BPAY - ChillP,BPAY PI 2025:3.4-BPAY - ChillP,,,,8.0,Story
PAYME-1139,2758399,,15.04.2025 06:57,13.05.2025 09:13,Done,Major,,09.02.2026 15:50,BPAY PI 2025:2.1-BPAY - ChillP,BPAY PI 2025:2.2-BPAY - ChillP,BPAY PI 2025:2.3-BPAY - ChillP,,,,,,,,5.0,Story
PAYME-1199,2817139,,05.06.2025 22:31,,Done,Major,,09.02.2026 15:50,,,,,,,,,,,,Bug
PAYME-1146,2761066,,16.04.2025 15:08,09.06.2025 10:22,Done,Minor,30.04.2025 00:00,09.02.2026 15:50,BPAY PI 2025:2.4-BPAY - ChillP,BPAY PI 2025:2.5-BPAY - ChillP,,,,,,,,,3.0,Bug
PAYME-1370,2914077,,05.09.2025 14:31,08.09.2025 10:55,Done,Major,,09.02.2026 15:50,,,,,,,,,,,1.0,Engineering job
PAYME-1201,2817272,,06.06.2025 09:30,13.06.2025 12:29,Done,Major,,09.02.2026 15:50,BPAY PI 2025:2.5-BPAY - ChillP,,,,,,,,,,3.0,Story
PAYME-1377,2906891,,02.09.2025 14:09,06.10.2025 13:21,Done,Major,,09.02.2026 15:50,BPAY PI 2025:4.2-BPAY - ChillP,,,,,,,,,,2.0,Story
PAYME-1552,2972357,,15.10.2025 15:08,19.01.2026 11:26,Done,Major,,09.02.2026 15:50,BPAY PI 2025:5.3-BPAY - ChillP,BPAY PI 2025:5.4-BPAY - ChillP,,,,,,,,,1.0,Story
PAYME-1250,2847558,,26.06.2025 11:25,19.07.2025 13:07,Done,Major,,09.02.2026 15:50,BPAY PI 2025:3.2-BPAY - ChillP,BPAY PI 2025:3.3-BPAY - ChillP,,,,,,,,,5.0,Story
PAYME-1059,2633737,,21.01.2025 16:06,29.05.2025 12:23,Done,Major,,09.02.2026 15:50,BPAY PI 2025:2.3-BPAY - ChillP,BPAY PI 2025:2.4-BPAY - ChillP,,,,,,,,,5.0,Story
PAYME-980,2621997,,14.01.2025 10:12,,Done,Major,,09.02.2026 15:50,BPAY PI 2025:1.3-BPAY - ChillP,BPAY PI 2025:1.4-BPAY - ChillP,BPAY PI 2025:2.3-BPAY - ChillP,BPAY PI 2025:2.4-BPAY - ChillP,,,,,,,0.0,Story
PAYME-992,2637010,,23.01.2025 11:33,12.06.2025 08:26,Done,Major,,09.02.2026 15:50,BPAY PI 2025:1.1-BPAY - ChillP,BPAY PI 2025:1.2-BPAY - ChillP,BPAY PI 2025:1.3-BPAY - ChillP,BPAY PI 2025:1.4-BPAY - ChillP,BPAY PI 2025:2.1-BPAY - ChillP,BPAY PI 2025:2.2-BPAY - ChillP,BPAY PI 2025:2.3-BPAY - ChillP,BPAY PI 2025:2.4-BPAY - ChillP,BPAY PI 2025:2.5-BPAY - ChillP,,3.0,Story
PAYME-1191,2811135,,02.06.2025 14:42,04.06.2025 13:50,Done,Major,,09.02.2026 15:50,BPAY PI 2025:2.4-BPAY - ChillP,,,,,,,,,,1.0,Bug
PAYME-1177,2796812,,21.05.2025 12:04,04.06.2025 13:45,Done,Major,,09.02.2026 15:50,BPAY PI 2025:2.4-BPAY - ChillP,,,,,,,,,,1.0,Story
PAYME-1396,2931550,,11.09.2025 14:08,17.09.2025 13:02,Done,Major,,09.02.2026 15:50,BPAY PI 2025:4.1-BPAY - ChillP,,,,,,,,,,1.0,Production bug
PAYME-1252,2848707,,27.06.2025 08:36,20.08.2025 12:03,Done,Major,,09.02.2026 15:50,BPAY PI 2025:3.5-BPAY - ChillP,,,,,,,,,,1.0,Story
PAYME-1156,2775087,,02.05.2025 13:02,04.06.2025 13:09,Done,Major,,09.02.2026 15:50,BPAY PI 2025:2.4-BPAY - ChillP,,,,,,,,,,3.0,Bug
PAYME-1190,2809173,,30.05.2025 12:44,06.06.2025 15:41,Done,Major,,09.02.2026 15:50,BPAY PI 2025:2.4-BPAY - ChillP,BPAY PI 2025:2.5-BPAY - ChillP,,,,,,,,,3.0,Bug
PAYME-1157,2776580,,05.05.2025 13:29,20.05.2025 09:50,Done,Major,,09.02.2026 15:50,BPAY PI 2025:2.3-BPAY - ChillP,,,,,,,,,,2.0,Story
PAYME-1379,2855093,,03.07.2025 13:23,29.09.2025 11:51,Done,Major,,09.02.2026 15:50,BPAY PI 2025:4.1-BPAY - ChillP,BPAY PI 2025:4.2-BPAY - ChillP,,,,,,,,,3.0,Story
PAYME-1251,2847778,,26.06.2025 13:50,30.09.2025 13:57,Done,Major,,09.02.2026 15:50,BPAY PI 2025:3.5-BPAY - ChillP,BPAY PI 2025:4.1-BPAY - ChillP,BPAY PI 2025:4.2-BPAY - ChillP,,,,,,,,0.0,Story
PAYME-962,2607685,,19.12.2024 15:32,,Done,Major,,09.02.2026 15:50,BPAY PI 2025:1.3-BPAY - ChillP,BPAY PI 2025:1.4-BPAY - ChillP,BPAY PI 2025:2.3-BPAY - ChillP,BPAY PI 2025:3.1-BPAY - ChillP,BPAY PI 2025:3.2-BPAY - ChillP,BPAY PI 2025:3.3-BPAY - ChillP,BPAY PI 2025:3.4-BPAY - ChillP,,,,0.0,Story
PAYME-993,2642781,,27.01.2025 13:07,03.06.2025 11:46,Done,Major,,09.02.2026 15:50,BPAY PI 2025:1.1-BPAY - ChillP,BPAY PI 2025:1.2-BPAY - ChillP,BPAY PI 2025:1.3-BPAY - ChillP,BPAY PI 2025:1.4-BPAY - ChillP,BPAY PI 2025:2.1-BPAY - ChillP,BPAY PI 2025:2.2-BPAY - ChillP,BPAY PI 2025:2.3-BPAY - ChillP,BPAY PI 2025:2.4-BPAY - ChillP,,,3.0,Story
PAYME-1366,2908904,,03.09.2025 12:16,29.09.2025 12:12,Done,Major,,09.02.2026 15:50,BPAY PI 2025:4.1-BPAY - ChillP,BPAY PI 2025:4.2-BPAY - ChillP,,,,,,,,,1.0,Bug
PAYME-974,2618321,,10.01.2025 10:13,22.01.2025 14:16,Done,Major,,09.02.2026 15:50,,,,,,,,,,,2.0,Story
PAYME-949,2593616,,09.12.2024 14:20,10.01.2025 08:53,Done,Major,,09.02.2026 15:50,,,,,,,,,,,8.0,Story
PAYME-1525,2881385,,11.08.2025 12:46,31.12.2025 10:23,Done,Major,,09.02.2026 15:50,BPAY PI 2025:5.1-BPAY - ChillP,BPAY PI 2025:5.2-BPAY - ChillP,BPAY PI 2025:5.3-BPAY - ChillP,,,,,,,,3.0,Story
PAYME-940,2583283,,29.11.2024 13:54,20.01.2025 09:12,Done,Major,,09.02.2026 15:49,,,,,,,,,,,2.0,Story
PAYME-1057,2690951,,28.02.2025 09:12,01.09.2025 08:56,Done,Major,,09.02.2026 15:49,BPAY PI 2025:2.4-BPAY - ChillP,,,,,,,,,,3.0,Story
PAYME-1142,2760752,,16.04.2025 12:30,24.04.2025 13:14,Done,Major,,09.02.2026 15:49,BPAY PI 2025:2.1-BPAY - ChillP,BPAY PI 2025:2.2-BPAY - ChillP,,,,,,,,,1.0,Story
PAYME-1550,2961861,,08.10.2025 09:55,19.01.2026 12:16,Done,Major,,09.02.2026 15:49,BPAY PI 2025:5.3-BPAY - ChillP,BPAY PI 2025:5.4-BPAY - ChillP,,,,,,,,,3.0,Story
PAYME-1626,3067510,,30.12.2025 15:52,06.02.2026 11:43,Done,Major,,06.02.2026 11:43,BPAY PI 2025:5.4-BPAY - ChillP,BPAY PI 2026:1.1-BPAY - ChillP,,,,,,,,,3.0,Production bug
PAYME-1044,2693180,,03.03.2025 14:38,24.03.2025 13:56,Done,Major,,05.02.2026 11:58,,,,,,,,,,,2.0,Engineering job
PAYME-1649,3076592,,13.01.2026 09:49,02.02.2026 14:03,Done,Major,,04.02.2026 12:19,BPAY PI 2026:1.1-BPAY - ChillP,,,,,,,,,,5.0,Story
PAYME-1558,3032227,2850930,21.11.2025 09:39,28.11.2025 12:38,Done,Major,,03.02.2026 11:45,BPAY PI 2025:4.4-BPAY - ChillP,BPAY PI 2025:5.1-BPAY - ChillP,BPAY PI 2025:5.2-BPAY - ChillP,BPAY PI 2025:5.3-BPAY - ChillP,,,,,,,,Sub-task
PAYME-1565,3040076,2950296,28.11.2025 12:06,22.12.2025 13:43,Done,Major,,03.02.2026 11:45,BPAY PI 2025:4.5-BPAY - ChillP,BPAY PI 2025:5.1-BPAY - ChillP,BPAY PI 2025:5.2-BPAY - ChillP,BPAY PI 2025:5.3-BPAY - ChillP,BPAY PI 2025:5.4-BPAY - ChillP,,,,,,,Sub-task
PAYME-1690,3094405,2904844,23.01.2026 14:06,02.02.2026 10:19,Done,Major,,02.02.2026 10:19,BPAY PI 2025:4.2-BPAY - ChillP,BPAY PI 2025:4.3-BPAY - ChillP,BPAY PI 2025:4.4-BPAY - ChillP,BPAY PI 2025:5.2-BPAY - ChillP,BPAY PI 2025:5.3-BPAY - ChillP,BPAY PI 2025:5.4-BPAY - ChillP,BPAY PI 2026:1.1-BPAY - ChillP,BPAY PI 2026:1.2-BPAY - ChillP,,,,Sub-task
PAYME-1689,3094158,2904844,23.01.2026 13:39,02.02.2026 09:56,Done,Major,,02.02.2026 09:56,BPAY PI 2025:4.2-BPAY - ChillP,BPAY PI 2025:4.3-BPAY - ChillP,BPAY PI 2025:4.4-BPAY - ChillP,BPAY PI 2025:5.2-BPAY - ChillP,BPAY PI 2025:5.3-BPAY - ChillP,BPAY PI 2025:5.4-BPAY - ChillP,BPAY PI 2026:1.1-BPAY - ChillP,BPAY PI 2026:1.2-BPAY - ChillP,,,,Sub-task
PAYME-1686,3093204,2904844,23.01.2026 08:12,02.02.2026 09:45,Done,Major,,02.02.2026 09:45,BPAY PI 2025:4.2-BPAY - ChillP,BPAY PI 2025:4.3-BPAY - ChillP,BPAY PI 2025:4.4-BPAY - ChillP,BPAY PI 2025:5.2-BPAY - ChillP,BPAY PI 2025:5.3-BPAY - ChillP,BPAY PI 2025:5.4-BPAY - ChillP,BPAY PI 2026:1.1-BPAY - ChillP,BPAY PI 2026:1.2-BPAY - ChillP,,,,Sub-task
PAYME-1685,3092998,2904844,23.01.2026 08:07,02.02.2026 09:40,Done,Major,,02.02.2026 09:40,BPAY PI 2025:4.2-BPAY - ChillP,BPAY PI 2025:4.3-BPAY - ChillP,BPAY PI 2025:4.4-BPAY - ChillP,BPAY PI 2025:5.2-BPAY - ChillP,BPAY PI 2025:5.3-BPAY - ChillP,BPAY PI 2025:5.4-BPAY - ChillP,BPAY PI 2026:1.1-BPAY - ChillP,BPAY PI 2026:1.2-BPAY - ChillP,,,,Sub-task
PAYME-1684,3092155,2904844,22.01.2026 13:47,02.02.2026 09:33,Done,Major,,02.02.2026 09:33,BPAY PI 2025:4.2-BPAY - ChillP,BPAY PI 2025:4.3-BPAY - ChillP,BPAY PI 2025:4.4-BPAY - ChillP,BPAY PI 2025:5.2-BPAY - ChillP,BPAY PI 2025:5.3-BPAY - ChillP,BPAY PI 2025:5.4-BPAY - ChillP,BPAY PI 2026:1.1-BPAY - ChillP,BPAY PI 2026:1.2-BPAY - ChillP,,,,Sub-task
PAYME-1682,3091162,2904844,22.01.2026 09:23,02.02.2026 09:24,Done,Major,,02.02.2026 09:24,BPAY PI 2025:4.2-BPAY - ChillP,BPAY PI 2025:4.3-BPAY - ChillP,BPAY PI 2025:4.4-BPAY - ChillP,BPAY PI 2025:5.2-BPAY - ChillP,BPAY PI 2025:5.3-BPAY - ChillP,BPAY PI 2025:5.4-BPAY - ChillP,BPAY PI 2026:1.1-BPAY - ChillP,BPAY PI 2026:1.2-BPAY - ChillP,,,,Sub-task
PAYME-1643,3075395,,12.01.2026 12:47,01.02.2026 09:24,Done,Major,,02.02.2026 09:22,BPAY PI 2025:5.4-BPAY - ChillP,BPAY PI 2026:1.1-BPAY - ChillP,,,,,,,,,2.0,Production bug
PAYME-1663,3083816,2904844,16.01.2026 14:34,02.02.2026 09:07,Done,Minor,,02.02.2026 09:07,BPAY PI 2025:4.2-BPAY - ChillP,BPAY PI 2025:4.3-BPAY - ChillP,BPAY PI 2025:4.4-BPAY - ChillP,BPAY PI 2025:5.2-BPAY - ChillP,BPAY PI 2025:5.3-BPAY - ChillP,BPAY PI 2025:5.4-BPAY - ChillP,BPAY PI 2026:1.1-BPAY - ChillP,BPAY PI 2026:1.2-BPAY - ChillP,,,,Sub-task
PAYME-1701,2942253,,23.09.2025 08:16,,In Development,Major,,28.01.2026 08:45,,,,,,,,,,,,Engineering job
PAYME-1600,3056811,,12.12.2025 14:58,19.12.2025 12:58,Done,Major,,26.01.2026 12:25,BPAY PI 2025:5.2-BPAY - ChillP,BPAY PI 2025:5.3-BPAY - ChillP,,,,,,,,,1.0,Production bug
PAYME-1670,3084716,,19.01.2026 09:53,23.01.2026 12:03,Done,Major,,23.01.2026 12:03,,,,,,,,,,,,Test
PAYME-1664,3083692,,16.01.2026 14:41,23.01.2026 12:02,Done,Major,,23.01.2026 12:02,,,,,,,,,,,,Test
PAYME-1655,3083603,,16.01.2026 12:52,23.01.2026 12:01,Done,Major,,23.01.2026 12:01,,,,,,,,,,,,Test
PAYME-1476,2973700,2874509,16.10.2025 14:08,11.12.2025 14:35,Done,Major,,23.01.2026 11:39,BPAY PI 2025:4.4-BPAY - ChillP,BPAY PI 2025:5.1-BPAY - ChillP,BPAY PI 2025:5.2-BPAY - ChillP,BPAY PI 2025:5.3-BPAY - ChillP,BPAY PI 2025:5.4-BPAY - ChillP,,,,,,3.0,Sub-task
PAYME-1629,3064009,,19.12.2025 09:23,21.01.2026 10:55,Done,Major,,23.01.2026 09:23,BPAY PI 2025:5.3-BPAY - ChillP,BPAY PI 2025:5.4-BPAY - ChillP,,,,,,,,,2.0,Production bug
PAYME-1619,3066120,,23.12.2025 14:25,23.01.2026 08:59,Done,Major,,23.01.2026 08:59,BPAY PI 2025:5.4-BPAY - ChillP,,,,,,,,,,2.0,Bug
PAYME-1679,3088588,2968247,21.01.2026 09:57,22.01.2026 09:28,Done,Major,,22.01.2026 09:28,BPAY PI 2025:5.3-BPAY - ChillP,BPAY PI 2025:5.4-BPAY - ChillP,BPAY PI 2026:1.1-BPAY - ChillP,BPAY PI 2026:1.2-BPAY - ChillP,,,,,,,,Sub-task
PAYME-1625,3067414,2874509,30.12.2025 15:08,21.01.2026 10:32,Done,Major,,21.01.2026 10:32,BPAY PI 2025:4.4-BPAY - ChillP,BPAY PI 2025:5.1-BPAY - ChillP,BPAY PI 2025:5.2-BPAY - ChillP,BPAY PI 2025:5.3-BPAY - ChillP,BPAY PI 2025:5.4-BPAY - ChillP,,,,,,,Bug Sub-Task
PAYME-1635,3071058,,08.01.2026 08:01,,Done,Major,,21.01.2026 10:16,BPAY PI 2025:5.3-BPAY - ChillP,BPAY PI 2025:5.4-BPAY - ChillP,,,,,,,,,3.0,Story
PAYME-1659,3083628,,16.01.2026 13:24,16.01.2026 14:17,Done,Major,,19.01.2026 12:54,,,,,,,,,,,,Test
PAYME-1660,3083677,,16.01.2026 14:18,16.01.2026 14:24,Done,Major,,19.01.2026 12:53,,,,,,,,,,,,Test
PAYME-1658,3083625,,16.01.2026 13:21,16.01.2026 13:23,Done,Major,,19.01.2026 12:48,,,,,,,,,,,,Test
PAYME-1669,3084715,,19.01.2026 09:53,19.01.2026 12:01,Done,Major,,19.01.2026 12:35,,,,,,,,,,,,Test
PAYME-1668,3084714,,19.01.2026 09:52,19.01.2026 12:11,Done,Major,,19.01.2026 12:11,,,,,,,,,,,,Test
PAYME-1667,3084713,,19.01.2026 09:52,19.01.2026 11:57,Done,Major,,19.01.2026 11:57,,,,,,,,,,,,Test
PAYME-1491,2988917,2850429,29.10.2025 09:49,19.01.2026 09:49,Done,Minor,,19.01.2026 09:49,BPAY PI 2025:4.3-BPAY - ChillP,BPAY PI 2025:4.4-BPAY - ChillP,BPAY PI 2025:5.1-BPAY - ChillP,BPAY PI 2025:5.2-BPAY - ChillP,BPAY PI 2025:5.3-BPAY - ChillP,BPAY PI 2025:5.4-BPAY - ChillP,BPAY PI 2026:1.1-BPAY - ChillP,BPAY PI 2026:1.2-BPAY - ChillP,BPAY PI 2026:1.3-BPAY - ChillP,,2.0,Sub-task
PAYME-1134,2720169,,24.03.2025 14:15,11.06.2025 14:19,Done,Major,,16.01.2026 16:24,BPAY PI 2025:2.4-BPAY - ChillP,BPAY PI 2025:2.5-BPAY - ChillP,,,,,,,,,,Story
PAYME-1662,3083683,,16.01.2026 14:28,16.01.2026 14:40,Done,Major,,16.01.2026 14:40,,,,,,,,,,,,Test
PAYME-1661,3083802,,16.01.2026 14:20,16.01.2026 14:21,Done,Major,,16.01.2026 14:21,,,,,,,,,,,,Test
PAYME-1647,3075721,,12.01.2026 13:53,16.01.2026 14:17,Done,Major,,16.01.2026 14:17,BPAY PI 2025:5.4-BPAY - ChillP,,,,,,,,,,,Test
PAYME-1646,3075719,,12.01.2026 13:53,16.01.2026 14:14,Done,Major,,16.01.2026 14:14,BPAY PI 2025:5.4-BPAY - ChillP,,,,,,,,,,,Test
PAYME-1657,3083615,,16.01.2026 13:11,16.01.2026 13:20,Done,Major,,16.01.2026 13:20,,,,,,,,,,,,Test
PAYME-1654,3083380,,16.01.2026 12:12,16.01.2026 12:51,Done,Major,,16.01.2026 12:51,,,,,,,,,,,,Test
PAYME-1645,3075718,,12.01.2026 13:52,16.01.2026 12:00,Done,Major,,16.01.2026 12:00,BPAY PI 2025:5.4-BPAY - ChillP,,,,,,,,,,,Test
PAYME-1502,3000848,2906943,06.11.2025 11:41,15.01.2026 15:22,Done,Major,,15.01.2026 15:22,BPAY PI 2025:4.3-BPAY - ChillP,BPAY PI 2025:4.4-BPAY - ChillP,BPAY PI 2025:5.2-BPAY - ChillP,BPAY PI 2025:5.3-BPAY - ChillP,BPAY PI 2025:5.4-BPAY - ChillP,,,,,,,Sub-task
PAYME-1617,3065726,2906943,23.12.2025 08:01,14.01.2026 13:24,Done,Major,,14.01.2026 13:24,BPAY PI 2025:4.3-BPAY - ChillP,BPAY PI 2025:4.4-BPAY - ChillP,BPAY PI 2025:5.2-BPAY - ChillP,BPAY PI 2025:5.3-BPAY - ChillP,BPAY PI 2025:5.4-BPAY - ChillP,,,,,,,Sub-task
PAYME-1607,3063954,2879274,19.12.2025 09:50,14.01.2026 09:50,Done,Major,,14.01.2026 09:50,BPAY PI 2025:4.3-BPAY - ChillP,BPAY PI 2025:4.4-BPAY - ChillP,BPAY PI 2025:5.1-BPAY - ChillP,BPAY PI 2025:5.2-BPAY - ChillP,BPAY PI 2025:5.3-BPAY - ChillP,,,,,,,Sub-task
PAYME-1616,3065725,2906943,23.12.2025 08:01,13.01.2026 11:39,Done,Major,,13.01.2026 11:39,BPAY PI 2025:4.3-BPAY - ChillP,BPAY PI 2025:4.4-BPAY - ChillP,BPAY PI 2025:5.2-BPAY - ChillP,BPAY PI 2025:5.3-BPAY - ChillP,BPAY PI 2025:5.4-BPAY - ChillP,,,,,,,Sub-task
PAYME-1234,2799707,,22.05.2025 13:26,14.09.2025 06:30,Done,Major,,13.01.2026 10:55,BPAY PI 2025:3.4-BPAY - ChillP,BPAY PI 2025:3.5-BPAY - ChillP,BPAY PI 2025:4.1-BPAY - ChillP,,,,,,,,3.0,Story
PAYME-1231,2799729,,22.05.2025 13:34,14.09.2025 07:07,Done,Major,,13.01.2026 10:55,BPAY PI 2025:3.5-BPAY - ChillP,BPAY PI 2025:4.1-BPAY - ChillP,,,,,,,,,3.0,Story
PAYME-1630,3068718,,05.01.2026 12:17,13.01.2026 10:21,Done,Major,,13.01.2026 10:21,BPAY PI 2025:5.3-BPAY - ChillP,,,,,,,,,,3.0,Story
PAYME-1555,3022243,,18.11.2025 08:29,,Open,Major,,13.01.2026 10:06,,,,,,,,,,,5.0,Story
PAYME-1554,3022241,,18.11.2025 08:28,,Open,Major,,13.01.2026 10:04,,,,,,,,,,,1.0,Story
PAYME-1599,3056961,,15.12.2025 07:25,17.12.2025 14:34,Done,Major,,13.01.2026 09:49,BPAY PI 2025:5.2-BPAY - ChillP,,,,,,,,,,5.0,Story
PAYME-1593,3050655,,08.12.2025 12:15,17.12.2025 08:26,Done,Major,,13.01.2026 09:43,BPAY PI 2025:5.2-BPAY - ChillP,,,,,,,,,,2.0,Story
PAYME-1639,3072615,2874509,08.01.2026 14:30,12.01.2026 10:12,Done,Major,,12.01.2026 10:12,BPAY PI 2025:4.4-BPAY - ChillP,BPAY PI 2025:5.1-BPAY - ChillP,BPAY PI 2025:5.2-BPAY - ChillP,BPAY PI 2025:5.3-BPAY - ChillP,BPAY PI 2025:5.4-BPAY - ChillP,,,,,,,Bug Sub-Task
PAYME-1640,3066997,,30.12.2025 09:12,12.01.2026 10:04,Done,Major,,12.01.2026 10:04,BPAY PI 2025:5.3-BPAY - ChillP,,,,,,,,,,3.0,Bug
PAYME-1575,3047588,,04.12.2025 14:19,31.12.2025 13:02,Done,Major,,09.01.2026 14:17,BPAY PI 2025:5.2-BPAY - ChillP,BPAY PI 2025:5.3-BPAY - ChillP,,,,,,,,,5.0,Story
PAYME-1638,3072123,,08.01.2026 12:20,09.01.2026 12:26,Done,Major,,09.01.2026 12:27,BPAY PI 2025:5.3-BPAY - ChillP,,,,,,,,,,1.0,Bug
PAYME-1584,3051907,2874509,09.12.2025 09:50,07.01.2026 12:30,Done,Major,,08.01.2026 14:32,BPAY PI 2025:4.4-BPAY - ChillP,BPAY PI 2025:5.1-BPAY - ChillP,BPAY PI 2025:5.2-BPAY - ChillP,BPAY PI 2025:5.3-BPAY - ChillP,BPAY PI 2025:5.4-BPAY - ChillP,,,,,,,Bug Sub-Task
PAYME-1612,3065622,,22.12.2025 15:04,07.01.2026 11:15,Done,Major,,07.01.2026 11:15,,,,,,,,,,,,Test
PAYME-1604,3058106,2874125,15.12.2025 13:59,07.01.2026 09:07,Done,Major,,07.01.2026 09:07,BPAY PI 2025:4.3-BPAY - ChillP,BPAY PI 2025:4.4-BPAY - ChillP,BPAY PI 2025:4.5-BPAY - ChillP,BPAY PI 2025:5.2-BPAY - ChillP,BPAY PI 2025:5.3-BPAY - ChillP,,,,,,,Bug Sub-Task
PAYME-1615,3065724,2879274,23.12.2025 07:58,06.01.2026 16:13,Done,Major,,06.01.2026 16:13,BPAY PI 2025:4.3-BPAY - ChillP,BPAY PI 2025:4.4-BPAY - ChillP,BPAY PI 2025:5.1-BPAY - ChillP,BPAY PI 2025:5.2-BPAY - ChillP,BPAY PI 2025:5.3-BPAY - ChillP,,,,,,,Bug Sub-Task
PAYME-1627,3067806,2813123,02.01.2026 09:32,05.01.2026 10:20,Done,Major,,05.01.2026 10:20,BPAY PI 2025:4.2-BPAY - ChillP,BPAY PI 2025:4.3-BPAY - ChillP,BPAY PI 2025:4.4-BPAY - ChillP,BPAY PI 2025:5.1-BPAY - ChillP,BPAY PI 2025:5.2-BPAY - ChillP,BPAY PI 2025:5.3-BPAY - ChillP,,,,,,Sub-task
PAYME-1588,3053058,2874509,10.12.2025 09:05,05.01.2026 09:10,Done,Minor,,05.01.2026 09:10,BPAY PI 2025:4.4-BPAY - ChillP,BPAY PI 2025:5.1-BPAY - ChillP,BPAY PI 2025:5.2-BPAY - ChillP,BPAY PI 2025:5.3-BPAY - ChillP,BPAY PI 2025:5.4-BPAY - ChillP,,,,,,,Bug Sub-Task
PAYME-1613,3065623,,22.12.2025 15:05,02.01.2026 11:52,Done,Major,,02.01.2026 11:52,,,,,,,,,,,,Test
