Issue key,Issue id,Created,Resolved,Issue Type,Status,Priority,Due Date,Updated,Resolution,Custom field (Story Points),Sprint,Sprint,Sprint,Sprint,Sprint,Sprint,Sprint
IBSET-973,3146097,25.02.2026 10:19,,Task,In Progress,Major,,26.02.2026 14:14,,1.0,IBSET PI1:2026 Iteration3,,,,,,
IBSET-972,3143130,23.02.2026 10:55,,Task,Backlog,Major,,25.02.2026 10:28,,1.0,IBSET PI1:2026 Iteration3,,,,,,
IBSET-970,3140762,20.02.2026 08:48,,Bug,Backlog,Major,,25.02.2026 10:25,,,IBSET PI1:2026 Iteration3,,,,,,
IBSET-969,3140498,19.02.2026 16:15,,Task,Backlog,Major,,20.02.2026 08:21,,,,,,,,,
IBSET-968,3140486,19.02.2026 16:01,,Task,Backlog,Major,,19.02.2026 16:01,,,,,,,,,
IBSET-967,3140539,19.02.2026 15:48,,Task,Backlog,Major,,19.02.2026 15:48,,,,,,,,,
IBSET-966,3140146,19.02.2026 13:24,,Task,Backlog,Major,,19.02.2026 13:24,,,,,,,,,
IBSET-964,3138616,18.02.2026 12:47,,Task,In Progress,Major,,25.02.2026 10:32,,,IBSET PI1:2026 Iteration2,IBSET PI1:2026 Iteration3,,,,,
IBSET-944,3119742,03.02.2026 15:22,,Task,Backlog,Major,,03.02.2026 15:22,,,,,,,,,
IBSET-940,3109534,28.01.2026 09:57,,Bug,In Progress,Major,,25.02.2026 10:32,,,IBSET PI1:2026 Iteration1,IBSET PI1:2026 Iteration2,IBSET PI1:2026 Iteration3,,,,
IBSET-939,3102246,27.01.2026 10:20,,Task,Backlog,Major,,27.01.2026 10:20,,,,,,,,,
IBSET-938,3101475,27.01.2026 09:33,,Task,In Progress,Major,,25.02.2026 10:32,,2.0,IBSET PI1:2026 Iteration1,IBSET PI1:2026 Iteration2,IBSET PI1:2026 Iteration3,,,,
IBSET-928,3088173,20.01.2026 21:38,,Task,Backlog,Major,,25.02.2026 10:32,,3.0,IBSET PI1:2026 Iteration2,IBSET PI1:2026 Iteration3,,,,,
IBSET-927,3088172,20.01.2026 21:33,,Task,Ready for Release,Major,,17.02.2026 09:16,,1.0,IBSET PI1:2026 Iteration2,,,,,,
IBSET-926,3088170,20.01.2026 21:30,,Task,Backlog,Major,,25.02.2026 10:32,,3.0,IBSET PI1:2026 Iteration3,,,,,,
IBSET-925,3088169,20.01.2026 21:29,,Task,In Progress,Major,,25.02.2026 10:32,,3.0,IBSET PI1:2026 Iteration2,IBSET PI1:2026 Iteration3,,,,,
IBSET-924,3088168,20.01.2026 21:29,,Task,Backlog,Major,,26.02.2026 10:39,,3.0,IBSET PI1:2026 Iteration3,,,,,,
IBSET-923,3088167,20.01.2026 21:29,,Task,In Progress,Major,,26.02.2026 15:17,,3.0,IBSET PI1:2026 Iteration3,,,,,,
IBSET-922,3088166,20.01.2026 21:29,,Task,Backlog,Major,,20.01.2026 22:48,,3.0,IBSET PI1:2026 Iteration4,,,,,,
IBSET-921,3088165,20.01.2026 21:28,,Task,Backlog,Major,,20.01.2026 22:48,,3.0,IBSET PI1:2026 Iteration4,,,,,,
IBSET-920,3088164,20.01.2026 21:28,,Task,Code review,Major,,26.02.2026 15:02,,3.0,IBSET PI1:2026 Iteration2,IBSET PI1:2026 Iteration3,,,,,
IBSET-919,3088162,20.01.2026 21:27,,Task,Acceptance test,Major,,26.02.2026 14:47,,3.0,IBSET PI1:2026 Iteration2,IBSET PI1:2026 Iteration3,,,,,
IBSET-915,3087091,20.01.2026 12:58,,Task,Backlog,Major,,20.01.2026 22:16,,2.0,IBSET PI1:2026 IP Iteration,,,,,,
IBSET-913,3087266,20.01.2026 12:18,,Task,Backlog,Major,,21.01.2026 13:32,,,,,,,,,
IBSET-911,3086795,20.01.2026 11:08,,Task,Backlog,Major,,20.01.2026 22:44,,3.0,IBSET PI1:2026 Iteration4,,,,,,
IBSET-908,3086836,20.01.2026 10:43,,Task,Backlog,Major,,20.01.2026 14:47,,,,,,,,,
IBSET-906,3086830,20.01.2026 10:38,,Task,Backlog,Major,,26.02.2026 10:45,,5.0,IBSET PI1:2026 Iteration4,,,,,,
IBSET-905,3086749,20.01.2026 10:36,,Task,Backlog,Major,,21.01.2026 13:32,,3.0,,,,,,,
IBSET-903,3086574,20.01.2026 10:15,,Task,Backlog,Major,,20.01.2026 22:16,,1.0,IBSET PI1:2026 IP Iteration,,,,,,
IBSET-902,3086560,20.01.2026 10:00,,Task,Backlog,Major,,20.01.2026 22:42,,3.0,IBSET PI1:2026 Iteration4,,,,,,
IBSET-900,3086555,20.01.2026 09:56,,Task,In Progress,Major,,25.02.2026 10:32,,3.0,IBSET PI1:2026 Iteration2,IBSET PI1:2026 Iteration3,,,,,
IBSET-899,3086552,20.01.2026 09:55,,Task,Ready for Release,Major,,25.02.2026 10:23,,5.0,IBSET PI1:2026 Iteration1,IBSET PI1:2026 Iteration2,,,,,
IBSET-897,3086374,20.01.2026 09:54,,Task,Backlog,Major,,20.01.2026 22:44,,3.0,IBSET PI1:2026 Iteration3,,,,,,
IBSET-895,3086544,20.01.2026 09:53,,Task,Code review,Major,,26.02.2026 10:36,,5.0,IBSET PI1:2026 Iteration2,IBSET PI1:2026 Iteration3,,,,,
IBSET-894,3086539,20.01.2026 09:48,,Task,Backlog,Major,,20.01.2026 22:42,,3.0,IBSET PI1:2026 Iteration3,,,,,,
IBSET-893,3086532,20.01.2026 09:43,,Task,Backlog,Major,,21.01.2026 13:32,,5.0,,,,,,,
IBSET-892,3086530,20.01.2026 09:42,,Task,Backlog,Major,,20.01.2026 22:30,,5.0,IBSET PI1:2026 Iteration3,,,,,,
IBSET-889,3086206,19.01.2026 21:31,,Task,Backlog,Major,08.04.2026 00:00,20.01.2026 22:20,,0.5,IBSET PI1:2026 IP Iteration,,,,,,
IBSET-888,3086205,19.01.2026 21:28,,Task,Backlog,Major,20.03.2026 00:00,20.01.2026 22:19,,0.5,IBSET PI1:2026 IP Iteration,,,,,,
IBSET-886,3086203,19.01.2026 21:17,,Bug,Ready for Release,Major,,17.02.2026 09:16,,,IBSET PI1:2026 Iteration1,IBSET PI1:2026 Iteration2,,,,,
IBSET-883,3083367,16.01.2026 11:55,,Task,Ready for Release,Minor,,13.02.2026 09:37,,0.5,IBSET PI1:2026 Iteration1,,,,,,
IBSET-877,3076620,13.01.2026 08:53,,Bug,Ready for Release,Major,,13.02.2026 09:37,,,IBSET PI5:2025 IP Iteration,,,,,,
IBSET-876,3075281,12.01.2026 12:20,,Task,Ready for Release,Major,,25.02.2026 10:23,,,IBSET PI5:2025 Iteration 3&4,IBSET PI5:2025 IP Iteration,IBSET PI1:2026 Iteration1,IBSET PI1:2026 Iteration2,,,
IBSET-870,3069341,06.01.2026 10:31,,Task,Ready for Release,Major,,13.02.2026 09:37,,3.0,IBSET PI5:2025 Iteration 3&4,IBSET PI5:2025 IP Iteration,,,,,
IBSET-869,3068649,05.01.2026 12:41,,Bug,Ready for Release,Major,,12.02.2026 00:49,,,IBSET PI5:2025 Iteration 3&4,,,,,,
IBSET-860,3059135,16.12.2025 10:53,,Bug,Ready for Release,Major,,12.02.2026 00:49,,,IBSET PI5:2025 Iteration 3&4,,,,,,
IBSET-857,3057857,15.12.2025 13:11,,Bug,Ready for Release,Major,,15.01.2026 00:34,,,IBSET PI5:2025 Iteration 2,IBSET PI5:2025 Iteration 3&4,,,,,
IBSET-835,3022015,17.11.2025 16:41,,Task,Backlog,Major,,21.01.2026 13:32,,3.0,,,,,,,
IBSET-830,3011180,12.11.2025 13:04,,Story,In Progress,Major,,25.02.2026 10:32,,,IBSET PI5:2025 Iteration 1,IBSET PI5:2025 Iteration 2,IBSET PI5:2025 Iteration 3&4,IBSET PI5:2025 IP Iteration,IBSET PI1:2026 Iteration1,IBSET PI1:2026 Iteration2,IBSET PI1:2026 Iteration3
IBSET-829,3011376,12.11.2025 13:04,,Task,Backlog,Major,,20.01.2026 22:14,,1.0,IBSET PI1:2026 IP Iteration,,,,,,
IBSET-827,3010591,12.11.2025 11:47,,Task,Backlog,Major,,27.01.2026 10:41,,8.0,IBSET PI5:2025 Iteration 3&4,IBSET PI5:2025 IP Iteration,IBSET PI1:2026 IP Iteration,,,,
IBSET-823,3010544,12.11.2025 11:11,,Task,To Do,Trivial,,12.02.2026 08:31,,0.5,IBSET PI5:2025 Iteration 1,IBSET PI5:2025 Iteration 2,,,,,
IBSET-822,3010696,12.11.2025 11:10,,Task,Ready for Release,Major,,17.12.2025 13:09,,5.0,IBSET PI5:2025 Iteration 2,IBSET PI5:2025 Iteration 3&4,,,,,
IBSET-821,3010661,12.11.2025 11:00,,Task,Backlog,Major,,20.01.2026 22:43,,1.0,IBSET PI1:2026 Iteration3,,,,,,
IBSET-818,3009614,12.11.2025 09:15,,Task,In Progress,Major,,25.02.2026 10:32,,1.0,IBSET PI1:2026 Iteration2,IBSET PI1:2026 Iteration3,,,,,
IBSET-817,3009381,12.11.2025 08:29,,Task,On Hold,Major,,25.02.2026 10:32,,1.0,IBSET PI5:2025 Iteration 3&4,IBSET PI5:2025 IP Iteration,IBSET PI1:2026 Iteration1,IBSET PI1:2026 Iteration2,IBSET PI1:2026 Iteration3,,
IBSET-816,3008682,11.11.2025 16:21,,Task,Ready for Release,Major,,12.01.2026 11:46,,3.0,IBSET PI5:2025 Iteration 3&4,,,,,,
IBSET-779,2962214,08.10.2025 10:47,,Task,Ready for Release,Major,,13.02.2026 09:37,,5.0,IBSET PI5:2025 Iteration 3&4,IBSET PI5:2025 IP Iteration,IBSET PI1:2026 Iteration1,,,,
IBSET-777,2961841,08.10.2025 09:33,,Task,Backlog,Major,,20.01.2026 15:03,,,,,,,,,
IBSET-758,2921478,09.09.2025 11:20,,Bug,Ready for Release,Major,,08.10.2025 09:58,,,IBSET PI4:2025 Iteration 1,IBSET PI4:2025 Iteration 2,IBSET PI4:2025 Iteration 3,,,,
IBSET-754,2907347,02.09.2025 14:41,,Task,On Hold,Major,,25.02.2026 10:32,,3.0,IBSET PI4:2025 Iteration 3,IBSET PI4:2025 Iteration 4,IBSET PI1:2026 Iteration2,IBSET PI1:2026 Iteration3,,,
IBSET-748,2906432,02.09.2025 12:05,,Task,Ready for Release,Major,,09.12.2025 12:06,,3.0,IBSET PI4:2025 Iteration 4,IBSET PI4:2025 IP Iteration,IBSET PI5:2025 Iteration 1,IBSET PI5:2025 Iteration 2,,,
IBSET-732,2899612,27.08.2025 13:22,,Task,Backlog,Major,,20.01.2026 22:23,,1.0,IBSET PI4:2025 Iteration 1,IBSET PI4:2025 Iteration 2,IBSET PI1:2026 IP Iteration,,,,
IBSET-727,2899603,27.08.2025 13:20,,Story,Backlog,Major,,20.01.2026 15:03,,,,,,,,,
IBSET-718,2899336,27.08.2025 11:39,,Bug,Ready for Release,Major,,01.09.2025 10:06,,,IBSET PI3:2025 IP Iteration,,,,,,
IBSET-717,2898701,27.08.2025 08:12,,Task,Ready for Release,Major,,27.08.2025 14:54,,,IBSET PI3:2025 IP Iteration,,,,,,
IBSET-715,2897185,26.08.2025 10:28,,Task,Ready for Release,Major,,02.09.2025 09:47,,1.0,IBSET PI3:2025 IP Iteration,,,,,,
IBSET-714,2897122,26.08.2025 09:35,,Task,Ready for Release,Major,,26.08.2025 15:10,,1.0,IBSET PI3:2025 IP Iteration,,,,,,
IBSET-711,2895305,25.08.2025 09:05,,Task,Ready for Release,Major,,26.08.2025 08:29,,,IBSET PI3:2025 Iteration 4,,,,,,
IBSET-709,2893554,22.08.2025 09:30,,Task,Ready for Release,Major,,25.08.2025 10:00,,,IBSET PI3:2025 Iteration 4,,,,,,
IBSET-706,2890054,19.08.2025 15:16,,Task,Ready for Release,Major,,25.08.2025 12:14,,,IBSET PI3:2025 Iteration 4,,,,,,
IBSET-704,2888365,18.08.2025 13:51,,Task,Ready for Release,Major,,25.08.2025 12:14,,,IBSET PI3:2025 Iteration 4,,,,,,
IBSET-671,2851051,30.06.2025 11:50,,Task,Ready for Release,Minor,,21.08.2025 00:25,,1.0,IBSET PI3:2025 Iteration 1,IBSET PI3:2025 Iteration 2,IBSET PI3:2025 Iteration 3,,,,
IBSET-633,2800928,23.05.2025 11:50,,Task,Ready for Release,Major,,26.05.2025 10:16,,1.0,IBSET PI2:2025 Sp4,,,,,,
IBSET-619,2788722,14.05.2025 15:43,,Task,Ready for Release,Major,,17.07.2025 00:55,,1.0,IBSET PI2:2025 Sp4,,,,,,
IBSET-615,2785457,12.05.2025 15:36,,Task,Ready for Release,Major,,28.05.2025 12:58,,1.0,IBSET PI2:2025 Sp2,IBSET PI2:2025 Sp3,,,,,
IBSET-582,2757469,14.04.2025 10:52,,Task,Ready for Release,Major,,28.05.2025 10:21,,3.0,IBSET PI2:2025 Sp1,IBSET PI2:2025 Sp2,IBSET PI2:2025 Sp3,IBSET PI2:2025 Sp4,,,
IBSET-574,2751454,09.04.2025 11:28,,Bug,Ready for Release,Major,,21.08.2025 00:25,,,IBSET PI2:2025 Sp1,IBSET PI2:2025 Sp2,IBSET PI2:2025 Sp3,IBSET PI3:2025 Iteration 3,,,
IBSET-553,2728713,31.03.2025 08:35,,Task,Ready for Release,Major,,28.05.2025 12:58,,3.0,IBSET PI2:2025 Sp2,IBSET PI2:2025 Sp3,,,,,
IBSET-549,2724502,26.03.2025 15:53,,Task,Backlog,Minor,,20.01.2026 12:46,,2.0,,,,,,,
IBSET-548,2724501,26.03.2025 15:51,,Task,Backlog,Minor,,20.01.2026 12:39,,2.0,,,,,,,
IBSET-547,2724294,26.03.2025 15:44,,Task,Backlog,Minor,,20.01.2026 12:38,,2.0,,,,,,,
IBSET-473,2675933,14.02.2025 13:01,,Task,On Hold,Major,,25.02.2026 10:32,,1.0,IBSET-19,IBSET-20,IBSET-21,IBSET-22,IBSET PI2:2025 Sp1,IBSET PI1:2026 Iteration2,IBSET PI1:2026 Iteration3
