Issue key,Issue id,Parent id,Created,Resolved,Status,Priority,Due Date,Updated,Sprint,Sprint,Sprint,Sprint,Custom field (Story Points),Issue Type,Resolution
VOID-20,2791710,,16.05.2025 16:02,,Refined,Major,,23.04.2026 12:54,BPAY PI 2026:2.3-BPAY - Void,,,,2.0,Story,
VOID-10,2809919,,01.06.2025 17:30,,Refined,Major,,23.04.2026 12:54,BPAY PI 2026:2.1-BPAY - Void,BPAY PI 2026:2.3-BPAY - Void,,,6.0,Story,
VOID-24,2892880,,21.08.2025 14:51,,Refined,Major,,23.04.2026 12:54,BPAY PI 2026:2.3-BPAY - Void,,,,4.0,Story,
VOID-22,2979100,,21.10.2025 16:05,,Refined,Major,,23.04.2026 12:54,BPAY PI 2026:2.3-BPAY - Void,,,,2.0,Story,
VOID-17,2774432,,30.04.2025 14:59,,Refined,Major,,23.04.2026 12:54,BPAY PI 2026:2.1-BPAY - Void,BPAY PI 2026:2.3-BPAY - Void,,,6.0,Story,
VOID-56,3205303,,06.04.2026 16:14,,Refined,Major,,23.04.2026 12:54,BPAY PI 2026:2.1-BPAY - Void,BPAY PI 2026:2.3-BPAY - Void,,,2.0,Story,
VOID-21,2892879,,21.08.2025 14:49,,On Hold,Major,,23.04.2026 12:20,BPAY PI 2026:2.3-BPAY - Void,,,,4.0,Story,
VOID-9,2809916,,01.06.2025 17:17,,On Hold,Major,,23.04.2026 12:19,BPAY PI 2026:2.1-BPAY - Void,BPAY PI 2026:2.3-BPAY - Void,,,4.0,Story,
VOID-23,2977212,,20.10.2025 15:51,,On Hold,Major,,23.04.2026 12:23,BPAY PI 2026:2.3-BPAY - Void,,,,4.0,Story,
VOID-55,3083747,,16.01.2026 14:53,,Ready for Refinement,Major,,27.04.2026 13:58,BPAY PI 2026:2.3-BPAY - Void,,,,6.0,Story,
VOID-3,3194395,,31.03.2026 09:08,29.04.2026 07:50,Done,Major,,29.04.2026 07:50,BPAY PI 2026:2.1-BPAY - Void,,,,4.0,Story,Done
VOID-4,3194396,,31.03.2026 09:08,29.04.2026 07:50,Done,Major,,29.04.2026 07:50,BPAY PI 2026:2.1-BPAY - Void,,,,4.0,Story,Done
VOID-5,3194397,,31.03.2026 09:09,29.04.2026 07:50,Done,Major,,29.04.2026 07:50,BPAY PI 2026:2.1-BPAY - Void,,,,4.0,Story,Done
VOID-6,2877543,,05.08.2025 10:07,29.04.2026 07:49,Done,Major,,29.04.2026 07:49,BPAY PI 2026:2.1-BPAY - Void,BPAY PI 2026:2.2-BPAY - Void,,,3.0,Story,Done
VOID-7,2855348,,03.07.2025 14:15,,In Development,Major,,23.04.2026 12:13,BPAY PI 2026:2.1-BPAY - Void,BPAY PI 2026:2.2-BPAY - Void,,,6.0,Story,
VOID-54,3153165,,03.03.2026 09:26,29.04.2026 07:49,Done,Major,,29.04.2026 07:49,BPAY PI 2026:2.1-BPAY - Void,BPAY PI 2026:2.2-BPAY - Void,,,1.0,Story,Done
VOID-14,2770461,,28.04.2025 09:38,,In Development,Major,,23.04.2026 12:14,BPAY PI 2026:2.1-BPAY - Void,BPAY PI 2026:2.2-BPAY - Void,,,5.0,Story,
VOID-15,2780394,,08.05.2025 08:16,,On Hold,Major,,23.04.2026 12:15,BPAY PI 2026:2.1-BPAY - Void,BPAY PI 2026:2.2-BPAY - Void,,,2.0,Story,
VOID-11,3083743,,16.01.2026 14:46,,In Development,Major,,27.04.2026 13:57,BPAY PI 2026:2.1-BPAY - Void,BPAY PI 2026:2.2-BPAY - Void,,,8.0,Story,
VOID-57,3212197,,08.04.2026 10:57,,In Development,Major,,23.04.2026 12:18,BPAY PI 2026:2.1-BPAY - Void,BPAY PI 2026:2.2-BPAY - Void,,,2.0,Story,
VOID-53,3094427,,23.01.2026 14:18,29.04.2026 07:49,Done,Major,,29.04.2026 07:49,BPAY PI 2026:2.1-BPAY - Void,,,,1.0,Bug,Done
VOID-18,2777945,,06.05.2025 12:30,29.04.2026 07:49,Done,Major,,29.04.2026 07:49,BPAY PI 2026:2.1-BPAY - Void,,,,2.0,Story,Done
VOID-16,2781663,,08.05.2025 12:47,,In Development,Major,,28.04.2026 10:55,BPAY PI 2026:2.2-BPAY - Void,,,,4.0,Story,
VOID-8,2909045,,03.09.2025 16:03,,Refined,Major,,23.04.2026 12:45,BPAY PI 2026:2.2-BPAY - Void,,,,3.0,Story,
VOID-64,3189683,,27.03.2026 09:24,,In Development,Minor,,29.04.2026 08:59,BPAY PI 2026:2.2-BPAY - Void,,,,8.0,Story,
VOID-19,2791708,,16.05.2025 15:53,,Refined,Major,,09.04.2026 15:03,BPAY PI 2026:2.2-BPAY - Void,,,,6.0,Story,
VOID-36,2945449,,24.09.2025 14:50,,Open,Major,,01.04.2026 12:20,BPAY PI 2026:1.2-BPAY - ChillP,BPAY PI 2026:1.3-BPAY - ChillP,BPAY PI 2026:2.3-BPAY - Void,,2.0,Story,
VOID-43,3065394,2945449,22.12.2025 14:03,04.03.2026 13:59,Done,Major,,01.04.2026 12:20,BPAY PI 2026:1.2-BPAY - ChillP,BPAY PI 2026:1.3-BPAY - ChillP,BPAY PI 2026:2.3-BPAY - Void,,,Sub-task,Done
VOID-37,3067350,2945449,30.12.2025 13:33,13.02.2026 14:13,Done,Major,,01.04.2026 12:20,BPAY PI 2026:1.2-BPAY - ChillP,BPAY PI 2026:1.3-BPAY - ChillP,BPAY PI 2026:2.3-BPAY - Void,,,Sub-task,Done
VOID-44,3067293,2945449,30.12.2025 14:23,13.02.2026 14:08,Done,Major,,01.04.2026 12:20,BPAY PI 2026:1.2-BPAY - ChillP,BPAY PI 2026:1.3-BPAY - ChillP,BPAY PI 2026:2.3-BPAY - Void,,,Sub-task,Done
VOID-38,3067299,2945449,30.12.2025 14:37,13.02.2026 14:09,Done,Major,,01.04.2026 12:20,BPAY PI 2026:1.2-BPAY - ChillP,BPAY PI 2026:1.3-BPAY - ChillP,BPAY PI 2026:2.3-BPAY - Void,,,Sub-task,Done
VOID-39,3069146,2945449,05.01.2026 15:30,04.03.2026 14:23,Done,Major,,01.04.2026 12:20,BPAY PI 2026:1.2-BPAY - ChillP,BPAY PI 2026:1.3-BPAY - ChillP,BPAY PI 2026:2.3-BPAY - Void,,,Sub-task,Done
VOID-40,3073702,2945449,09.01.2026 11:55,13.02.2026 14:33,Done,Major,,01.04.2026 12:20,BPAY PI 2026:1.2-BPAY - ChillP,BPAY PI 2026:1.3-BPAY - ChillP,BPAY PI 2026:2.3-BPAY - Void,,,Sub-task,Done
VOID-41,3127244,2945449,10.02.2026 10:29,04.03.2026 14:39,Done,Major,,01.04.2026 12:20,BPAY PI 2026:1.2-BPAY - ChillP,BPAY PI 2026:1.3-BPAY - ChillP,BPAY PI 2026:2.3-BPAY - Void,,,Sub-task,Done
VOID-42,3133881,2945449,13.02.2026 14:07,04.03.2026 15:35,Done,Major,,01.04.2026 12:20,BPAY PI 2026:1.2-BPAY - ChillP,BPAY PI 2026:1.3-BPAY - ChillP,BPAY PI 2026:2.3-BPAY - Void,,,Sub-task,Done
VOID-45,3146870,2945449,25.02.2026 14:30,02.03.2026 15:32,Done,Major,,01.04.2026 12:20,BPAY PI 2026:1.2-BPAY - ChillP,BPAY PI 2026:1.3-BPAY - ChillP,BPAY PI 2026:2.3-BPAY - Void,,,Sub-task,Done
VOID-46,3147201,2945449,25.02.2026 15:05,02.03.2026 13:46,Done,Major,,01.04.2026 12:20,BPAY PI 2026:1.2-BPAY - ChillP,BPAY PI 2026:1.3-BPAY - ChillP,BPAY PI 2026:2.3-BPAY - Void,,,Sub-task,Done
VOID-47,3152296,2945449,02.03.2026 13:49,03.03.2026 11:00,Done,Major,,01.04.2026 12:20,BPAY PI 2026:1.2-BPAY - ChillP,BPAY PI 2026:1.3-BPAY - ChillP,BPAY PI 2026:2.3-BPAY - Void,,,Sub-task,Done
VOID-51,2884000,,13.08.2025 11:48,,Ready for Refinement,Major,,24.04.2026 13:57,BPAY PI 2026:2.4-BPAY - Void,,,,10.0,Story,
VOID-52,2884005,,13.08.2025 12:03,29.04.2026 07:49,Abandoned,Major,,29.04.2026 07:49,,,,,0.0,Story,Done
VOID-25,3078542,,14.01.2026 09:21,,Ready for test,Major,,23.04.2026 12:17,BPAY PI 2026:1.3-BPAY - ChillP,BPAY PI 2026:1.4-BPAY - ChillP,BPAY PI 2026:2.3-BPAY - ChillP,,2.0,Story,
VOID-26,3147172,,25.02.2026 15:57,,Ready for test,Major,,01.04.2026 12:41,BPAY PI 2026:1.3-BPAY - ChillP,BPAY PI 2026:1.4-BPAY - ChillP,BPAY PI 2026:2.3-BPAY - ChillP,,2.0,Story,
VOID-27,2945468,,24.09.2025 14:58,,Ready for test,Major,,01.04.2026 12:41,BPAY PI 2026:1.2-BPAY - ChillP,BPAY PI 2026:1.3-BPAY - ChillP,BPAY PI 2026:1.4-BPAY - ChillP,BPAY PI 2026:2.3-BPAY - ChillP,2.0,Story,
VOID-28,3128114,2945468,10.02.2026 15:15,,Ready for test,Major,,01.04.2026 12:17,BPAY PI 2026:1.2-BPAY - ChillP,BPAY PI 2026:1.3-BPAY - ChillP,BPAY PI 2026:1.4-BPAY - ChillP,BPAY PI 2026:2.3-BPAY - ChillP,,Sub-task,
VOID-29,3146931,2945468,25.02.2026 13:50,03.03.2026 10:16,Done,Major,,01.04.2026 12:17,BPAY PI 2026:1.2-BPAY - ChillP,BPAY PI 2026:1.3-BPAY - ChillP,BPAY PI 2026:1.4-BPAY - ChillP,BPAY PI 2026:2.3-BPAY - ChillP,,Sub-task,Done
VOID-30,3146862,2945468,25.02.2026 14:19,03.03.2026 10:40,Done,Major,,01.04.2026 12:17,BPAY PI 2026:1.2-BPAY - ChillP,BPAY PI 2026:1.3-BPAY - ChillP,BPAY PI 2026:1.4-BPAY - ChillP,BPAY PI 2026:2.3-BPAY - ChillP,,Sub-task,Done
VOID-31,3146877,2945468,25.02.2026 14:38,02.03.2026 14:57,Done,Major,,01.04.2026 12:17,BPAY PI 2026:1.2-BPAY - ChillP,BPAY PI 2026:1.3-BPAY - ChillP,BPAY PI 2026:1.4-BPAY - ChillP,BPAY PI 2026:2.3-BPAY - ChillP,,Sub-task,Done
VOID-32,3146892,2945468,25.02.2026 14:57,03.03.2026 09:02,Done,Major,,01.04.2026 12:17,BPAY PI 2026:1.2-BPAY - ChillP,BPAY PI 2026:1.3-BPAY - ChillP,BPAY PI 2026:1.4-BPAY - ChillP,BPAY PI 2026:2.3-BPAY - ChillP,,Sub-task,Done
VOID-33,3147212,2945468,25.02.2026 15:12,02.03.2026 14:22,Done,Major,,01.04.2026 12:17,BPAY PI 2026:1.2-BPAY - ChillP,BPAY PI 2026:1.3-BPAY - ChillP,BPAY PI 2026:1.4-BPAY - ChillP,BPAY PI 2026:2.3-BPAY - ChillP,,Sub-task,Done
VOID-34,3152435,2945468,02.03.2026 14:17,16.03.2026 10:04,Done,Major,,01.04.2026 12:17,BPAY PI 2026:1.2-BPAY - ChillP,BPAY PI 2026:1.3-BPAY - ChillP,BPAY PI 2026:1.4-BPAY - ChillP,BPAY PI 2026:2.3-BPAY - ChillP,,Sub-task,Done
VOID-35,3141799,,20.02.2026 13:53,,Ready for test,Major,,23.04.2026 12:18,BPAY PI 2026:1.3-BPAY - ChillP,BPAY PI 2026:1.4-BPAY - ChillP,BPAY PI 2026:2.3-BPAY - ChillP,,2.0,Story,
VOID-1,3182622,,24.03.2026 09:20,,Open,,,30.03.2026 15:08,,,,,,Task,
VOID-2,3182624,,24.03.2026 09:20,,Open,Major,,30.03.2026 15:08,,,,,,Task,
VOID-48,3186790,,25.03.2026 15:17,,Ready for Refinement,Major,,02.04.2026 14:32,BPAY PI 2026:2.5-BPAY - Void,,,,6.0,Story,
VOID-65,3189212,,26.03.2026 15:18,26.03.2026 15:18,On Hold,Minor,,17.04.2026 12:21,,,,,,Story,
VOID-67,3189412,,26.03.2026 16:48,26.03.2026 16:48,Open,Minor,,17.04.2026 12:20,,,,,,Story,
VOID-81,3190441,,27.03.2026 11:52,29.04.2026 07:47,Done,Major,,29.04.2026 10:15,BPAY PI 2026:2.2-BPAY - Void,,,,2.0,Story,Done
VOID-66,3191526,,30.03.2026 08:48,30.03.2026 08:48,On Hold,Minor,,21.04.2026 08:04,,,,,,Story,
VOID-69,3194390,,31.03.2026 09:06,,Open,Major,,17.04.2026 09:38,,,,,0.0,Story,
VOID-50,3199660,,01.04.2026 12:44,,On Hold,Major,,23.04.2026 15:45,BPAY PI 2026:2.4-BPAY - Void,,,,8.0,Story,
VOID-68,3194391,,31.03.2026 09:06,29.04.2026 07:49,Done,Major,,29.04.2026 07:49,BPAY PI 2026:2.1-BPAY - Void,,,,0.0,Story,Done
VOID-58,3220054,,13.04.2026 14:23,,Open,Major,,14.04.2026 13:32,,,,,,Story,
VOID-59,3220079,,13.04.2026 14:52,,Open,Major,,14.04.2026 13:36,,,,,,Story,
VOID-60,3220309,,13.04.2026 15:13,,Open,Major,,23.04.2026 17:10,,,,,,Story,
VOID-61,3221610,,14.04.2026 13:25,,Open,Major,,17.04.2026 15:18,,,,,,Story,
VOID-62,3221618,,14.04.2026 13:34,,Open,Major,,17.04.2026 15:19,,,,,,Story,
VOID-63,3221622,,14.04.2026 13:39,,Open,Major,,17.04.2026 15:16,,,,,,Story,
VOID-70,3226435,,17.04.2026 12:23,,Open,Minor,,17.04.2026 12:32,,,,,,Story,
VOID-71,3226440,,17.04.2026 12:31,,Open,Minor,,17.04.2026 12:42,,,,,,Story,
VOID-72,3226449,,17.04.2026 12:36,,Open,Minor,,17.04.2026 12:43,,,,,,Story,
VOID-73,3226452,,17.04.2026 12:43,,Open,Minor,,17.04.2026 12:48,,,,,,Story,
VOID-74,3227616,,20.04.2026 09:59,29.04.2026 07:49,Done,Major,,29.04.2026 07:49,BPAY PI 2026:2.1-BPAY - Void,,,,1.0,Story,Done
VOID-75,3228848,,21.04.2026 09:10,,Open,Major,,21.04.2026 09:10,,,,,,Story,
VOID-76,3232490,,23.04.2026 09:54,,Ready for Refinement,Major,,23.04.2026 12:25,BPAY PI 2026:2.3-BPAY - Void,,,,,Story,
VOID-77,3233553,,23.04.2026 15:45,,On Hold,Major,,23.04.2026 15:45,,,,,8.0,Story,
VOID-78,3233724,,23.04.2026 17:04,,Open,Major,,23.04.2026 17:04,,,,,,Story,
VOID-79,3233726,,23.04.2026 17:08,,Open,Major,,27.04.2026 14:06,,,,,,Task,
VOID-80,3234668,,24.04.2026 14:11,,Ready for Refinement,Major,,27.04.2026 08:52,,,,,,Bug,
VOID-82,3237323,,28.04.2026 07:45,,In Testing,Minor,,29.04.2026 09:30,BPAY PI 2026:2.2-BPAY - Void,,,,3.0,Story,
