Type,Key,Summary,Resolution Date,Open,NEW!,Investigation,Ready for Refinement,On Hold,Waiting for Answer,In Progress,Code review,Ready for Testing,In Testing,Pending,Canceled,Done,,,,,
,,Average time taken (from table),,976.10h,32.18h,82.05h,2990.53h,72.02h,386.92h,167.56h,44.03h,29.02h,40.70h,271.90h,3291.96h,4149.23h,,,,,
,PAYLYNX-1450,Unify data structure in core db for agreement tables,,1.20h,,,,,,,,,,,,,,,,,
,PAYLYNX-1449,E-Invoice - drop usage of EMAIL schema and it's references,,20.13h,,,,,,,,,,,,,,,,,
,PAYLYNX-1448,E-Invoice - investigate and remove grants to EMAIL schema,,20.28h,,,,,,,,,,,,,,,,,
,PAYLYNX-1447,Upgrade to SPRING BOOT 4 remaining projects,,20.40h,,,,,,,,,,,,,,,,,
,PAYLYNX-1446,SkyVault performance testing on 29 April,,24.98h,,,,,,,,,,,,,,,,,
,PAYLYNX-1445,Report for PW,,,20.72h,,,,,,,,,,20.10h,,,,,,
,PAYLYNX-1444,V009 or API?,,,0.37h,,,,46.65h,,,,,,,,,,,,
,PAYLYNX-1443,MB Core: Upgrade to SPRING BOOT 4,,49.75h,,,,,,,,,,,,,,,,,
,PAYLYNX-1442,test,,87.48h,,,,,,,,,,,,,,,,,
,PAYLYNX-1441,Payers code migration (E.invoice),,66.77h,,,,,,50.80h,,,,,,,,,,,
,PAYLYNX-1440,Payment settlement takes too long and the payment type is wrong,,,4.73h,,,,,,,,,,,117.27h,,,,,
,PAYLYNX-1439,MB: Remove warning messages,,0.00h,,,,,,92.98h,20.28h,26.77h,,,,,,,,,
Spike,PAYLYNX-1438,Double ckicks propagated though system introduce processing overhead,,140.42h,,,,,,,,,,,,,,,,,
Spike,PAYLYNX-1437,Proposals how to improve robots alerts,4/24/26,3.07h,,,,,,17.77h,,,,,,122.75h,,,,,
,PAYLYNX-1436,Disable logread for Prod,4/24/26,0.92h,,,,,,0.00h,24.87h,0.00h,0.00h,,,119.82h,,,,,
,PAYLYNX-1435,Fix NFS permission conflict across P01/P02 clusters during Greenfield Migration,,146.28h,,,,,,,,,,,,,,,,,
,PAYLYNX-1434,ATTOLLO_cannot forward customers to checkout,,,26.30h,0.02h,,,0.72h,,,,,,,139.40h,,,,,
,PAYLYNX-1433,MB EXP: Shop -> Notifications -> Run Query button not working,,1.67h,,,,,,0.00h,2.45h,0.37h,0.00h,,,165.63h,,,,,
,PAYLYNX-1432,MB EXP: Broken UI,,188.43h,,,,,,,,,,,,,,,,,
,PAYLYNX-1431,EPS_Increase timeout for BL payment status callbacks,,,72.58h,,,,,,,,,,,116.25h,,,,,
,PAYLYNX-1430,E-invoice notifications to customers,,,139.18h,50.90h,,,,,,,,,,,,,,,
,PAYLYNX-1429,E-invoice (Core): Check Kafka configuration for test and dev,,193.62h,,,,,,,,,,,,,,,,,
,PAYLYNX-1428,Automate incident report numbers,,213.90h,,,,,,,,,,,,,,,,,
,PAYLYNX-1427,Need to check version of auth service usage,,,0.55h,3.32h,,,,,,,,,,283.38h,,,,,
,PAYLYNX-1426,"Ibank: On E-invoice Seller agreement concluding page, channel options from dropdown is not visible",4/20/26,70.37h,,,,,,,,,,,,217.50h,,,,,
,PAYLYNX-1425,Investigate and fix Daily MBBL Regression tests,,72.50h,,,,,,217.53h,,,,,,,,,,,
,PAYLYNX-1424,MIG_BALTIC_PIS montly fee,,,0.10h,2.08h,,,,,,,,,,305.60h,,,,,
Production bug,PAYLYNX-1423,MB CORE + Warden missing hikari pool dashboard,4/22/26,125.30h,,,,,,13.70h,5.98h,1.25h,0.02h,,,169.78h,,,,,
,PAYLYNX-1422,MBBL: payment status handling improvement,,330.57h,,,,,,,,,,,,,,,,,
,PAYLYNX-1421,MBBL UI-test improvement by adding all field validations,,333.08h,,,,,,,,,,,,,,,,,
,PAYLYNX-1420,Add e-invoices prod namespace to andromeda portal,4/20/26,118.05h,,,,,,0.00h,,,,,,216.00h,,,,,
,PAYLYNX-1419,EPLV_BILETES; EPLV_STAVV_WEB; EPLV_STAVV_APP,,,22.45h,24.47h,,,,,,,,,,307.70h,,,,,
,PAYLYNX-1418,MBBL: DB change of execution plan,,307.75h,,,,,,48.58h,,,,,,,,,,,
Test,PAYLYNX-1417,MBBL UI-test add all fields validations,,23.33h,,,,,,,,,,,333.08h,,,,,,
Production bug,PAYLYNX-1416,MB CORE Weekly report cannot be triggered,4/22/26,141.62h,,,,,,23.10h,22.98h,,,,,169.62h,,,,,
,PAYLYNX-1415,PIS service complaint - RĪGAS SATIKSME info needed,,,1.28h,0.00h,,,358.60h,,,,,,,,,,,,
,PAYLYNX-1414,report for Tpilet,,,0.35h,,,,,,,,,,,361.75h,,,,,
,PAYLYNX-1413,EINVOICE not possible to nullify field,,362.12h,,,,,,,,,,,,,,,,,
,PAYLYNX-1412,EINVOICE not possible to nullify field,,362.15h,,,,,,,,,,,,,,,,,
,PAYLYNX-1411,STAR: failing envoiced in star-insurance,,0.00h,,,,,,163.63h,,0.00h,0.00h,,,217.03h,,,,,
,PAYLYNX-1410,MEDON_Delayed/missing callbacks from Swedbank Banklink integration,,,0.43h,,,,,,,,,,,384.05h,,,,,
,PAYLYNX-1409,Merchant ID_SSSIA_not receiving background (backend) confirmations from bank side,,,3.03h,,,,23.25h,,,,,,,360.55h,,,,,
,PAYLYNX-1408,ETOIMIK missing debtor name payments,,,0.77h,,,,,,,,,,,453.13h,,,,,
,PAYLYNX-1407,E-Invoice - ibank cleanup from EMAIL schema and it's references,,458.27h,,,,,,,,,,,,,,,,,
,PAYLYNX-1406,WARDEN: payment status not updated to SETTLED,,2.05h,,,,,,1.08h,0.00h,117.10h,29.43h,,,309.27h,,,,,
,PAYLYNX-1405,shopify plugin data,,,0.45h,,,,259.18h,,,,,,,218.10h,,,,,
,PAYLYNX-1404,ANDPAY_problem with VK_MAC,,,2.33h,,,,,,,,,,,477.47h,,,,,
,PAYLYNX-1403,label changes,,481.98h,,,,,,,,,,,,,,,,,
,PAYLYNX-1402,VK_SND_NAME_different information,,,1.22h,,,,,,,,,,,499.62h,,,,,
,PAYLYNX-1401,ANDPAY_ we are no longer receiving the debtor field even for Swedbank payments,,,1.37h,,,,,,,,,,,499.58h,,,,,
Spike,PAYLYNX-1400,E-invoice application & Automated Payment Agreement via API,4/13/26,0.50h,,,,,,120.98h,,,,,,379.85h,,,,,
,PAYLYNX-1399,ResponsePayloadV3 errorMessage should include rejectionReason if available for REJECTED status,4/15/26,0.35h,,,,,,20.33h,4.70h,115.82h,25.07h,,,335.17h,,,,,
Production bug,PAYLYNX-1398,E-invoice SGW failing on delivery report xml,,0.00h,,,,,,1.02h,3.63h,189.13h,119.40h,,,189.12h,,,,,
,PAYLYNX-1397,last time used,,,3.18h,0.00h,,,,,,,,,,501.83h,,,,,
,PAYLYNX-1396,Authentication error_GS_CORE,,,27.83h,,,,,,,,,,,477.42h,,,,,
,PAYLYNX-1395,EI CORE: create manual trigger API,,505.62h,,,,,,,,,,,,,,,,,
Production bug,PAYLYNX-1394,"E-Invoice - ""seller reports"" under-performing report functionality",,506.55h,,,,,,,,,,,,,,,,,
Production bug,PAYLYNX-1393,"E-Invoice - ""list of payments"" payment update not reflected in e-invoice table",,2.33h,,,,,,,,,,,504.75h,,,,,,
,PAYLYNX-1392,special price,,,0.58h,0.90h,,,22.18h,,,,,,,500.92h,,,,,
,PAYLYNX-1391,E-invoice: Regression testing Sprint 5,4/7/26,0.07h,,,,,,,,,,,525.73h,,,,,,
,PAYLYNX-1390,E-invoice: Regression testing Sprint 5,,525.80h,,,,,,,,,,,,,,,,,
,PAYLYNX-1389,E-invoice: Regression testing Sprint 3,,525.82h,,,,,,,,,,,,,,,,,
,PAYLYNX-1388,E-invoice: Regression testing Sprint 2,,523.43h,,,,,,2.37h,,,,,,,,,,,
,PAYLYNX-1387,E-invoice: Regression testing Sprint 1,4/16/26,187.78h,,,,,,27.23h,90.67h,0.00h,,0.85h,,219.25h,,,,,
,PAYLYNX-1386,E-invoice: Procurement number (placeholder),,527.98h,,,,,,,,,,,,,,,,,
,PAYLYNX-1385,last time used?,,,5.72h,20.93h,,,,,,,,,,501.87h,,,,,
,PAYLYNX-1384,Banklink payment error,,,0.75h,384.18h,,,216.23h,,,,,,,25.85h,,,,,
,PAYLYNX-1383,E-invoice: in LT add additional reference number validation pattern option,4/2/26,3.67h,,,,,,0.00h,,0.00h,,,,642.83h,,,,,
,PAYLYNX-1382,MB EXP: RU removal from pi.swedbank.com - 21st of May,,649.17h,,,,,,,,,,,,,,,,,
,PAYLYNX-1381,Prestashop 9,,,17.68h,0.07h,,,119.50h,,,,,,,530.18h,,,,,
,PAYLYNX-1380,STAR: no error visible in open model bic validation ,,692.88h,,,,,,,,,,,,,,,,,
,PAYLYNX-1379,E-invoice: Add Alerts,,709.83h,,,,,,,,,,,,,,,,,
,PAYLYNX-1378,E-invoice: Configure Helm profile for prod,,709.92h,,,,,,,,,,,,,,,,,
,PAYLYNX-1377,E-invoice: Order firewalls for prod,,709.98h,,,,,,,,,,,,,,,,,
,PAYLYNX-1376,E-invoice: Configure a dashboard in Andromeda portal,,710.05h,,,,,,,,,,,,,,,,,
,PAYLYNX-1375,E-invoice: Order load balancer for prod,,591.08h,,,,,,119.00h,,,,,,,,,,,
,PAYLYNX-1374,E-invoice: Order namespace for prod,4/15/26,345.55h,,,,,,7.28h,,17.98h,5.22h,,,334.05h,,,,,
,PAYLYNX-1373,E-invoice (LT): update service id on 7th of April (INC08686275),4/7/26,210.47h,,,,,,0.00h,,0.00h,0.00h,,,528.67h,,,,,
,PAYLYNX-1372,"CORE: create alert for increasing ""no answer"" metric",4/1/26,138.08h,,,,,,,,,,,672.32h,,,,,,
,PAYLYNX-1369,E-invoice: endpoint for mass automated payment agreement creation,,671.55h,,,,,,166.25h,,,,,,,,,,,
,PAYLYNX-1368,E-invoice: finalize configuration of mTLS by ordering firewall from SGW,,840.92h,,,,,,,,,,,,,,,,,
Production bug,PAYLYNX-1367,Failing UI tests,4/6/26,0.00h,,,,,,299.10h,,1.88h,4.55h,,,547.80h,,,,,
,PAYLYNX-1366,EINVOICE CORE no examples in swagger,,0.00h,,,,,,0.10h,15.05h,0.08h,0.00h,,,843.02h,,,,,
,PAYLYNX-1365,MBBL system documentation improvements at the end of PI:2 2026,,859.22h,,,,,,,,,,,,,,,,,
,PAYLYNX-1364,Merchant ID - BITFLAKE,,,18.93h,,,,341.08h,,,,,,,500.90h,,,,,
,PAYLYNX-1363,test for RUS removal in LV,,,25.48h,170.72h,,,159.43h,,,,,,,506.58h,,,,,
,PAYLYNX-1362,Assign ownership of e-invoices packages in ibank repo,,864.07h,,,,,,,,,,,,,,,,,
,PAYLYNX-1361,E-invoice: SkyVault common performance testing on 25th of March,3/25/26,30.00h,,,,,,0.00h,,0.00h,,,,835.93h,,,,,
,PAYLYNX-1360,E-invoice: test out all the connections for autotests,,879.35h,,,,,,,,,,,,,,,,,
,PAYLYNX-1357,e-invoice: replace old library with new one Vol3,4/7/26,0.00h,,,,,,0.00h,6.23h,346.88h,,,,530.03h,,,,,
,PAYLYNX-1355,E-invoice: Docker-in-Docker runner for autotests,,884.92h,,,,,,,,,,,,,,,,,
,PAYLYNX-1354,E-invoice: 02.04 run performance tests in part of common REL292 performance testing,4/2/26,238.55h,,,,,,1.13h,,0.00h,,,,645.98h,,,,,
,PAYLYNX-1353,"E-invoice: Regression testing, needs to be done before 03.04",4/3/26,266.27h,,,,,,0.00h,,,,,,619.48h,,,,,
,PAYLYNX-1352,Sandbox: Jenkins migration,,888.08h,,,,,,,,,,,,,,,,,
,PAYLYNX-1351,E-invoice: SkyVault regression testing on PI2,,888.10h,,,,,,,,,,,,,,,,,
,PAYLYNX-1350,Regression testing for Skyvault (E-commerce PIS),,888.17h,,,,,,,,,,,,,,,,,
,PAYLYNX-1349,E-invoice: SkyVault common performance testing on PI2 (date not clear yet),,888.33h,,,,,,,,,,,,,,,,,
,PAYLYNX-1348,E-invoice: Implement AgreementSummary sending in case of agreement creation and change (Automated payment agreement),,721.68h,,,,,,0.00h,1.22h,165.65h,,,,,,,,,
,PAYLYNX-1347,MBBL Worker: Authentication usage cleanup,,890.92h,,,,,,,,,,,,,,,,,
,PAYLYNX-1346,Statement API cant handle load,,0.17h,,,,,,5.37h,60.97h,5.90h,25.17h,,,858.30h,,,,,
,PAYLYNX-1371,E-Invoice Applications and Agreements Details - After logged out/login returns to unfunctional view,3/18/26,1003.50h,,,,,,,,,,,,,,,,,
,PAYLYNX-1345,EINVOICE LIB Failing bean creation,3/23/26,0.00h,,,,,,73.95h,0.25h,54.43h,,,,876.93h,,,,,
,PAYLYNX-1344,Update RC signup packet to support 009,,510.28h,,,,,,305.45h,143.23h,48.57h,,,,,,,,,
,PAYLYNX-1343,Over 1200 new home insurance contracts don't have SOA.,,,244.03h,,,,,,,,,,,786.47h,,,,,
,PAYLYNX-1342,E-invoice: SkyVault common performance testing on 18th March,3/19/26,22.50h,,,,,,27.48h,,,,,,981.32h,,,,,
,PAYLYNX-1341,everypay is not getting status CANCELLED_BY_USER,,,165.93h,,,,866.40h,,,,,,,,,,,,
,PAYLYNX-1340,Sharecapital data received from Registry Centre via sign-up LT,,,90.70h,,,,960.47h,,,,,,,,,,,,
,PAYLYNX-1359,E-Invoice Application Page - Error with Ecoservice provider,3/16/26,1052.55h,,,,,,,,,,,,,,,,,
,PAYLYNX-1339,E-invoice: create swic endpoint,,1052.60h,,,,,,,,,,,,,,,,,
,PAYLYNX-1338,E-invoice: Implement AgreementSummary sending in case of agreement creation and change for Operator agreement,,744.33h,,,,,,139.85h,2.78h,18.18h,147.47h,,,,,,,,
,PAYLYNX-1337,E-invoice: Implement AgreementSummary sending in case of agreement creation and change,4/8/26,215.00h,,,,,,330.95h,1.07h,,,,,505.63h,,,,,
,PAYLYNX-1336,when client used this ID last time?,,,1.93h,,,,189.48h,,,,,,,862.12h,,,,,
,PAYLYNX-1335,identification transactions month by month is needed for the period 2025 August – 2026 January,,,5.33h,0.08h,,,,,,,,,,1050.85h,,,,,
Production bug,PAYLYNX-1334,EXP DEMO non-valid iban,3/20/26,2.32h,,,,,,4.05h,100.05h,,,,,950.35h,,,,,
,PAYLYNX-1333,Bankl link paymens does not work since Friday,,,2.70h,20.42h,,,0.00h,,,,,,,1035.15h,,,,,
,PAYLYNX-1332,Merchant ZZDATS,,,1.47h,,,,261.02h,,,,,,,862.12h,,,,,
,PAYLYNX-1331,ATTOLLO_No payment status updates are being returned from Swedbank,,,0.60h,94.52h,,,15.60h,,,,,,,1035.15h,,,,,
,PAYLYNX-1330,3003 auth failing,3/16/26,0.00h,,,,,,4.87h,84.30h,0.97h,0.02h,,,1055.72h,,,,,
,PAYLYNX-1329,please check this payment,,,2.38h,22.05h,,,261.13h,,,,,,,862.08h,,,,,
,PAYLYNX-1328,ERGOAP_we are not receiving the client’s name and surname from the web service,,,4.28h,23.45h,,,259.70h,,,,,,,862.12h,,,,,
,PAYLYNX-1327,E-invoice: 19th March run performance tests in part of common REL291 performance testing,3/19/26,170.58h,,,,,,0.85h,,,,,,980.95h,,,,,
,PAYLYNX-1326,failed payment,,,7.20h,22.07h,,,260.97h,,,,,,,862.25h,,,,,
,PAYLYNX-1325,Create new Operator using PAYWERK merchant public key,,,295.20h,,,,189.48h,,,,,,,693.88h,,,,,
,PAYLYNX-1324,Improve integration tests run time,,0.00h,,,,,,187.20h,,,0.00h,,,1008.28h,,,,,
,PAYLYNX-1323,POstconstruct stop DEMO from starting,,18.50h,,,,,,55.82h,,67.73h,78.57h,,,975.88h,,,,,
,PAYLYNX-1358,E-Invoices: Insecure Direct Object Reference (IDOR),,0.00h,,,46.18h,,,1153.38h,,,,,,,,,,,
,PAYLYNX-1322,E-invoice: create Oracle DB user for core-e-invoice-baltic (TEST),4/21/26,0.03h,,,,,,11.70h,49.45h,150.93h,473.55h,338.92h,,191.80h,,,,,
,PAYLYNX-1321,"E-invoice: Regression testing, needs to be done before 23.03",3/23/26,66.77h,,,,,,129.48h,,,,140.98h,,883.25h,,,,,
,PAYLYNX-1320,Core: implement possibility to delete Operators public key,,1319.65h,,,,,,,,,,,,,,,,,
,PAYLYNX-1319,DZELZCEL_V008 or V009?,,,1.52h,0.00h,,,195.28h,,,,,,,1123.28h,,,,,
,PAYLYNX-1318,when client using authentication service last time,,,20.17h,0.00h,,,195.30h,,,,,,,1123.23h,,,,,
,PAYLYNX-1317,MBCORE demo not starting,3/10/26,0.00h,,,,,,142.48h,,,,,,1196.52h,,,,,
,PAYLYNX-1316,when was done last payment,,,22.53h,0.00h,,,195.27h,,,,,,,1123.28h,,,,,
Spike,PAYLYNX-1315,Investigate for MBBL to migrate to OffsetDateTime,,1343.63h,,,,,,,,,,,,,,,,,
,PAYLYNX-1314,company PIS payment received to private customer account,,,25.12h,0.00h,,,195.30h,,,,,,,1123.25h,,,,,
,PAYLYNX-1313,Order new terminal server to Azure,,508.48h,,,,,,338.48h,,,,499.98h,,,,,,,
,PAYLYNX-1312,E-invoice: Add additional Service id label to Star LV,4/2/26,703.75h,,,,,,,,,,,643.48h,,,,,,
,PAYLYNX-1311,E-invoice: use Client for automated payment agreement endpoint in lib-e-invoice-baltic library,,1363.87h,,,,,,,,,,,,,,,,,
,PAYLYNX-1310,E-invoice: use Client for operator endpoint in lib-e-invoice-baltic library,,1363.98h,,,,,,,,,,,,,,,,,
,PAYLYNX-1309,E-invoice: configure mTLS for all environments,3/25/26,233.83h,,,,,,287.72h,0.02h,2.23h,,,,840.70h,,,,,
,PAYLYNX-1308,E-invoice: create client for local seller endpoint in lib-e-invoice-baltic library,4/15/26,526.57h,,,,,,314.55h,66.45h,96.55h,27.87h,,,332.53h,,,,,
,PAYLYNX-1307,MCORE failing ui tests,3/5/26,9.07h,,,,,,46.15h,0.15h,0.00h,1.42h,,,1321.15h,,,,,
,PAYLYNX-1306,e-invoice: replace old library with new one Vol2,3/23/26,5.87h,,,,,,68.82h,480.28h,192.73h,91.47h,327.00h,,217.07h,,,,,
,PAYLYNX-1305,Core contract tests no validation,3/6/26,7.77h,,,,,,5.38h,12.63h,49.30h,18.73h,,,1297.25h,,,,,
,PAYLYNX-1304,Refund testing in Everypay - failed payment,,1.75h,9.20h,0.00h,,,521.17h,,,,,,,862.13h,,,,,
Production bug,PAYLYNX-1303,"E-invoice: in Ibank LV, Automatic payment agreement pdf wrong language is used in some fields",,1427.22h,,,,,,,,,,,,,,,,,
,PAYLYNX-1302,POS application update in iBank,3/25/26,619.98h,,,,,,,,,,,841.60h,,,,,,
,PAYLYNX-1301,CORE: change officer email,2/27/26,0.28h,,,,,,0.00h,17.00h,,,,,1465.25h,,,,,
,PAYLYNX-1300,Onboard to Greenfield,,2.17h,,,,,,1482.32h,,2.10h,,,,,,,,,
Spike,PAYLYNX-1299,E-invoice: Preparation for meeting with Rasa,4/2/26,866.68h,,,,,,,,,,,642.90h,,,,,,
,PAYLYNX-1298,e-invoice: replace old library with new one Vol1,3/23/26,0.22h,,,,,,46.93h,500.05h,,,80.77h,,883.18h,,,,,
,PAYLYNX-1297,why PIS payment do not working?,,,3.63h,,,,19.80h,,,,,,,1488.83h,,,,,
,PAYLYNX-1296,E-invoice: follow-up finalization of Onboarding to needed applications,3/7/26,3.45h,,,,,,43.83h,0.32h,11.93h,92.92h,96.12h,,1264.00h,,,,,
,PAYLYNX-1295,E-invoice: Regression testing towards SkyVault,,315.33h,,,,,,1130.95h,67.42h,,,,,,,,,,
,PAYLYNX-1294,INBOKSS_not receiving a callback from the client,,,31.80h,60.52h,,,577.70h,,,,,,,862.13h,,,,,
,PAYLYNX-1370,E-Invoice Automated Payment History - cancel button not working,,1485.85h,,,,72.02h,,,,,,,,,,,,,
,PAYLYNX-1356,E-invoice Application Page - agreement name issue,,1561.78h,,,,,,,,,,,,,,,,,
,PAYLYNX-1293,WARDEN: add Operator based pricing support to fee engine,,1625.98h,,,,,,,,,,,,,,,,,
,PAYLYNX-1292,STAR: add support for Operator pricing to agreement management,,1626.08h,,,,,,,,,,,,,,,,,
,PAYLYNX-1291,E-Invoice: improving autotests with Baltic data model library,,1626.35h,,,,,,,,,,,,,,,,,
,PAYLYNX-1290,E-Invoice: make new autotests functioning,,1626.42h,,,,,,,,,,,,,,,,,
,PAYLYNX-1289,E-Invoice: create Star users for autotests,3/20/26,288.23h,,,,,,353.88h,0.25h,22.78h,,,,961.30h,,,,,
,PAYLYNX-1288,E-Invoice: create project in GitHub,3/9/26,280.90h,,,,,,120.07h,,2.17h,6.20h,,,1217.22h,,,,,
,PAYLYNX-1287,E-invoice lib feature flag,3/16/26,119.83h,,,,,,284.73h,48.87h,120.88h,5.30h,,,1051.05h,,,,,
,PAYLYNX-1286,E-invoice: endpoint for automated payment agreement creation,,1128.38h,,,,,,163.32h,123.13h,1.53h,214.80h,,,,,,,,
,PAYLYNX-1285,E-invoice: endpoint for Operator agreement creation,3/24/26,583.08h,,,,,,76.53h,21.25h,60.87h,23.17h,,,866.28h,,,,,
,PAYLYNX-1284,E-invoice: endpoint for LocalSeller agreement creation,3/23/26,266.77h,,,,,,224.28h,84.88h,98.33h,74.23h,,,883.55h,,,,,
,PAYLYNX-1283,Closed firewall to openbanking Greenfield,2/23/26,19.22h,,,,,,69.28h,,,,,,1561.38h,,,,,
,PAYLYNX-1282,authentication service ,,,153.53h,0.00h,,,377.07h,,,,,,,1123.27h,,,,,
,PAYLYNX-1281,how many payments was done in february,,,156.50h,,,,12.65h,,,,,,,1487.68h,,,,,
,PAYLYNX-1280,E-invoice: SkyVault performance testing in GATE - middle of March,3/23/26,790.75h,,,,,,,,,,,884.90h,,,,,,
,PAYLYNX-1279,used last time?,,,10.58h,158.88h,,,,,,,,,,1508.60h,,,,,
,PAYLYNX-1278,last time used?,,,10.62h,158.88h,,,,,,,,,,1508.58h,,,,,
Production bug,PAYLYNX-1277,"When the details/message is too long, the view is broken",2/19/26,21.10h,,,,,,5.13h,0.77h,0.02h,0.15h,,,1651.88h,,,,,
Spike,PAYLYNX-1276,E-invoice: List down all the places where agreement is changed,,1680.95h,,,,,,,,,,,,,,,,,
,PAYLYNX-1275,EPS_LOG files for the payments,,,29.87h,158.92h,,,,,,,,,,1508.55h,,,,,
,PAYLYNX-1274,E-invoice: preparation to Perform SkyVault performance tests,2/25/26,44.27h,,,,,,148.03h,,21.12h,22.92h,,,1513.27h,,,,,
,PAYLYNX-1273,merchant cannot pay 10k - pis payment dont go,,,77.93h,214.87h,,,646.25h,,,,,,,862.30h,,,,,
,PAYLYNX-1272,CORE: Implement support for operator based standard prices,,1801.60h,,,,,,,,,,,,,,,,,
Production bug,PAYLYNX-1271,Ibank Auth 3003 Missing name,,0.00h,,,,,,0.22h,1.93h,0.00h,0.00h,,,1822.57h,,,,,
,PAYLYNX-1270,COMPENSA_The VK_INFO field is missing the customer's name and surname,,,4.25h,312.35h,,,,,,,,,,1508.53h,,,,,
,PAYLYNX-1269,VK_INFO field is missing the customer's NAME and SURNAME,,,4.67h,312.33h,,,,,,,,,,1508.53h,,,,,
Production bug,PAYLYNX-1268,CORE/EXp logread qouta exceeded,3/16/26,0.00h,,,,,,34.22h,,,,754.65h,,1056.68h,,,,,
,PAYLYNX-1267,problems with payments,,,2.97h,334.72h,,,646.38h,,,,,,,862.13h,,,,,
,PAYLYNX-1266,Banklink test migrate stub tabs creation to github,2/13/26,3.08h,,,,,,33.17h,11.30h,1.18h,1.48h,,,1797.37h,,,,,
,PAYLYNX-1265,E-invoice: Filebarn integration,,1848.17h,,,,,,,,,,,,,,,,,
,PAYLYNX-1264,CORE merchantid generator exclude common parts,,1848.28h,,,,,,,,,,,,,,,,,
,PAYLYNX-1263,E-invoice: create Oracle DB user for core-e-invoice-baltic,3/9/26,344.28h,,,,,,183.13h,95.98h,8.80h,0.17h,,,1216.28h,,,,,
,PAYLYNX-1262,E-invoice: Create roles for einvoices schema data access,3/10/26,402.68h,,,,,,150.62h,88.80h,8.58h,14.87h,,,1201.40h,,,,,
,PAYLYNX-1261,CORE: errors in test environment,,22.67h,,,,,,26.52h,18.70h,0.63h,0.65h,,,1798.70h,,,,,
,PAYLYNX-1260,Find out how to fix LV client EPS expiring special price issue,,,27.85h,719.95h,,,,,,,,,,1123.28h,,,,,
,PAYLYNX-1259,iBank: send authentication metadata to mbbl-core API (step 2),3/2/26,361.02h,,,,,,116.95h,,1.98h,4.58h,,,1387.10h,,,,,
,PAYLYNX-1258,E-invoice: Onboard to needed applications,2/25/26,91.37h,,,,,,283.83h,,0.00h,,,,1513.20h,,,,,
,PAYLYNX-1257,last usage,,,0.37h,0.00h,,,1027.55h,,,,,,,862.32h,,,,,
,PAYLYNX-1256,FONDS_PLECS3,,,1.28h,0.00h,,,406.85h,,,,,,,1487.67h,,,,,
,PAYLYNX-1255,Prod: expiring certificate prod-worker-mbbl-warden.w863.sb,2/11/26,0.07h,,,,,,46.33h,0.70h,,,,,1849.05h,,,,,
,PAYLYNX-1254,CORE no validation for operator id,2/9/26,66.82h,,,,,,0.03h,1.25h,4.03h,0.02h,,,1892.00h,,,,,
,PAYLYNX-1253,E-invoice: Increase duplicate e-invoice check for the e-invoice sent by Operator,4/2/26,1340.02h,,,,,,,,,,,643.32h,,,,,,
Production bug,PAYLYNX-1252,E-invoice: Star - Update Seller Elisa additional information,,136.67h,,,,,,75.43h,0.23h,140.47h,0.12h,,,1630.52h,,,,,
,PAYLYNX-1251,E-invoice: Create AD amendment for W712 project,2/25/26,138.67h,,,,,,331.53h,,,,,,1513.42h,,,,,
,PAYLYNX-1250,E-invoice: create new application in Andromeda,2/11/26,21.25h,,,,,,117.38h,,,,,,1848.20h,,,,,
,PAYLYNX-1249,Spring Boot Admin 403 TEST/PROD,2/6/26,0.00h,,,,,,0.32h,23.37h,0.00h,1.33h,,,1962.42h,,,,,
,PAYLYNX-1248,Warden: Update mTLS DEV certificate,2/6/26,0.05h,,,,,,0.77h,,23.82h,1.65h,0.62h,,1962.37h,,,,,
,PAYLYNX-1247,CORE: Access denied for Mac users locally,,1705.52h,,,,,,283.90h,,,,,,,,,,,
,PAYLYNX-1246,Core: implement usage of new limits table,,1991.17h,,,,,,,,,,,,,,,,,
,PAYLYNX-1245,LT inactive PIS agreements (EP solution) closing,,,92.55h,0.00h,,,428.88h,,,,,,,1487.67h,,,,,
,PAYLYNX-1244,E-invoice: GitHub migration - switching and archiving,,2010.25h,,,,,,,,,,,,,,,,,
,PAYLYNX-1243,Warden: Update replica set to 2,2/4/26,0.00h,,,,,,0.02h,0.97h,,,,,2011.75h,,,,,
,PAYLYNX-1242,E-invoice: Regression testing,3/4/26,625.03h,,,,,,44.73h,,,,,,1345.72h,,,,,
,PAYLYNX-1241,E-invoice: GitHub migration (einvoice-generator),3/11/26,852.45h,,,,,,,,,,,1176.90h,,,,,,
,PAYLYNX-1240,E-invoice: GitHub migration (einvoice-payments-machine),,2029.60h,,,,,,,,,,,,,,,,,
,PAYLYNX-1239,E-invoice: GitHub migration (einvoice-components),2/25/26,218.32h,,,,,,299.52h,,,,,,1511.82h,,,,,
,PAYLYNX-1238,Needed to check what version is used for customer authentication service,,,117.62h,0.00h,,,428.85h,,,,,,,1487.70h,,,,,
,PAYLYNX-1237,when this ID was used last time,,,3.93h,0.05h,,,568.52h,,,,,,,1487.67h,,,,,
,PAYLYNX-1236,Update standard inquiry template to adapt to E-Invoice,,2060.22h,,,,,,,,,,,,,,,,,
,PAYLYNX-1235,PIS does not work (seems like this affects all merchants),,,49.02h,0.00h,,,568.55h,,,,,,,1487.70h,,,,,
,PAYLYNX-1234,Review & Improve existing Grafana alerts,,2008.35h,,,,,,120.60h,2.75h,,,,,,,,,,
Production bug,PAYLYNX-1233,Warden: refund xml,,2.87h,,,,,,66.73h,,,52.87h,,,2012.25h,,,,,
,PAYLYNX-1232,Failed PIS payments,,,0.28h,0.00h,,,2134.85h,,,,,,,,,,,,
,PAYLYNX-1214,E-invoices: SkyVault testing,,2172.77h,,,,,,,,,,,,,,,,,
,PAYLYNX-1213,E-invoices: Update Recovery plan,,2173.38h,,,,,,,,,,,,,,,,,
,PAYLYNX-1212,INBOKSS_continuation PAYLYNX-1151,,,5.18h,0.77h,,,686.18h,,,,,,,1487.72h,,,,,
,PAYLYNX-1211,CORE Deletion constrain violation,2/9/26,52.35h,,,,,,75.97h,19.08h,115.53h,25.13h,,,1896.45h,,,,,
,PAYLYNX-1210,TESTING - adding Procurement number to CREBIT.PF_ENTRY,2/6/26,180.78h,,,,,,0.00h,,0.00h,39.97h,,,1964.05h,,,,,
,PAYLYNX-1209,last log from ID EER,,,0.78h,27.52h,,,686.97h,,,,,,,1487.72h,,,,,
,PAYLYNX-1208,Has there been no contact with the bank at all using those ID?,,,1.68h,0.00h,,,714.48h,,,,,,,1487.72h,,,,,
,PAYLYNX-1207,E-invoices: placeholder,3/23/26,1343.60h,,,,,,,,,,,884.85h,,,,,,
,PAYLYNX-1206,E-invoices: placeholder,3/9/26,1007.75h,,,,,,,,,,,1220.72h,,,,,,
,PAYLYNX-1205,E-invoices: placeholder,2/24/26,696.68h,,,,,,,,,,,1531.78h,,,,,,
,PAYLYNX-1204,E-invoices: placeholder for whatever is next,2/6/26,259.97h,,,,,,,,,,,1968.52h,,,,,,
,PAYLYNX-1203,E-invoices: get AD amendments approved,3/9/26,1007.88h,,,,,,,,,,,1220.67h,,,,,,
,PAYLYNX-1202,CORE notification sent to local adress,2/4/26,12.05h,,,,,,160.63h,48.02h,3.32h,0.00h,,,2005.77h,,,,,
,PAYLYNX-1201,E-invoices: Map all the dependencies with einvoices component,2/3/26,56.00h,,,,,,138.92h,,,,,,2035.80h,,,,,
,PAYLYNX-1200,MUDIA_Issue with the New API v3,,,26.67h,0.00h,,,716.38h,,,,,,,1488.83h,,,,,
,PAYLYNX-1199,Closure of passive MBBL EE agreements,,117.05h,0.72h,0.62h,,,488.03h,,,,,,,1695.90h,,,,,
,PAYLYNX-1198,when those ID was used last time,,,47.00h,0.07h,,,0.02h,,,,,,,2255.98h,,,,,
,PAYLYNX-1197,IBANK 4001 packets errors,,0.00h,,,,,,2.07h,3.30h,3.70h,0.00h,,,2296.02h,,,,,
,PAYLYNX-1196,when this ID was used last time,,,49.25h,0.00h,,,0.08h,,,,,,,2255.98h,,,,,
,PAYLYNX-1195,CORE - cache not cleared automatically after release,,0.23h,,,,,,96.77h,8.40h,23.77h,0.00h,,,2185.58h,,,,,
,PAYLYNX-1194,STAR change enum to OPERATOR,2/9/26,280.63h,,,,,,27.85h,,0.73h,0.78h,119.53h,,1892.33h,,,,,
,PAYLYNX-1193,CORE Merchant Id suggestion take too long for LT,2/4/26,95.62h,,,,,,95.38h,97.30h,23.88h,5.23h,,,2005.73h,,,,,
,PAYLYNX-1192,MBBL agreement in STAR label updates,,2325.43h,0.08h,,,,,,,,,,,,,,,,
,PAYLYNX-1191,when those ID was used last time?,,,4.18h,0.08h,,,17.38h,,,,,,,2324.27h,,,,,
,PAYLYNX-1190,Add Procurement Numbers to db in PROD,1/26/26,141.82h,,,,,,,,,,,2228.05h,,,,,,
,PAYLYNX-1189,problem with payments,,,33.50h,0.00h,,,17.38h,,,,,,,2324.27h,,,,,
,PAYLYNX-1188,Prepare AD amendment for Unity Portfolio Epic,,2396.03h,,,,,,,,,,,,,,,,,
,PAYLYNX-1187,WORKER statement recheck,,0.72h,,,,,,19.18h,52.75h,69.00h,70.75h,,,2184.72h,,,,,
,PAYLYNX-1186,Warden: certificates expired and certificate expiration not visable in grafana,,72.10h,,,,,,96.40h,,13.67h,0.00h,,,2219.25h,,,,,
,PAYLYNX-1185,CORE: Separate Agreement and Refund limits in db to avoid concurrency gaps,,0.02h,,,,,,264.67h,267.80h,1.80h,24.22h,,,1843.00h,,,,,
,PAYLYNX-1184,"MUDIA, not ANDPAY_iPhone users problem",,,65.73h,0.00h,,,76.42h,,,,,,,2324.27h,,,,,
,PAYLYNX-1183,Worker: start using Andromeda CA truststore,,2469.20h,,,,,,,,,,,,,,,,,
,PAYLYNX-1182,Urgent!!! MELYNAIRGELTONA; MELYNAIRGELTON2,,,68.83h,75.42h,,,0.98h,,,,,,,2324.27h,,,,,
Production bug,PAYLYNX-1181,pi.swedbank.com - V2 is not visible from menu,,72.10h,,,,,,2.08h,,0.68h,0.00h,,,2396.43h,,,,,
,PAYLYNX-1180,E-INVOICE Autotest modernization,,2472.75h,,,,,,,,,,,,,,,,,
,PAYLYNX-1179,CORE failing Ui tests,1/20/26,0.00h,,,,,,106.72h,,,,,,2377.25h,,,,,
,PAYLYNX-1178,Start using Core db in SkyVault for TEST,,2492.47h,,,,,,,,,,,,,,,,,
,PAYLYNX-1177,Start using new runner for MBBL,2/9/26,432.93h,,,,,,162.20h,1.47h,0.58h,0.00h,,,1895.45h,,,,,
,PAYLYNX-1176,Change PIS agreement statuss for ID: EPLV_ZURAVSKA-R,,,1.67h,0.00h,,,167.57h,,,,,,,2324.27h,,,,,
,PAYLYNX-1175,CORE: Low performance of 90 days turnover calculation,,1992.63h,,,,,,284.32h,201.30h,14.62h,3.33h,,,,,,,,
,PAYLYNX-1174,CORE: Merchant turnover calculation does not include all successful finished payments,,17.98h,,,,,,,,,,,2496.15h,,,,,,
,PAYLYNX-1173,MBBL system documentation improvements at the end of PI:2 2026,,2514.83h,,,,,,,,,,,,,,,,,
,PAYLYNX-1172,False alerts for warden and experience applications,1/19/26,0.00h,,,,,,48.52h,64.18h,0.00h,0.10h,,,2402.17h,,,,,
,PAYLYNX-1171,MBBL agreement printing in STAR label updates in EE,,,25.42h,166.30h,,,68.20h,,,,,,,2256.07h,,,,,
,PAYLYNX-1170,Provide Procurement number to CREBIT.PF_ENTRY,1/28/26,26.05h,,,,,,217.68h,,91.05h,0.00h,,,2184.83h,,,,,
,PAYLYNX-1169,MBBL system documentation improvements,1/28/26,5.97h,,,,,,190.27h,139.75h,,,,,2184.75h,,,,,
,PAYLYNX-1168,New team members onboarding,1/14/26,19.85h,,,,,,,,,,,,2520.90h,,,,,
,PAYLYNX-1167,Refund is duplicated and client gets misleading error 400 when core API call lasts longer than 30 seconds,1/27/26,0.62h,,,,,,50.35h,166.50h,21.35h,100.67h,,,2203.15h,,,,,
,PAYLYNX-1166,Need to check version of used auth service,,,0.73h,0.00h,,,218.03h,,,,,,,2324.27h,,,,,
,PAYLYNX-1165,Close PIS agreements in PB level due the inactivity,,,21.37h,143.92h,,,0.00h,,,,,,,2400.23h,,,,,
,PAYLYNX-1164,when this ID was used last time?,,,1.23h,71.13h,,,,,,,,,,2563.63h,,,,,
Production bug,PAYLYNX-1163,Fix email list for fees,1/13/26,0.00h,,,,,,4.92h,72.33h,19.38h,1.42h,,,2543.47h,,,,,
,PAYLYNX-1162,Change Artea bank logo before end of Jan Y26,2/3/26,475.08h,,,,,,49.13h,76.13h,26.98h,0.00h,,,2030.12h,,,,,
Production bug,PAYLYNX-1161,Refund issues with multiplication and limit applicability,,20.98h,,,,,,9.33h,15.07h,97.38h,141.95h,,,2402.15h,,,,,
,PAYLYNX-1160,Sandbox error showing during Failed payment,,2687.88h,,,,,,,,,,,,,,,,,
,PAYLYNX-1159,Close 276 LV agreements due to inactivity,,2.43h,1.57h,20.15h,,,,,,,,,,2708.87h,,,,,
,PAYLYNX-1157,"False monitoring alerts due to changed ""job"" label value",,0.08h,,,,,,0.35h,66.45h,25.52h,0.18h,,,2711.87h,,,,,
,PAYLYNX-1155,WORKER,1/2/26,0.52h,,,,,,0.00h,0.00h,2.85h,0.00h,,,2805.90h,,,,,
,PAYLYNX-1154,update worker cert in test env,1/7/26,17.65h,,,,,,3.90h,48.77h,0.00h,118.02h,,,2687.12h,,,,,
,PAYLYNX-1153,Telia informed us that they are not receiving payments from Atea and Luminor,,,0.73h,,,,,,,,,,,2877.05h,,,,,
,PAYLYNX-1152,Implement MBBL Andromeda logs to Logread in PROD,1/25/26,387.58h,,,,,,199.38h,0.00h,59.03h,0.00h,,,2255.50h,,,,,
,PAYLYNX-1151,Merchant does not receive a callback,,,19.95h,0.15h,,,,,,,,,,3045.83h,,,,,
,PAYLYNX-1150,commision fee from another client's account,,,576.30h,,,,0.07h,,,,,,,2491.52h,,,,,
,PAYLYNX-1149,when this ID was used last time,,,64.85h,0.02h,,,167.68h,,,,,,,2905.53h,,,,,
,PAYLYNX-1148,Test: Invalid certificate,12/19/25,0.00h,,,,,,19.42h,0.58h,0.47h,0.47h,,,3143.67h,,,,,
,PAYLYNX-1147,when this ID was used last time,,,18.48h,0.00h,,,263.40h,,,,,,,2905.53h,,,,,
Production bug,PAYLYNX-1146,"WARDEN Statements polling, missing data",12/29/25,0.00h,,,,,,4.72h,0.00h,0.37h,287.92h,,,2904.02h,,,,,
Production bug,PAYLYNX-1145,WORKER no logs,12/17/25,15.92h,,,,,,0.00h,0.00h,,,,,3197.10h,,,,,
Production bug,PAYLYNX-1144,Static resources spamming logs,1/2/26,0.00h,,,,,,220.63h,107.20h,1.80h,98.25h,,,2804.42h,,,,,
Production bug,PAYLYNX-1143,EXP missing mapping for error in swagger,12/16/25,2.12h,,,,,,0.05h,1.20h,3.42h,15.22h,,,3215.60h,,,,,
,PAYLYNX-1142,"Login to Citadele page ,refundScenario=SANDBOX_REFUND  ",,95.52h,,,,,,342.35h,0.35h,89.62h,1.58h,,,2712.07h,,,,,
,PAYLYNX-1141,downgrade spring boot version,,0.00h,,,,,,0.15h,1.82h,5.23h,43.60h,,,3192.33h,,,,,
,PAYLYNX-1140,Check banklink-common and ibank for needed changes due to Operator,2/2/26,1248.05h,,,,,,,,,,,0.03h,2060.80h,,,,,
,PAYLYNX-1139,Core: Assure backward compatibility for AgreementSummary,3/9/26,1743.72h,,,,,,0.63h,0.00h,0.72h,94.33h,172.10h,,1225.35h,,,,,
Spike,PAYLYNX-1138,Find a solution how to support Operator based standard prices,2/18/26,1321.03h,,,,,,186.30h,122.72h,,,,,1678.87h,,,,,
,PAYLYNX-1137,Show the operator agreement,1/2/26,502.08h,,,,,,,,,,,2806.87h,,,,,,
,PAYLYNX-1136,STAR: show in star the list of operators and agreements,4/22/26,2472.17h,,,,,,361.43h,165.90h,90.53h,49.92h,,,169.02h,,,,,
,PAYLYNX-1135,Core: test updates of merchant id suggestion endpoint,3/5/26,1991.70h,,,,,,0.00h,,0.00h,0.02h,,,1317.28h,,,,,
,PAYLYNX-1134,Core: Attach Operator to existing Merchant agreement,3/16/26,2109.90h,,,,,,147.03h,,,,,1052.10h,,,,,,
,PAYLYNX-1133,Core: Operator agreement - create agreement editing endpoints,3/5/26,1992.00h,,,,,,,,,,,1317.17h,,,,,,
,PAYLYNX-1132,Review & update Service Offering dependency components in SNAP,,3354.45h,,,,,,,,,,,,,,,,,
,PAYLYNX-1131,API v2 swagger improvement,1/14/26,455.58h,,,,,,185.27h,193.33h,0.02h,0.00h,,,2520.77h,,,,,
,PAYLYNX-1130,009 or API,,,0.72h,0.02h,,,,,,,,,,3383.93h,,,,,
,PAYLYNX-1129,problem with the payment,,,0.45h,0.43h,,,,,,,,,,3404.15h,,,,,
,PAYLYNX-1128,Callback incident Diginet,12/9/25,,0.20h,19.15h,,,0.15h,,,,,,,3361.73h,,,,,
,PAYLYNX-1127,Notification incident 2nd December,,,0.98h,,,,,,,,,,,3408.13h,,,,,
,PAYLYNX-1126,LT Merchant BIOSALA can not make refund,12/9/25,,0.00h,2.63h,,,91.67h,,,,,,,3361.67h,,,,,
,PAYLYNX-1125,Fee debiting: Unable to debit fee,12/5/25,5.98h,,,,,,,,0.00h,,,,3475.77h,,,,,
,PAYLYNX-1124,Response of PIS payment about refund functionality availability,1/20/26,1123.20h,,,,,,,,,,,2375.83h,,,,,,
,PAYLYNX-1123,Request to resend notifications,,,2.60h,,,,591.37h,,,,,,,2905.53h,,,,,
,PAYLYNX-1122,Claims from the customers related to MIP incident on the 2 nd December,,,4.87h,,,,591.38h,,,,,,,2905.52h,,,,,
,PAYLYNX-1121,WARDEN: fix trace logging,12/10/25,167.33h,,,,,,,,,,,,3332.67h,,,,,
,PAYLYNX-1120,Merchant ID: UZDEV1,,,27.68h,,,,591.38h,,,,,,,2905.50h,,,,,
,PAYLYNX-1119,"Autotests are failing, check instant limits, SSL error",12/24/25,0.85h,,,,,,20.13h,0.00h,,,493.00h,,3013.13h,,,,,
,PAYLYNX-1118,last time used,,,54.28h,,,,591.37h,,,,,,,2905.52h,,,,,
,PAYLYNX-1231,"[DB] Add ""Procurement number"" field to E-invoice related Periodical Fees",,0.00h,,378.17h,3194.98h,,,,,,,,,,,,,,
,PAYLYNX-1117,LT Merchant SEESAM complaining that they don't get from us final status notifications,,,1.85h,49.15h,,,42.18h,,,,,,,3480.08h,,,,,
Production bug,PAYLYNX-1116,WARDEN restclient using small connection timeout,12/2/25,3.70h,,,,,,17.18h,0.02h,3.88h,,,,3549.25h,,,,,
Production bug,PAYLYNX-1115,Missing Index in SQL,12/3/25,4.40h,,,,,,2.10h,0.00h,20.93h,19.52h,,,3529.90h,,,,,
Production bug,PAYLYNX-1114,Worker failed to send report about calculation,,0.28h,,,,,,0.10h,4.12h,20.73h,22.30h,,,3529.33h,,,,,
,PAYLYNX-1113,new special price,,,0.05h,,,,119.27h,,,,,,,3549.57h,,,,,
Production bug,PAYLYNX-1112,"MBBL CORE: Errors in logs , unable to fetch user info ,service stable up and running , just logs are polluted with errors",12/1/25,83.22h,,,,,,13.70h,0.72h,,,,,3572.37h,,,,,
,PAYLYNX-1227,"[STAR] Add ""Procurement number"" field to ""View/change seller agreement"" page",,0.00h,,22.70h,3668.45h,,,,,,,,,,,,,,
,PAYLYNX-1228,"[STAR] Add ""Procurement number"" field to ""Seller agreement details"" page",,0.03h,,22.33h,3668.92h,,,,,,,,,,,,,,
,PAYLYNX-1229,"[STAR] Add ""Procurement number"" field to ""New seller sgreement"" page",,0.00h,,19.23h,3672.08h,,,,,,,,,,,,,,
,PAYLYNX-1230,[DB] Create new attribute for Procurement Number in einvoices.local_seller_agreement,,0.02h,,0.28h,3692.55h,,,,,,,,,,,,,,
,PAYLYNX-1111,Core:Disable fees debiting and calculation before 28.11,11/27/25,24.22h,,,,,,2.63h,0.00h,1.63h,,,,3668.53h,,,,,
,PAYLYNX-1110,Worker: cleanup job improvements,,3716.27h,,,,,,,,,,,,,,,,,
,PAYLYNX-1109,STAR: adding non customer IBAN for fee debiting,,3739.65h,,,,,,,,,,,,,,,,,
,PAYLYNX-1108,Payment collection account changes after agreement version update,,,72.83h,,,,,,,,,,,3746.27h,,,,,
,PAYLYNX-1107,payment problems,,,26.93h,,,,65.00h,,,,,,,3746.23h,,,,,
,PAYLYNX-1106,Add Merchant key downloading to sandbox,12/16/25,362.73h,,,,,,240.12h,18.50h,1.55h,0.25h,,,3215.33h,,,,,
,PAYLYNX-1105,SANDBOX: when refreshing payment page status gets initial,,266.82h,,,,,,390.52h,36.37h,0.00h,72.53h,,,3073.40h,,,,,
,PAYLYNX-1104,Clean-up of remaining 008 legacy - Part2,12/17/25,335.88h,,,,,,291.72h,18.88h,0.02h,23.17h,,,3193.88h,,,,,
Production bug,PAYLYNX-1103,EXP Refund not visible in sandbox environment,11/19/25,0.00h,,,,,,0.07h,2.92h,,,,,3860.82h,,,,,
,PAYLYNX-1102,Payment initiation service usage,,,9.45h,,,,,,,,,,,3858.57h,,,,,
,PAYLYNX-1101,Test robots: add login-preprod.swedbank.ee to the list of allowed domains,11/18/25,2.42h,,,,,,0.00h,,,,,,3885.70h,,,,,
,PAYLYNX-1100,SANDBOX: error on changing state,,2.17h,,,,,,3.47h,1.53h,4.63h,14.22h,,,3863.75h,,,,,
,PAYLYNX-1099,AUTOSOIT question about stopped 7.11 payment,12/9/25,,93.57h,,,,431.82h,,,,,,,3356.77h,,,,,
,PAYLYNX-1098,when this ID was used last time?,,,1.27h,,,,,,,,,,,3906.50h,,,,,
,PAYLYNX-1097,"SkyVault testing, Core DB in TEST, LT / LV / EE - W4",1/25/26,1652.70h,,,,,,,,,,,2255.50h,,,,,,
,PAYLYNX-1096,The version of the query being used is not allowed.,,,1.98h,,,,,,,,,,,3909.13h,,,,,
,PAYLYNX-1095,Order firewalls for MBBL Github test,1/14/26,748.75h,,,,,,527.82h,,,,114.35h,,2520.82h,,,,,
,PAYLYNX-1094,Andromeda applications migration to github,,3911.82h,,,,,,,,,,,,,,,,,
,PAYLYNX-1093,"SkyVault testing, TEST Core DB: 24-26 NOV",11/26/25,194.02h,,,,,,0.00h,0.02h,0.00h,22.80h,,,3696.45h,,,,,
,PAYLYNX-1092,Create details message for refund fee debiting transactions,12/3/25,168.95h,,,,,,2.48h,27.23h,19.83h,166.50h,,,3529.93h,,,,,
,PAYLYNX-1091,WARDEN: cleanup job takes only 1 batch with 4500 rows,,16.95h,,,,,,,,,,,3914.90h,,,,,,
Spike,PAYLYNX-1090,Procurement number for Governmental company's VAT invoices in LT,12/29/25,736.40h,,,,,,338.22h,,,,,,2905.07h,,,,,
,PAYLYNX-1089,Fees: disable calculation and debiting jobs in core,12/3/25,451.93h,,,,,,,,,,,3503.87h,,,,,,
,PAYLYNX-1088,failed payment status,,,1.52h,0.00h,,,282.37h,,,,,,,3696.20h,,,,,
Spike,PAYLYNX-1087,Investigate solution for Open packet users in MBBL API,,3981.48h,,,,,,,,,,,,,,,,,
,PAYLYNX-1086,autentification service,,,4.42h,282.33h,,,0.02h,,,,,,,3696.20h,,,,,
,PAYLYNX-1085,Add party name in to MDM SWIC endpoint,12/29/25,1102.27h,,,,,,,,,,,2903.10h,,,,,,
Production bug,PAYLYNX-1084,CORE MTLS for HUB,11/13/25,0.00h,,,,,,4.68h,0.00h,0.18h,,,,4002.43h,,,,,
,PAYLYNX-1083,Inactive Customers BL/PIS/Auth,,,144.40h,0.00h,,,,,,,,,,3883.23h,,,,,
,PAYLYNX-1082,The client says the issue is till ongoing,,,1.70h,0.00h,,,,,,,,,,4056.00h,,,,,
,PAYLYNX-1081,"After id card update , members who have rights cannot access to our console",11/20/25,177.62h,,,,,,30.62h,11.25h,30.95h,,,,3829.12h,,,,,
,PAYLYNX-1080,"MBBL fees: make possible to trigger warden jobs from core console, Create job in WARDEN for checking tasks",12/29/25,575.02h,,,,,,287.70h,73.90h,0.12h,239.22h,,,2905.35h,,,,,
,PAYLYNX-1079,"MBBL fees: make possible to trigger warden jobs from core console, create andromeda library",,4081.37h,,,,,,,,,,,,,,,,,
,PAYLYNX-1078,Update owner info for our service in GIT,,,283.53h,216.95h,,,,,,,,,,3647.75h,,,,,
Production bug,PAYLYNX-1077,"Investigate unexpected.unique_constraint_violation case , in debugger, warning logs",12/2/25,479.67h,,,,,,141.38h,0.73h,17.90h,3.23h,,,3551.22h,,,,,
,PAYLYNX-1076,Clean-up in LV and EE old flow ibank pages,12/10/25,837.90h,,,,,,,,,,,3360.30h,,,,,,
,PAYLYNX-1075,Migrate robots to newer Open Banking pages,,4198.45h,,,,,,,,,,,,,,,,,
,PAYLYNX-1074,Add Refund to Sandbox,11/19/25,0.38h,,,,,,315.55h,1.53h,4.67h,14.02h,,,3863.92h,,,,,
,PAYLYNX-1073,Customer identification volumes needed,,,0.97h,,,,,,,,,,,4199.37h,,,,,
Production bug,PAYLYNX-1072,CORE parsing of urlunencoded,12/2/25,357.25h,,,,,,146.13h,24.05h,17.18h,127.03h,,,3546.22h,,,,,
Production bug,PAYLYNX-1071,EXp wrong link for sandbox,11/4/25,0.00h,,,,,,0.23h,0.00h,0.57h,,,,4218.98h,,,,,
,PAYLYNX-1070,Merchant id: FAILIEM,,,6.10h,235.28h,,,0.00h,,,,,,,3978.58h,,,,,
Production bug,PAYLYNX-1069,Low timeout in CORE,11/4/25,0.00h,,,,,,1.98h,0.00h,0.00h,,,,4219.53h,,,,,
,PAYLYNX-1068,Move cron expressions from application source code to MBBL DB,,4224.47h,,,,,,,,,,,,,,,,,
,PAYLYNX-1067,failing ui test,11/5/25,0.00h,,,,,,5.25h,18.48h,,,,,4200.90h,,,,,
,PAYLYNX-1066,last time used?,,,1.87h,0.00h,,,341.40h,,,,,,,3978.58h,,,,,
,PAYLYNX-1065,Improving payment type selection for PIS,1/14/26,1799.53h,,,,,,0.18h,18.52h,4.15h,17.65h,,,2521.68h,,,,,
,PAYLYNX-1063,MBBL Reporting: add auth statistics to weekly trx reports,4/1/26,3209.65h,,,,,,391.52h,180.40h,2.43h,30.13h,,,572.77h,,,,,
,PAYLYNX-1062,Re-write agreement creation endpoint,2/6/26,1937.68h,,,,,,308.75h,189.47h,6.08h,48.05h,0.00h,,1964.20h,,,,,
,PAYLYNX-1061,Core: Create operators endpoint,3/9/26,2611.30h,,,,,,448.83h,107.97h,39.58h,23.65h,,,1222.92h,,,,,
,PAYLYNX-1060,"Change old agreements annex table and merchant agreement table, include operator settings.",1/9/26,1552.05h,,,,,,45.05h,,148.97h,73.05h,,,2635.17h,,,,,
,PAYLYNX-1059,"Core, Exp, Warden: Re-name Everypay enum to Operator",2/13/26,2297.22h,,,,,,259.50h,48.62h,49.12h,4.28h,,,1795.68h,,,,,
,PAYLYNX-1058,Change the logic for default public key,12/15/25,1047.13h,,,,,,77.98h,14.85h,16.17h,62.43h,,,3235.95h,,,,,
,PAYLYNX-1057,Create new DB table for operator configuration,12/15/25,711.17h,,,,,,193.23h,196.83h,55.00h,62.43h,,,3235.95h,,,,,
,PAYLYNX-1056,Rename existing EP type alias,3/31/26,3764.18h,,,,,,,,,,,690.73h,,,,,,
,PAYLYNX-1055,EDS has performed corrections as per 009 version’s guidelines,,,67.85h,,,,1513.22h,,,,,,,2905.52h,,,,,
,PAYLYNX-1054,Enable Paysera to existing MBBL agreements,,4512.20h,,,,,,,,,,,,,,,,,
,PAYLYNX-1053,Enable Paysera in STAR and donation pages,,4512.53h,,,,,,,,,,,,,,,,,
,PAYLYNX-1052,Testing Paysera payment before launch,,4529.05h,,,,,,,,,,,,,,,,,
,PAYLYNX-1051,Onboarding new LT bank - Paysera,,4529.22h,,,,,,,,,,,,,,,,,
,PAYLYNX-1050,Question from the client,,,17.95h,,,,1608.05h,,,,,,,2905.52h,,,,,
,PAYLYNX-1049,MBBL-TEST connection check,12/17/25,720.83h,,,,,,625.10h,,,,,,3167.95h,,,,,
,PAYLYNX-1048,Github Arch Decision for Docker-in-Docker,11/26/25,503.93h,,,,,,216.98h,,98.03h,22.77h,,,3696.37h,,,,,
,PAYLYNX-1047,Refund is not visible in pdf if refund enabled,,0.00h,,,,,,0.10h,0.27h,0.00h,0.00h,,,4538.15h,,,,,
,PAYLYNX-1046,CORE sonar 157 issues,10/30/25,281.23h,,,,,,34.82h,,,,,,4334.37h,,,,,
,PAYLYNX-1045,STAR DEV technical error in agreement view,,65.57h,,,,,,50.23h,0.00h,0.00h,0.00h,,,4535.62h,,,,,
,PAYLYNX-1044,EPS,,,2.60h,113.57h,,,,,,,,,,4535.38h,,,,,
,PAYLYNX-1042,Check MDM dependency,12/3/25,938.13h,,,,,,189.93h,,,,,,3529.20h,,,,,
,PAYLYNX-1041,pending payments in WooCommerce,,,167.17h,498.97h,,,25.72h,,,,,,,3983.93h,,,,,
,PAYLYNX-1040,Clean-up of old donation pages in ibank,11/5/25,499.43h,,,,,,,,,,,4199.15h,,,,,,
,PAYLYNX-1039,Migrate Support page content to pi.swedbank.com ,,4698.70h,,,,,,,,,,,,,,,,,
,PAYLYNX-1038,Failed payments with the reason merchant do not understand,,,21.95h,,,,,,,,,,,4677.47h,,,,,
,PAYLYNX-1037,Clean-up signup for EE,,4705.73h,,,,,,,,,,,,,,,,,
,PAYLYNX-1036,Worker: trigger Agreement Summery after Double Customer Merge,10/15/25,0.55h,,,,,,,,,,,4705.92h,,,,,,
,PAYLYNX-1035,CORE Failed on temp issue,11/5/25,347.38h,,,,,,122.03h,3.70h,21.18h,24.80h,,,4198.10h,,,,,
,PAYLYNX-1034,Core: Trigger update to Agreement Summary after party data was updated,10/27/25,189.82h,,,,,,2.98h,48.32h,0.57h,68.85h,,,4414.80h,,,,,
Spike,PAYLYNX-1033,Artifactory API keys migration to Access Tokens,,4727.42h,,,,,,,,,,,,,,,,,
,PAYLYNX-1032,payments problem,,,1.72h,357.58h,,,,,,,,,,4489.15h,,,,,
,PAYLYNX-1031,CORE trailing spaces in transactionId,10/21/25,101.70h,,,,,,97.45h,88.23h,0.57h,8.27h,,,4553.33h,,,,,
,PAYLYNX-1030,Upgrade Donation page integration to API for payments,10/29/25,330.17h,,,,,,143.85h,1.77h,2.18h,25.40h,,,4362.22h,,,,,
,PAYLYNX-1029,Merchant ID: PARKING,,,19.53h,3.50h,,,28.43h,,,,,,,4819.60h,,,,,
,PAYLYNX-1028,EXP/CORE/WARDEN Network microsegmentation TEST <13.10 ordering,10/29/25,314.65h,,,,,,45.47h,,126.50h,32.08h,23.10h,,4355.67h,,,,,
,PAYLYNX-1027,Not possible to update customer id for new db if there are records in RefundLimits,10/6/25,0.00h,,,,,,0.32h,0.00h,0.00h,1.57h,,,4919.00h,,,,,
,PAYLYNX-1026,API v3 launch pre-requisites,10/29/25,598.28h,,,,,,5.37h,15.98h,0.00h,6.78h,,,4363.42h,,,,,
,PAYLYNX-1025,"Sandbox: adding more status scenarios, small UI improvements",10/15/25,141.08h,,,,,,122.33h,21.42h,1.42h,3.60h,,,4701.03h,,,,,
,PAYLYNX-1024,Update certificate for: psd2.api.swedbank.com Expiry: 2025-10-16 02:59:59,10/6/25,70.27h,,,,,,0.25h,0.95h,0.25h,0.02h,,,4920.32h,,,,,
,PAYLYNX-1022,Update certificate for: dev-exp-mbbl-customer.w863.sb Expiry: 2025-10-30 12:09:40,10/29/25,504.25h,,,,,,147.33h,6.17h,0.28h,0.00h,,,4355.68h,,,,,
,PAYLYNX-1021,Update certificate for: dev-core-multibank-banklink.w863.sb Expiry: 2025-10-30 12:08:16,10/29/25,627.47h,,,,,,24.32h,6.32h,0.15h,0.00h,,,4355.68h,,,,,
,PAYLYNX-1020,Merchant ID: EPS - VK_REF; VK_MSG,,,2.28h,,,,550.60h,,,,,,,4489.05h,,,,,
,PAYLYNX-1019,problem with new keys,,,1.78h,,,,122.50h,,,,,,,4918.45h,,,,,
Production bug,PAYLYNX-1017,Not possible to use console for quering data,10/7/25,164.08h,,,,,,4.98h,0.88h,21.00h,1.43h,,,4894.42h,,,,,
,PAYLYNX-1016,EXP/WARDEN failing andromeda plugin onboarding,11/13/25,173.20h,,,,,,863.88h,46.82h,1.33h,,,,4004.57h,,,,,
,PAYLYNX-1015,CORE gradle upgrade fails,10/17/25,193.38h,,,,,,245.98h,,,,,,4650.47h,,,,,
,PAYLYNX-1014,WARDEN decrease nr of pods,10/9/25,191.82h,,,,,,29.68h,0.95h,17.42h,,,,4850.05h,,,,,
,PAYLYNX-1013,CORE create report about changes,10/2/25,7.62h,,,,,,3.72h,58.50h,0.00h,80.77h,,,5010.83h,,,,,
,PAYLYNX-1012,Worker: Party MDM trigger changes in core,10/14/25,0.00h,,,,,,10.80h,82.70h,75.37h,266.67h,,,4727.65h,,,,,
,PAYLYNX-1011,MBBL payments error_EPLV_AUTOTRANSP,,,0.88h,,,,,,,,,,,5184.23h,,,,,
,PAYLYNX-1010,Test MBBL Andromeda logs move to Logread,12/29/25,551.88h,,,,,,1465.60h,,144.80h,0.00h,144.48h,,2903.23h,,,,,
,PAYLYNX-1009,invalid query,,,0.08h,,,,0.12h,,,,,,,5210.30h,,,,,
,PAYLYNX-1008,money comes to wallet with delay,,,27.27h,0.00h,,,378.45h,,,,,,,4851.55h,,,,,
,PAYLYNX-1007,worker-mbbl-warden logs PV,9/26/25,170.90h,,,,,,,,,,,5156.45h,,,,,,
Production bug,PAYLYNX-1006,CORE unmapped error,10/8/25,268.40h,,,,,,72.58h,87.80h,2.57h,45.97h,,,4874.50h,,,,,
,PAYLYNX-1005,009 or API?,,,0.92h,,,,46.45h,,,,,,,5325.33h,,,,,
Production bug,PAYLYNX-1004,old banklink flow signing issue,,5372.73h,,,,,,,,,,,,,,,,,
,PAYLYNX-1003,Update Auth Merchants whitelist of trusted domains for PROD,,5373.55h,,,,,,,,,,,,,,,,,
,PAYLYNX-1002,Create URL validation for vulnerable Auth packets,,5373.68h,,,,,,,,,,,,,,,,,
Production bug,PAYLYNX-1001,WARDEN concurrency issue,,252.48h,,,,,,1.08h,35.18h,0.00h,75.10h,,,5014.28h,,,,,
,PAYLYNX-1000,Open Model change Swedbank account,,,40.18h,0.22h,,,0.15h,,,,,,,5355.25h,,,,,
,PAYLYNX-999,KURSI_15.09.2025,,,48.72h,,,,46.37h,,,,,,,5325.32h,,,,,
,PAYLYNX-998,"ASAP_COMPENSA_money are reserved, MTPL policies not issued",,,0.92h,,,,68.47h,,,,,,,5353.22h,,,,,
,PAYLYNX-997,Ibank eservice link change,9/17/25,1.22h,,,,,,0.00h,95.30h,26.75h,0.32h,,,5372.80h,,,,,
Production bug,PAYLYNX-996,REDIRECT case still exists - testing in production,,97.72h,,,,,,2.10h,42.88h,0.00h,0.58h,,,5354.27h,,,,,
,PAYLYNX-995,009 or API,,,4.55h,0.05h,,,,,,,,,,5493.18h,,,,,
,PAYLYNX-994,One time report - last trx date for EP agreements,,,29.73h,,,,143.97h,,,,,,,5348.08h,,,,,
,PAYLYNX-993,CSDD payment_EPLV_CSDD_VAS,,,45.68h,,,,,,,,,,,5493.37h,,,,,
,PAYLYNX-992,Core: Use one mailing list for incidents email,9/11/25,0.35h,,,,,,1.22h,0.00h,24.82h,0.00h,,,5516.98h,,,,,
,PAYLYNX-991,Start-up statistics according to sign-up messages,,,22.57h,,,,,,,,,,,5541.37h,,,,,
,PAYLYNX-990,Statistics on PIS e-comm plugins usability,,,70.82h,,,,,,,,,,5494.60h,,,,,,
,PAYLYNX-989,ANDROMEDA: Spacetime Helm Chart: Integrated Truststores,9/26/25,236.22h,,,,,,143.00h,36.20h,,,,,5163.25h,,,,,
,PAYLYNX-988,when this ID was used last time?,,,0.90h,,,,,,,,,,,5586.98h,,,,,
,PAYLYNX-987,Auth Merchants whitelist of trusted domains,,5590.65h,,,,,,,,,,,,,,,,,
,PAYLYNX-986,payment from SEB did not succeed with the error 'neleidziamas mokejimo tipas',,,20.13h,31.07h,,,,,,,,,,5540.00h,,,,,
Production bug,PAYLYNX-985,EXP: swagger styling is off,9/8/25,0.00h,,,,,,0.23h,0.02h,1.03h,0.82h,,,5589.52h,,,,,
,PAYLYNX-984,PW/SWPay integration AD preparation,9/8/25,0.08h,,,,,,,,,,,5591.95h,,,,,,
,PAYLYNX-983,Report of vulnerable packet usage on 008,9/11/25,,3.18h,0.48h,,,140.88h,,,,,,,5521.03h,,,,,
,PAYLYNX-982,Add e-mail to incidents reporting email,,,21.98h,144.73h,,,144.45h,,,,,,,5397.90h,,,,,
,PAYLYNX-981,WARDEN: upgrade SGW XML model,,5712.62h,,,,,,,,,,,,,,,,,
,PAYLYNX-980,EXP: update swagger based on recent questions,9/17/25,219.87h,,,,,,93.23h,2.12h,24.33h,1.17h,,,5372.28h,,,,,
,PAYLYNX-979,CORE: create unique details for refund payment,9/15/25,179.55h,,,,,,10.97h,7.33h,92.33h,3.75h,,,5419.23h,,,,,
,PAYLYNX-978,FONDS PLECS,,,1.93h,0.82h,,,333.33h,,,,,,,5397.90h,,,,,
,PAYLYNX-977,FONDS_PLECS3 clients cannot use autentification using bank,,,0.62h,0.10h,,,336.77h,,,,,,,5397.88h,,,,,
,PAYLYNX-976,payment error,9/11/25,,1.23h,3.78h,,,209.75h,,,,,,,5521.12h,,,,,
,PAYLYNX-975,Implement logs deletion from Logread after 10 years,3/2/26,4247.65h,,,,,,29.98h,,18.63h,52.58h,,,1387.78h,,,,,
,PAYLYNX-974,"Sanitize ends , to prevent errors in core",,48.83h,,,,,,162.22h,336.70h,0.00h,0.05h,,,5209.52h,,,,,
,PAYLYNX-973,MBBL fees: make possible to trigger warden jobs from core console,12/1/25,1566.15h,,,,,,329.52h,199.02h,21.15h,71.42h,,,3573.82h,,,,,
,PAYLYNX-972,009 Migration report,9/26/25,576.22h,,,,,,0.00h,,24.38h,,,,5161.20h,,,,,
,PAYLYNX-971,MBBL fees: onboard warden to Pricing Service,10/8/25,601.32h,,,,,,263.90h,22.20h,,,,,4874.42h,,,,,
,PAYLYNX-970,Go back page could not be found,,,0.48h,0.27h,,,,,,,,,,5832.25h,,,,,
Production bug,PAYLYNX-969,Ibank banklink auth better label,9/2/25,0.02h,,,,,,0.67h,8.58h,2.03h,95.28h,,,5737.77h,,,,,
Production bug,PAYLYNX-968,Ibank banklink auth requires strong auth,,727.93h,,,,,,5124.67h,,,,,,,,,,,
,PAYLYNX-967,closing ID 01.09.2025,9/11/25,,94.67h,0.03h,,,239.77h,,,,,,,5521.87h,,,,,
,PAYLYNX-966,Warden: move settlement polling to nightly,9/18/25,52.85h,,,,,,450.30h,0.00h,4.92h,21.48h,,,5351.42h,,,,,
Production bug,PAYLYNX-965,EXP and CORE deployment blocked by coverage,8/28/25,0.38h,,,,,,2.23h,57.22h,,,,,5843.70h,,,,,
,PAYLYNX-964,Get approval for IPR/PartyMDM related AD changes,9/19/25,27.80h,,,,,,0.00h,,,,545.85h,,5330.20h,,,,,
,PAYLYNX-963,"Unable to get reports , fees ,transactions , in test",,140.23h,,,,,,300.52h,29.73h,5.22h,0.22h,,,5517.12h,,,,,
,PAYLYNX-962,"Old tables flow , errors in logs",9/30/25,704.85h,,,,,,47.55h,152.80h,0.00h,22.77h,0.02h,,5067.05h,,,,,
,PAYLYNX-960,"After switch to new tables! Deadlock for transaction , tech error on page , if some service is down , for example notification center",9/4/25,74.23h,,,,,,1.72h,2.72h,163.05h,74.52h,,,5685.25h,,,,,
,PAYLYNX-959,EHI review KB0036887 v1.0,9/30/25,745.02h,,,,,,77.13h,0.00h,89.67h,25.25h,,,5065.05h,,,,,
,PAYLYNX-958,agreement ID EOB - technical error for lager sum payment,,,1.93h,,,,242.48h,,,,,,,5757.98h,,,,,
,PAYLYNX-957,"Worker ,cannot insert nulls in notification_failure",8/22/25,17.67h,,,,,,0.67h,2.52h,0.02h,1.12h,,,5997.33h,,,,,
,PAYLYNX-956,"Not possible to make refund , transaction_type name is not valid",8/22/25,1.58h,,,,,,0.08h,16.93h,2.92h,0.00h,,,5998.77h,,,,,
,PAYLYNX-955,"Payment EXECUTED , but no money on account , merchant AK_DEVELOPMENTS",,499.78h,,,,,,,,,,,5520.80h,,,,,,
,PAYLYNX-954,one payment missing,,,3.67h,,,,,,,,,,,6020.85h,,,,,
,PAYLYNX-953,EPLV_CSDD_VAS - No information available about transaction execution,,,18.87h,,,,122.28h,,,,,,,5929.25h,,,,,
,PAYLYNX-952,Starting account statistics EE,,,1.17h,,,,,,,,,,,6069.98h,,,,,
,PAYLYNX-951,last time used,,,0.27h,,,,,,,,,,,6072.88h,,,,,
,PAYLYNX-950,Non-standard report - number of authentications by day (june 2025),,,1.23h,,,,,,,,,,,6073.02h,,,,,
,PAYLYNX-949,Manual agreement deletion trigger in console improvements,,6092.38h,,,,,,,,,,,,,,,,,
,PAYLYNX-948,Manual agreement deletion trigger in console,,6092.57h,,,,,,,,,,,,,,,,,
,PAYLYNX-947,CORE remove restriction for refund for SETTLED status,8/22/25,0.38h,,,,,,0.23h,0.72h,69.33h,23.62h,,,5998.70h,,,,,
,PAYLYNX-946,Create clean-up task for Worker for packets and payment links,11/14/25,1896.87h,,,,,,3.42h,16.53h,181.70h,10.27h,,,3986.43h,,,,,
,PAYLYNX-945,Create clean-up task for Worker for Payment transactions,11/4/25,1681.55h,,,,,,71.02h,34.72h,41.82h,40.98h,,,4225.20h,,,,,
,PAYLYNX-944,Create clean-up task for Worker for Refund transactions,10/16/25,1226.98h,,,,,,120.00h,20.92h,26.52h,21.52h,,,4679.43h,,,,,
,PAYLYNX-943,Test new EveryPay integration with API v.3+Refund v.3,3/31/26,5495.13h,,,,,,,,,,,694.37h,,,,,,
,PAYLYNX-942,callback,9/11/25,,0.28h,,,,668.97h,,,,,,,5521.23h,,,,,
,PAYLYNX-941,009 or API,9/11/25,,0.70h,,,,669.07h,,,,,,,5521.02h,,,,,
,PAYLYNX-940,Merchant ID: KURSI - rejected transactions for one client,,,0.87h,0.13h,,,0.92h,,,,,,,6213.20h,,,,,
,PAYLYNX-939,EXP: swagger update for payment ID max length,8/14/25,22.08h,,,,,,0.47h,7.37h,0.00h,1.38h,,,6186.08h,,,,,
,PAYLYNX-938,closing ID 27.08.2025,9/11/25,,338.87h,0.00h,,,358.15h,,,,,,,5521.22h,,,,,
,PAYLYNX-937,Change successful payment labels from <add date here>,,6238.35h,,,,,,,,,,,,,,,,,
,PAYLYNX-936,last payments,,,0.98h,,,,,,,,,,,6239.43h,,,,,
,PAYLYNX-935,Update AD for SwedPay platform integration,11/13/25,2062.70h,,,,,,161.68h,27.52h,,,,,4006.65h,,,,,
,PAYLYNX-934,Add mailing groups to incidents reporting email,,,0.00h,163.72h,,,,,,,,,,6099.00h,,,,,
,PAYLYNX-933,Clean-up of not used 008 payment packets in ibank & banklink common,11/30/25,2066.62h,,,,,,332.70h,142.38h,1.80h,132.90h,,,3586.43h,,,,,
,PAYLYNX-932,LT/EE agreements switch of Swedbank payment to OB - October 1st,10/1/25,1171.83h,,,,,,49.12h,,,,,,5042.47h,,,,,
,PAYLYNX-931,Fix autotests,8/21/25,0.00h,,,,,,48.23h,,0.00h,195.70h,,,6022.27h,,,,,
,PAYLYNX-930,Bank Link ID: RD1,,,22.97h,0.02h,,,0.00h,,,,,,,6243.85h,,,,,
,PAYLYNX-929,SILUETS_problem with callback,,,1.12h,,,,88.95h,,,,,,,6267.45h,,,,,
,PAYLYNX-928,"Pin1 is not asked for mobile devices, when the payment was made for the 2nd time",8/12/25,0.00h,,,,,,2.22h,94.30h,25.93h,,,,6237.83h,,,,,
,PAYLYNX-927,Payment from SEB with response 'netinkamas mokėjimo tipas',8/14/25,,23.92h,,,,141.07h,,,,,,,6216.12h,,,,,
,PAYLYNX-926,Swedbank payments using version 009,,,47.32h,,,,,,,,,,,6333.85h,,,,,
,PAYLYNX-925,Close not used EE internal agreement SERT,,,25.07h,,,,,,,,,,,6358.43h,,,,,
,PAYLYNX-924,invalid request.....,,,26.27h,,,,,,,,,,,6359.35h,,,,,
,PAYLYNX-923,PIS payments?,,,5.93h,,,,,,,,,,,6379.98h,,,,,
,PAYLYNX-922,LV client: EPS - Replace calculated fee amount to 0 eur,,,2.25h,,,,,,,,,,,6403.60h,,,,,
,PAYLYNX-921,MEDON1,,,1.32h,21.45h,,,,,,,,,,6406.45h,,,,,
Production bug,PAYLYNX-919,CORE dublicate packetID,,2296.63h,,,,,,,,,,,4200.30h,,,,,,
Production bug,PAYLYNX-918,CORE: Partitioned index creates deadlocks and not performing,,233.92h,,,,,,6264.12h,,,,,,,,,,,
,PAYLYNX-917,CORE- postmortum of partitioned tables,8/12/25,62.75h,,,,,,192.85h,0.00h,0.00h,0.00h,,,6242.45h,,,,,
,PAYLYNX-916,Merchant id EPS,9/11/25,,6.68h,63.07h,,,908.95h,,,,,,,5521.13h,,,,,
,PAYLYNX-915,"Fix for indexes, and deadloacks",8/13/25,238.90h,,,,,,46.08h,,,,,,6218.00h,,,,,
,PAYLYNX-914,Error in transaction status,9/11/25,,0.45h,71.83h,,,912.10h,,,,,,,5521.18h,,,,,
,PAYLYNX-913,Warden messageId is limited to 35,8/25/25,0.00h,,,,,,323.95h,4.10h,95.82h,191.27h,,,5900.37h,,,,,
,PAYLYNX-912,Review service and robots related information.,8/27/25,425.57h,,,,,,217.30h,,,,,,5881.17h,,,,,
,PAYLYNX-911,Change robots to 009,10/28/25,1098.15h,,,,,,839.60h,150.92h,0.13h,0.18h,47.80h,,4387.62h,,,,,
,PAYLYNX-910,System documentation creation,1/7/26,2628.30h,,,,,,1185.73h,168.53h,,,,,2521.58h,,,,,
,PAYLYNX-909,Add new recipients to LT weekly transaction report emails,,,22.18h,14.18h,,,60.65h,,,,,,,6432.52h,,,,,
,PAYLYNX-908,Report of 008 Migration,,,2.98h,69.78h,,,2.33h,,,,,,,6500.40h,,,,,
,PAYLYNX-907,Client's question about payment,9/11/25,,4.92h,0.52h,,,1050.80h,,,,,,,5521.20h,,,,,
,PAYLYNX-906,Swedbank payment API is not working,,,5.95h,0.00h,,,18.03h,,,,,,,6554.50h,,,,,
,PAYLYNX-905,Block usage for EE 008 exception list,,,0.27h,40.65h,,,,,,,,,6554.62h,,,,,,
,PAYLYNX-904,integration tests for banklink scope for cross-country Swedbank.,10/7/25,70.97h,,,,,,1130.82h,0.00h,0.00h,388.28h,192.97h,,4889.30h,,,,,
,PAYLYNX-903,EXP Broken redirect,,0.00h,,,,,,0.13h,1.80h,2.68h,0.00h,,,6668.35h,,,,,
,PAYLYNX-902,customer monthly identifications volumes are needed for the last 6 months - from the beginning of this year,,,0.55h,17.08h,,,,,,,,,,6674.43h,,,,,
,PAYLYNX-901,Received client inquiries regarding the made test payment,,,0.82h,,,,20.93h,,,,,,,6674.87h,,,,,
,PAYLYNX-900,"Star, Validation error in case if refundLimit is null , wrong validation @NotNull",7/24/25,0.02h,,,,,,0.13h,0.95h,0.63h,3.25h,,,6692.15h,,,,,
Production bug,PAYLYNX-899,CORE app receives REDIRECT method- testing in prod,,0.00h,,,,,,759.87h,0.38h,194.68h,169.37h,,,5590.35h,,,,,
,PAYLYNX-898,Migrate Ivy to Artifactory,11/26/25,2668.38h,,,,,,211.37h,142.83h,2.10h,4.23h,,,3692.12h,,,,,
,PAYLYNX-897,"EPLV_APDROSINA1, EXECUTED status, but we see error code field is prefilled with unexpected, PARXLV22",,1220.58h,,,,,,,,,,,5520.82h,,,,,,
Production bug,PAYLYNX-896,EXP too much space in a view,7/24/25,0.00h,,,,,,25.23h,23.47h,0.40h,1.18h,,,6695.40h,,,,,
,PAYLYNX-895,"Add new field ""ID code"" to Mobile flow endpoint",,6763.45h,,,,,,,,,,,,,,,,,
,PAYLYNX-894,MDM AgreementSummary updates fix - remove customer category filtering,,6764.47h,,,,,,,,,,,,,,,,,
Production bug,PAYLYNX-893,EXP exception during locale resolving,7/24/25,97.15h,,,,,,17.52h,5.28h,22.53h,26.32h,,,6691.98h,,,,,
,PAYLYNX-892,"Remove ""Allow_008"" tag for remaining agreements - 1st August",8/5/25,340.15h,,,,,,42.57h,,96.68h,,,,6410.37h,,,,,
,PAYLYNX-891,Change keypair instruction in support page only for LV page,,,2.97h,43.78h,,,0.00h,,,,,,,6885.25h,,,,,
,PAYLYNX-890,"Improvement , force cross payments Swedbank use instant flow",,0.00h,,,,,,2.95h,1.52h,21.58h,43.42h,,,6866.90h,,,,,
,PAYLYNX-889,Warden: move automatic fee debiting jobs to warden,,7001.57h,,,,,,,,,,,,,,,,,
,PAYLYNX-888,Warden: move automatic fee debiting jobs to warden,7/11/25,0.03h,,,,,,,,,,,6977.53h,,,,,,
,PAYLYNX-887,Warden: move automatic fee debiting jobs to warden,7/11/25,0.03h,,,,,,,,,,,6977.53h,,,,,,
,PAYLYNX-886,identifications volumes,,,64.33h,0.55h,,,2.75h,,,,,,,6936.38h,,,,,
Spike,PAYLYNX-885,Create new topic in Kafka for triggering tasks,11/5/25,2832.90h,,,,,,,,,,,4200.33h,,,,,,
,PAYLYNX-884,Test Sandbox: Playground url directs to prod environment,7/14/25,44.00h,,,,,,4.02h,74.97h,0.72h,0.02h,,,6930.92h,,,,,
,PAYLYNX-883,MBBL old project is not archived,7/14/25,51.57h,,,,,,74.20h,,,,,,6932.43h,,,,,
,PAYLYNX-882,"identification service does not work. Payment part migrated to 009, but identification left on 008. Error about wrong service request appears. Screens added.",,,0.78h,,,,194.57h,,,,,,,6906.35h,,,,,
,PAYLYNX-881,SKYTECH1 MBBL,,,0.60h,,,,,,,,,,,7194.33h,,,,,
,PAYLYNX-880,SKYTECH1 MBBL,,1673.13h,,,,,,,,,,,5521.90h,,,,,,
,PAYLYNX-879,SKYTECH1 MBBL,,1673.22h,,,,,,,,,,,5521.90h,,,,,,
,PAYLYNX-878,Merchant ID: EPLV_CSDD_VAS,,,1.53h,,,,642.13h,,,,,,,6554.55h,,,,,
Production bug,PAYLYNX-877,EXP missing static resource,7/7/25,1.72h,,,,,,0.03h,7.48h,23.55h,77.72h,,,7101.00h,,,,,
,PAYLYNX-875,issue with MIP payments. All customer agreements,,,0.12h,,,,,,,,,,,7220.10h,,,,,
,PAYLYNX-874,EXP CORE - no alert about expiring cert,7/9/25,3.15h,,,,,,0.00h,142.77h,18.83h,0.72h,,,7055.88h,,,,,
,PAYLYNX-873,EXP renovate PR's failing,9/16/25,1829.30h,,,,,,,,,,,0.00h,5397.93h,,,,,
,PAYLYNX-872,Merchant ID: SKUODO VANDENY1,,,0.25h,,,,1.22h,,,,,,,7243.00h,,,,,
,PAYLYNX-871,SEB Expiring consent,7/7/25,0.02h,,,,,,36.60h,7.48h,23.53h,78.80h,,,7099.90h,,,,,
,PAYLYNX-870,closing ID,,,1.30h,,,,,,,,,,,7248.63h,,,,,
,PAYLYNX-869,"ID ARUODAS, not acceptable payments via phone - customer notice that Samsung only.",,,0.47h,,,,,,,,,,,7269.38h,,,,,
,PAYLYNX-868,new keys,,,65.45h,1.73h,,,,,,,,,,7272.12h,,,,,
,PAYLYNX-867,008 or 009?,,,0.17h,,,,,,,,,,,7340.70h,,,,,
,PAYLYNX-866,when this ID was used last time?,,,1.68h,,,,,,,,,,,7342.58h,,,,,
,PAYLYNX-865,009 or API,,,0.98h,,,,,,,,,,,7344.52h,,,,,
,PAYLYNX-864,"Exp:swagger out of boarder, mobile",,1949.15h,,,,,,,,,,,5397.95h,,,,,,
,PAYLYNX-863,008 blocking from 01.06,,,22.48h,,,,,,,,,,7345.95h,,,,,,
,PAYLYNX-862,"008 LV, LT Exceptions - 16th July",7/16/25,478.60h,,,,,,1.78h,,1.85h,,,,6886.22h,,,,,
,PAYLYNX-861,DNS record for playground,6/30/25,42.45h,,,,,,0.17h,,,,74.27h,,7269.37h,,,,,
,PAYLYNX-860,EXP failing ui test,6/26/25,19.55h,,,,,,,,,,,,7369.70h,,,,,
,PAYLYNX-859,which ID this client using,,,1.80h,,,,,,,,,,,7388.85h,,,,,
,PAYLYNX-858,Improve DB queries: Prepare script,7/16/25,359.72h,,,,,,21.17h,,74.32h,46.47h,,,6889.88h,,,,,
,PAYLYNX-857,Improve DB queries: switch warden,7/10/25,291.73h,,,,,,24.37h,23.47h,17.65h,1.57h,,,7032.77h,,,,,
,PAYLYNX-856,Exp: restrict creation of new payment packets + warning message,7/25/25,503.13h,,,,,,147.92h,46.57h,22.93h,2.22h,,,6668.80h,,,,,
,PAYLYNX-855,Implement usage of new tables,7/22/25,319.97h,,,,,,213.90h,87.95h,0.83h,27.13h,,,6741.82h,,,,,
,PAYLYNX-854,API or still 009/008?,,,2.42h,0.18h,,,,,,,,,,7391.80h,,,,,
,PAYLYNX-853,CORE failing db tests in integration tests,6/26/25,113.12h,,,,,,3.38h,19.73h,0.00h,,,,7366.13h,,,,,
,PAYLYNX-852,Fix Mockito warning,,7510.62h,,,,,,,,,,,,,,,,,
,PAYLYNX-850,Test OpenBanking fix: add missing account types to account selection,8/25/25,1456.05h,,,,,,149.47h,,,,,,5924.95h,,,,,
,PAYLYNX-849,Fix SWIC DQ endpoint by adding in to scope CL agreements,6/26/25,18.63h,,,,,,3.82h,0.68h,142.35h,0.00h,,,7365.20h,,,,,
,PAYLYNX-848,CORE- make refund exception return 409,6/19/25,0.03h,,,,,,0.05h,13.83h,3.67h,19.17h,,,7538.53h,,,,,
,PAYLYNX-847,API payments,,,16.67h,0.22h,,,626.25h,,,,,,,6935.65h,,,,,
,PAYLYNX-846,payments in 009,,,18.88h,0.00h,,,626.40h,,,,,,,6935.70h,,,,,
Production bug,PAYLYNX-845,Refund errors are mapped to technical error,6/19/25,0.38h,,,,,,4.78h,12.68h,4.60h,21.30h,,,7537.32h,,,,,
,PAYLYNX-844,Failing integration tests,6/20/25,8.55h,,,,,,72.45h,,,,,,7502.38h,,,,,
Production bug,PAYLYNX-843,Warden: notification differs for settled,,0.25h,,,,,,2.15h,0.00h,3.18h,0.00h,,,7577.88h,,,,,
Production bug,PAYLYNX-842,Worker from executed to in-progress,,2.37h,,,,,,20.27h,0.10h,8.15h,0.37h,,,7574.85h,,,,,
,PAYLYNX-841,Implement Banklink scope for cross-boarder Swedbank payment,7/28/25,935.43h,,,,,,0.47h,1.32h,67.70h,4.95h,,,6598.37h,,,,,
,PAYLYNX-840,Introduce Warden business metrics,6/27/25,77.33h,,,,,,161.45h,1.58h,16.73h,7.18h,,,7344.35h,,,,,
Production bug,PAYLYNX-839,CORE: Refund is using same endtoendID,6/17/25,0.00h,,,,,,3.70h,0.02h,23.25h,3.35h,,,7579.72h,,,,,
Production bug,PAYLYNX-838,WORKER payment stayed in IN_PROGRESSS,6/16/25,6.28h,,,,,,0.00h,,,,,,7603.83h,,,,,
,PAYLYNX-837,"please unblock V008 usage till 30.06.2025, merchant ID: LOTOSS-IMS",,,0.25h,,,,,,,,,,,7675.80h,,,,,
Production bug,PAYLYNX-836,EXP strange gaps in payment request page,6/27/25,114.95h,,,,,,171.62h,5.17h,2.97h,38.25h,,,7344.18h,,,,,
,PAYLYNX-835,Warden: move remaining fee management jobs to warden,,7677.67h,,,,,,,,,,,,,,,,,
,PAYLYNX-834,Monitor & manage exception tags for 008 payment restriction in EE,7/2/25,430.05h,,,,,,22.65h,,,,,,7225.98h,,,,,
,PAYLYNX-833,Adjust MBBL fee engine to calculate and debit Refund transaction fees,11/17/25,1824.02h,,,,,,899.50h,258.65h,149.82h,636.22h,,,3914.25h,,,,,
Production bug,PAYLYNX-832,CORE nullserializable exception,6/17/25,0.02h,,,,,,17.10h,0.00h,5.45h,90.95h,,,7585.95h,,,,,
,PAYLYNX-831,STAR: Fix typo in LT MBBL agreement blank text,,116.72h,,,,,,0.03h,0.50h,6.83h,0.03h,,,7575.85h,,,,,
Production bug,PAYLYNX-830,WARDEN: infinite retry,6/27/25,24.20h,,,,,,96.65h,18.02h,214.77h,7.23h,,,7339.33h,,,,,
Production bug,PAYLYNX-829,CORE No label for PublicKeyLoadingException:PUBLIC_KEY_LOADING_ERROR,6/26/25,165.25h,,,,,,0.18h,1.03h,3.58h,161.10h,,,7370.52h,,,,,
Production bug,PAYLYNX-828,EXP: No static resource,,139.63h,,,,,,55.13h,0.28h,1.67h,113.80h,,,7391.65h,,,,,
,PAYLYNX-827,"please unblock V008 usage till 30.06.2025, merchant ID: LNA",,,0.83h,,,,,,,,,,,7702.00h,,,,,
,PAYLYNX-826,Add proper handling of errors for refund,,0.00h,,,,,,28.67h,72.37h,26.12h,2.17h,,,7575.35h,,,,,
,PAYLYNX-825,API payments,,,2.17h,,,,,,,,,,,7704.25h,,,,,
,PAYLYNX-824,when those ID was used last time,,,17.07h,,,,,,,,,,,7706.48h,,,,,
,PAYLYNX-823,Merchant ID: ATTOLLO,,,7.05h,,,,,,,,,,,7722.87h,,,,,
,PAYLYNX-822,Merchant ID: SILUETS,7/21/25,,23.40h,,,,953.27h,,,,,,,6746.45h,,,,,
,PAYLYNX-821,Merchant ID: CITY24,,,1.92h,48.72h,,,,,,,,,,7700.55h,,,,,
,PAYLYNX-820,ibank: Payment PDF using deprecated code,7/1/25,197.73h,,,,,,214.95h,94.95h,0.00h,0.15h,,,7246.43h,,,,,
,PAYLYNX-819,Add possibility to console calculate fees for particular merchant,,7755.08h,,,,,,,,,,,,,,,,,
,PAYLYNX-818,MerchantID: VILOMIX_BALTIC,7/18/25,,64.47h,936.25h,,,,,,,,,,6818.40h,,,,,
,PAYLYNX-817,Urgent. Please whitelist Merchant ID LETPORTAL (version 008) till 20th June,,,0.62h,,,,934.58h,,,,,,,6935.52h,,,,,
,PAYLYNX-816,GERDUVA MBBL,,23.62h,0.98h,0.00h,,,910.03h,,,,,,,6936.15h,,,,,
Spike,PAYLYNX-815,Investigate needed activities for migration to GitHub Ent. Cloud,10/22/25,3274.33h,,,,,,78.47h,,,,,,4537.43h,,,,,
,PAYLYNX-814,Reports: add MBBL API versioning to our internal reports,,7891.13h,,,,,,,,,,,,,,,,,
,PAYLYNX-813,Report of Migration,7/14/25,,289.03h,1.82h,,,668.52h,,,,,,,6912.63h,,,,,
,PAYLYNX-812,Onboard production worker to SGW,6/13/25,2.07h,,,,,,22.90h,20.72h,128.83h,39.27h,,,7682.38h,,,,,
,PAYLYNX-811,Merchant ID: RD1,,,0.17h,,,,960.00h,,,,,,,6936.15h,,,,,
,PAYLYNX-810,Accessibility testing-UI dropdown leftover,7/30/25,21.40h,,,,,,28.27h,,,,1293.03h,,6553.95h,,,,,
,PAYLYNX-809,Report of Migration,,293.97h,,,,,,,,,,,0.00h,7605.75h,,,,,
,PAYLYNX-808,"please unblock V008 usage till 30.06, merchant ID: SILUETS",,,0.55h,,,,979.87h,,,,,,,6935.52h,,,,,
,PAYLYNX-807,Lost customer in March,,,17.05h,,,,1.27h,,,,,,,7898.50h,,,,,
,PAYLYNX-806,"please unblock V008 usage till 30.06, merchant ID: SALEKAFE",,,1.65h,,,,979.23h,,,,,,,6936.15h,,,,,
Spike,PAYLYNX-805,PW/Swedbank Pay Gateway analyses,11/17/25,4011.00h,,,,,,,,,,,3908.08h,,,,,,
,PAYLYNX-804,Implement monitoring for usage limit between critical IT services,,7920.48h,,,,,,,,,,,,,,,,,
Spike,PAYLYNX-803,Add retry for failed refund after internal failure,,7921.40h,,,,,,,,,,,,,,,,,
,PAYLYNX-802,"please unblock V008 usage for LV merchant till 30.06, merchant ID: REFEREND",,,0.17h,0.07h,,,985.62h,,,,,,,6936.15h,,,,,
,PAYLYNX-801,Migrate MBBL monitor/robots to 009,12/10/25,4566.85h,,,,,,,,,,,3332.52h,,,,,,
,PAYLYNX-800,closing ID,,,0.12h,,,,,,,,,,,7942.02h,,,,,
,PAYLYNX-799,fee account,,,2.28h,,,,1003.70h,,,,,,,6936.17h,,,,,
,PAYLYNX-798,"Testing task , label change, double acceptance",6/2/25,0.00h,,,,,,0.00h,0.00h,0.00h,2.53h,,,7939.65h,,,,,
Test,PAYLYNX-797,Core DEV DB migration to Frankfurt week 26,,5.37h,,,,,,,,,,,7940.33h,,,,,,
,PAYLYNX-796,Warden vulnerabilty in XML,,4.53h,,,,,,1.70h,18.28h,8.83h,0.00h,,,7912.40h,,,,,
,PAYLYNX-795,"Fee Calculation , errors, report is missing",,95.10h,,,,,,174.62h,66.00h,26.65h,5.85h,,,7577.52h,,,,,
,PAYLYNX-794,merchant ID: EPLV_DAUTRANS,,,2.08h,,,,,,,,,,,7945.13h,,,,,
Production bug,PAYLYNX-793,Without header for some devices obstructed view visibility is limited,6/3/25,70.95h,,,,,,1.32h,1.37h,16.40h,6.02h,,,7916.45h,,,,,
,PAYLYNX-792,Debtor IBAN missing in Urbo bank payment,,,71.03h,1010.65h,,,0.00h,,,,,,,6936.70h,,,,,
,PAYLYNX-791,Verify if balance decimal precision is shown correctly,5/30/25,1.58h,,,,,,0.00h,0.00h,0.00h,19.43h,,,8018.47h,,,,,
,PAYLYNX-790,What is wrong with Payment,,,1.50h,24.93h,,,,,,,,,,8013.32h,,,,,
,PAYLYNX-789,"Payment is in executed status, but funds are not settled to merchant's account",7/14/25,,1.87h,1102.80h,,,,,,,,,,6912.43h,,,,,
,PAYLYNX-788,EXP: SETTLED notification not reaching from NC,6/3/25,0.03h,,,,,,115.42h,,19.75h,0.12h,,,7919.02h,,,,,
,PAYLYNX-787,Polishing Refund swagger documentation before release to public,6/20/25,361.85h,,,,,,139.25h,3.27h,1.52h,44.62h,,,7513.98h,,,,,
,PAYLYNX-786,Telehansa accounts for internal/external tests,,,27.28h,,,,,,,,,,,8039.83h,,,,,
,PAYLYNX-785,allow 009 version in new agreement,,,1.20h,,,,,,,,,,,8085.70h,,,,,
,PAYLYNX-784,STAR: improve Refund related labels,6/20/25,473.77h,,,,,,132.43h,16.47h,19.77h,166.72h,,,7370.52h,,,,,
,PAYLYNX-783,Disable Open Query,,,2.80h,,,,,,,,,,,8181.83h,,,,,
,PAYLYNX-782,009 acceptane for API agreement,,,0.20h,,,,,,,,,,,8184.75h,,,,,
,PAYLYNX-781,ID: APOLLO_PAY problem,,0.25h,0.38h,118.33h,,,0.00h,,,,,,,8066.63h,,,,,
,PAYLYNX-780,MTÜ RÕÕMSAD HÜPPED banklink problem and today HELGE KOOL MTÜ problem,,,0.18h,,,,,,,,,,,8206.88h,,,,,
,PAYLYNX-779,Report of resident and non-resident payments in LV,,,621.38h,,,,,,,,,,,7607.12h,,,,,
,PAYLYNX-778,Warden Alerts are apamming OC,,1.47h,,,,,,0.00h,19.23h,2.17h,0.00h,0.00h,,8209.23h,,,,,
,PAYLYNX-777,Core renovate failed,5/22/25,3.55h,,,,,,0.00h,17.40h,2.15h,,,,8209.27h,,,,,
,PAYLYNX-776,"Exp, connection timeouts",5/20/25,0.08h,,,,,,0.33h,0.00h,0.00h,0.43h,,,8250.73h,,,,,
,PAYLYNX-775,merchant ID: FANS,,,694.07h,,,,,,,,,,,7557.72h,,,,,
,PAYLYNX-774,"Warden , change status for payment ,doesn't work",,199.02h,,,,,,73.20h,,32.28h,29.65h,,,7919.15h,,,,,
,PAYLYNX-773,API?,,,3.22h,,,,1318.15h,,,,,,,6935.52h,,,,,
,PAYLYNX-772,Core PROD DB migration to Frankfurt,,8280.98h,,,,,,,,,,,,,,,,,
,PAYLYNX-771,Core DEV DB migration to Frankfurt week 26,7/25/25,937.57h,,,,,,3.82h,,,,665.85h,,6673.93h,,,,,
Test,PAYLYNX-770,Core TEST DB migration to Frankfurt,10/29/25,3437.85h,,,,,,289.07h,,,24.33h,167.78h,,4362.15h,,,,,
,PAYLYNX-769,MB Core: in refund table fill merchantId and country fields,5/28/25,287.68h,,,,,,,,,,,8065.40h,,,,,,
,PAYLYNX-768,Merchant ID: BPARADIZE,,,90.93h,,,,2.13h,,,,,,,8278.82h,,,,,
,PAYLYNX-767,Test OpenBanking fix for reading user settings to hide account balance,7/31/25,1867.77h,,,,,,0.00h,0.00h,0.00h,1.47h,,,6528.72h,,,,,
,PAYLYNX-766,fix UI test,5/15/25,0.02h,,,,,,0.63h,20.07h,0.50h,0.02h,,,8377.22h,,,,,
,PAYLYNX-765,Merchant ID: KURSI,,,3.93h,,,,525.58h,,,,,,,7871.87h,,,,,
,PAYLYNX-764,Refund: improve daily limit calculation by excluding failed Refund attempts,6/17/25,192.05h,,,,,,188.05h,164.85h,0.62h,295.23h,,,7578.90h,,,,,
,PAYLYNX-763,changing certificates,,,0.87h,,,,139.48h,,,,,,,8280.90h,,,,,
,PAYLYNX-762,Report to support business on migration - 23rd of May,5/27/25,229.20h,,,,,,0.90h,,109.38h,,,,8085.62h,,,,,
,PAYLYNX-761,SKYTECH1 MBBL,,2906.27h,,,,,,,,,,,5521.07h,,,,,,
,PAYLYNX-760,Fix reported data quality issues for MDM Agreement summary,6/6/25,549.38h,,,,,,51.60h,0.00h,0.00h,0.00h,,,7842.55h,,,,,
,PAYLYNX-759,Remove pdf from payment status page for PR/MRQ,6/3/25,381.67h,,,,,,120.47h,7.57h,17.18h,0.82h,,,7921.23h,,,,,
,PAYLYNX-758,ibank: Change ŠB name to Artea in donation page,5/13/25,23.00h,,,,,,0.73h,,0.00h,,,,8425.65h,,,,,
,PAYLYNX-757,Adapt for HUB changes for Luminor Instant payment,,8514.97h,,,,,,,,,,,,,,,,,
,PAYLYNX-756,when this ID was used last time,,,65.77h,,,,73.40h,,,,,,,8377.43h,,,,,
,PAYLYNX-755,problems with payments,,,0.20h,73.80h,,,1510.53h,,,,,,,6936.18h,,,,,
,PAYLYNX-754,downgrade openapi_version to 2.8.5,9/16/25,3125.52h,,,,,,,,,,,,5397.98h,,,,,
,PAYLYNX-753,"MBBL LT, merchant ID- FAKTO",7/14/25,,0.20h,1.63h,,,1604.72h,,,,,,,6912.22h,,,,,
,PAYLYNX-752,Investigate how to setup deletion rule for logs in Logread,9/4/25,2805.25h,,,,,,20.28h,46.00h,,,,,5690.65h,,,,,
,PAYLYNX-751,Implement MBBL Andromeda logs to Logread,9/24/25,1702.57h,,,,,,1632.20h,,,,17.55h,,5209.98h,,,,,
,PAYLYNX-750,Ibank sonar issues,5/14/25,2.03h,,,,,,55.42h,63.17h,3.45h,39.60h,,,8402.50h,,,,,
,PAYLYNX-749,Failed Citadele LT payment,,0.00h,,,,,,,,,,,8566.62h,,,,,,
,PAYLYNX-748,Release Warden application to PROD,5/21/25,147.28h,,,,,,188.03h,,,,,,8233.28h,,,,,
,PAYLYNX-747,Console: in test environment direct links to Star (LT and LV) are not working,,0.23h,,,,,,50.58h,67.98h,0.00h,2.78h,,,8448.57h,,,,,
,PAYLYNX-746,when this ID was used last time,,,1.37h,,,,191.63h,,,,,,,8377.48h,,,,,
,PAYLYNX-745,Order old DB deletion - PROD,4/3/26,7859.60h,,,,,,50.50h,,36.30h,0.43h,,,624.68h,,,,,
,PAYLYNX-744,Migrate to new DB server in STO part2 - PROD,1/15/26,6079.35h,,,,,,,,,,,2492.22h,,,,,,
,PAYLYNX-743,Migrate to new DB server in STO part2 - TEST,7/16/25,1682.60h,,,,,,,,,,,6888.97h,,,,,,
,PAYLYNX-742,Migrate to new DB server in STO - PROD - 19-20FEB,2/20/26,5405.65h,,,,,,506.07h,,4.23h,0.00h,1029.85h,,1625.75h,,,,,
,PAYLYNX-741,Migrate to new DB server in STO part1 - TEST,7/16/25,1351.28h,,,,,,330.97h,,,,,,6889.33h,,,,,
,PAYLYNX-740,Order new DB server to Stockholm DC - PROD,7/30/25,1705.35h,,,,,,293.75h,,18.22h,,,,6554.28h,,,,,
,PAYLYNX-739,Order new DB server to Stockholm DC - TEST,7/1/25,1011.48h,,,,,,315.70h,,0.00h,,,,7244.42h,,,,,
,PAYLYNX-738,EXP technical error for status,5/12/25,7.73h,,,,,,48.80h,71.15h,0.38h,8.90h,,,8442.12h,,,,,
,PAYLYNX-737,EXP unmapped errors,5/13/25,7.90h,,,,,,56.67h,63.25h,27.62h,2.63h,,,8421.17h,,,,,
,PAYLYNX-736,URL,,,1.60h,,,,1653.95h,,,,,,,6935.52h,,,,,
,PAYLYNX-735,SQL error,5/6/25,0.42h,,,,,,5.42h,0.00h,0.00h,3.28h,,,8584.18h,,,,,
,PAYLYNX-734,closing ID,,,4.85h,,,,212.08h,,,,,,,8377.50h,,,,,
,PAYLYNX-733,when this ID was used last time?,,,17.08h,,,,218.03h,,,,,,,8377.52h,,,,,
,PAYLYNX-732,when this ID was used last time?,,,17.12h,,,,218.00h,,,,,,,8377.52h,,,,,
,PAYLYNX-731,problems with PIS service,,,1.02h,,,,1681.83h,,,,,,,6935.50h,,,,,
Production bug,PAYLYNX-730,"LT: Montly reports, fee calculation, errors, no reports in email",5/20/25,271.30h,,,,,,45.92h,122.10h,0.02h,,,,8251.88h,,,,,
,PAYLYNX-729,Worker transactionId missing from notification,,0.00h,,,,,,,,,,,,,,,,,
,,,,,,,,,,,,,,,,,,,,,
,,,,,,,,,,,,,,,,,,,,,
,,,,,,,,,,,,,,,,,,,,,
,,,,,,,,,,,,,,,,,,,,,
,,,,,,,,,,,,,,,,,,,,,
,,,,,,,,,,,,,,,,,,,,,
,,,,,,,,,,,,,,,,,,,,,
,,,,,,,,,,,,,,,,,,,,,
,,,,,,,,,,,,,,,,,,,,,
,,,,,,,,,,,,,,,,,,,,,
,,,,,,,,,,,,,,,,,,,,,
,,,,,,,,,,,,,,,,,,,,,
,,,,,,,,,,,,,,,,,,,,,
,,,,,,,,,,,,,,,,,,,,,
,,,,,,,,,,,,,,,,,,,,,
,,,,,,,,,,,,,,,,,,,,,
,,,,,,,,,,,,,,,,,,,,,
,,,,,,,,,,,,,,,,,,,,,
,,,,,,,,,,,,,,,,,,,,,
,,,,,,,,,,,,,,,,,,,,,
,,,,,,,,,,,,,,,,,,,,,
,,,,,,,,,,,,,,,,,,,,,
,,,,,,,,,,,,,,,,,,,,,
,,,,,,,,,,,,,,,,,,,,,
,,,,,,,,,,,,,,,,,,,,,
,,,,,,,,,,,,,,,,,,,,,
,,,,,,,,,,,,,,,,,,,,,
,,,,,,,,,,,,,,,,,,,,,
,,,,,,,,,,,,,,,,,,,,,
,,,,,,,,,,,,,,,,,,,,,
,,,,,,,,,,,,,,,,,,,,,
,,,,,,,,,,,,,,,,,,,,,
,,,,,,,,,,,,,,,,,,,,,
,,,,,,,,,,,,,,,,,,,,,
,,,,,,,,,,,,,,,,,,,,,
,,,,,,,,,,,,,,,,,,,,,
,,,,,,,,,,,,,,,,,,,,,
,,,,,,,,,,,,,,,,,,,,,
,,,,,,,,,,,,,,,,,,,,,
,,,,,,,,,,,,,,,,,,,,,
,,,,,,,,,,,,,,,,,,,,,
,,,,,,,,,,,,,,,,,,,,,
,,,,,,,,,,,,,,,,,,,,,
,,,,,,,,,,,,,,,,,,,,,
,,,,,,,,,,,,,,,,,,,,,
,,,,,,,,,,,,,,,,,,,,,
,,,,,,,,,,,,,,,,,,,,,
,,,,,,,,,,,,,,,,,,,,,
,,,,,,,,,,,,,,,,,,,,,
,,,,,,,,,,,,,,,,,,,,,
,,,,,,,,,,,,,,,,,,,,,
,,,,,,,,,,,,,,,,,,,,,
,,,,,,,,,,,,,,,,,,,,,
,,,,,,,,,,,,,,,,,,,,,
,,,,,,,,,,,,,,,,,,,,,
,,,,,,,,,,,,,,,,,,,,,
,,,,,,,,,,,,,,,,,,,,,
,,,,,,,,,,,,,,,,,,,,,
,,,,,,,,,,,,,,,,,,,,,
,,,,,,,,,,,,,,,,,,,,,
,,,,,,,,,,,,,,,,,,,,,
,,,,,,,,,,,,,,,,,,,,,
,,,,,,,,,,,,,,,,,,,,,
,,,,,,,,,,,,,,,,,,,,,
,,,,,,,,,,,,,,,,,,,,,
,,,,,,,,,,,,,,,,,,,,,
,,,,,,,,,,,,,,,,,,,,,
,,,,,,,,,,,,,,,,,,,,,
,,,,,,,,,,,,,,,,,,,,,
,,,,,,,,,,,,,,,,,,,,,
,,,,,,,,,,,,,,,,,,,,,
,,,,,,,,,,,,,,,,,,,,,
,,,,,,,,,,,,,,,,,,,,,
,,,,,,,,,,,,,,,,,,,,,
,,,,,,,,,,,,,,,,,,,,,
,,,,,,,,,,,,,,,,,,,,,
,,,,,,,,,,,,,,,,,,,,,
,,,,,,,,,,,,,,,,,,,,,
,,,,,,,,,,,,,,,,,,,,,
,,,,,,,,,,,,,,,,,,,,,
,,,,,,,,,,,,,,,,,,,,,
,,,,,,,,,,,,,,,,,,,,,
,,,,,,,,,,,,,,,,,,,,,
,,,,,,,,,,,,,,,,,,,,,
,,,,,,,,,,,,,,,,,,,,,
,,,,,,,,,,,,,,,,,,,,,
,,,,,,,,,,,,,,,,,,,,,
,,,,,,,,,,,,,,,,,,,,,
,,,,,,,,,,,,,,,,,,,,,
,,,,,,,,,,,,,,,,,,,,,
,,,,,,,,,,,,,,,,,,,,,
,,,,,,,,,,,,,,,,,,,,,
,,,,,,,,,,,,,,,,,,,,,
,,,,,,,,,,,,,,,,,,,,,
,,,,,,,,,,,,,,,,,,,,,
,,,,,,,,,,,,,,,,,,,,,
,,,,,,,,,,,,,,,,,,,,,
,,,,,,,,,,,,,,,,,,,,,
,,,,,,,,,,,,,,,,,,,,,
,,,,,,,,,,,,,,,,,,,,,
,,,,,,,,,,,,,,,,,,,,,
,,,,,,,,,,,,,,,,,,,,,
,,,,,,,,,,,,,,,,,,,,,
,,,,,,,,,,,,,,,,,,,,,
,,,,,,,,,,,,,,,,,,,,,
,,,,,,,,,,,,,,,,,,,,,
,,,,,,,,,,,,,,,,,,,,,
,,,,,,,,,,,,,,,,,,,,,
,,,,,,,,,,,,,,,,,,,,,
,,,,,,,,,,,,,,,,,,,,,
,,,,,,,,,,,,,,,,,,,,,
,,,,,,,,,,,,,,,,,,,,,
,,,,,,,,,,,,,,,,,,,,,
,,,,,,,,,,,,,,,,,,,,,
,,,,,,,,,,,,,,,,,,,,,
,,,,,,,,,,,,,,,,,,,,,
,,,,,,,,,,,,,,,,,,,,,
,,,,,,,,,,,,,,,,,,,,,
,,,,,,,,,,,,,,,,,,,,,
,,,,,,,,,,,,,,,,,,,,,
,,,,,,,,,,,,,,,,,,,,,
,,,,,,,,,,,,,,,,,,,,,
,,,,,,,,,,,,,,,,,,,,,
,,,,,,,,,,,,,,,,,,,,,
,,,,,,,,,,,,,,,,,,,,,
,,,,,,,,,,,,,,,,,,,,,
,,,,,,,,,,,,,,,,,,,,,
,,,,,,,,,,,,,,,,,,,,,
,,,,,,,,,,,,,,,,,,,,,
,,,,,,,,,,,,,,,,,,,,,
,,,,,,,,,,,,,,,,,,,,,
,,,,,,,,,,,,,,,,,,,,,
,,,,,,,,,,,,,,,,,,,,,
,,,,,,,,,,,,,,,,,,,,,
,,,,,,,,,,,,,,,,,,,,,
,,,,,,,,,,,,,,,,,,,,,
,,,,,,,,,,,,,,,,,,,,,
,,,,,,,,,,,,,,,,,,,,,
,,,,,,,,,,,,,,,,,,,,,
,,,,,,,,,,,,,,,,,,,,,
,,,,,,,,,,,,,,,,,,,,,
,,,,,,,,,,,,,,,,,,,,,
,,,,,,,,,,,,,,,,,,,,,
,,,,,,,,,,,,,,,,,,,,,
,,,,,,,,,,,,,,,,,,,,,
,,,,,,,,,,,,,,,,,,,,,
,,,,,,,,,,,,,,,,,,,,,
,,,,,,,,,,,,,,,,,,,,,
,,,,,,,,,,,,,,,,,,,,,
,,,,,,,,,,,,,,,,,,,,,
,,,,,,,,,,,,,,,,,,,,,
,,,,,,,,,,,,,,,,,,,,,
,,,,,,,,,,,,,,,,,,,,,
,,,,,,,,,,,,,,,,,,,,,
,,,,,,,,,,,,,,,,,,,,,
,,,,,,,,,,,,,,,,,,,,,
,,,,,,,,,,,,,,,,,,,,,
,,,,,,,,,,,,,,,,,,,,,
,,,,,,,,,,,,,,,,,,,,,
,,,,,,,,,,,,,,,,,,,,,
,,,,,,,,,,,,,,,,,,,,,
,,,,,,,,,,,,,,,,,,,,,
,,,,,,,,,,,,,,,,,,,,,
,,,,,,,,,,,,,,,,,,,,,
,,,,,,,,,,,,,,,,,,,,,
,,,,,,,,,,,,,,,,,,,,,
,,,,,,,,,,,,,,,,,,,,,
,,,,,,,,,,,,,,,,,,,,,
,,,,,,,,,,,,,,,,,,,,,
,,,,,,,,,,,,,,,,,,,,,
,,,,,,,,,,,,,,,,,,,,,
,,,,,,,,,,,,,,,,,,,,,
,,,,,,,,,,,,,,,,,,,,,
,,,,,,,,,,,,,,,,,,,,,
,,,,,,,,,,,,,,,,,,,,,
,,,,,,,,,,,,,,,,,,,,,
,,,,,,,,,,,,,,,,,,,,,
,,,,,,,,,,,,,,,,,,,,,
,,,,,,,,,,,,,,,,,,,,,
,,,,,,,,,,,,,,,,,,,,,
,,,,,,,,,,,,,,,,,,,,,
,,,,,,,,,,,,,,,,,,,,,
,,,,,,,,,,,,,,,,,,,,,
,,,,,,,,,,,,,,,,,,,,,
,,,,,,,,,,,,,,,,,,,,,
,,,,,,,,,,,,,,,,,,,,,
,,,,,,,,,,,,,,,,,,,,,
,,,,,,,,,,,,,,,,,,,,,
,,,,,,,,,,,,,,,,,,,,,
,,,,,,,,,,,,,,,,,,,,,
,,,,,,,,,,,,,,,,,,,,,
,,,,,,,,,,,,,,,,,,,,,
,,,,,,,,,,,,,,,,,,,,,
,,,,,,,,,,,,,,,,,,,,,
,,,,,,,,,,,,,,,,,,,,,
,,,,,,,,,,,,,,,,,,,,,
,,,,,,,,,,,,,,,,,,,,,
,,,,,,,,,,,,,,,,,,,,,
,,,,,,,,,,,,,,,,,,,,,
,,,,,,,,,,,,,,,,,,,,,
,,,,,,,,,,,,,,,,,,,,,
,,,,,,,,,,,,,,,,,,,,,
,,,,,,,,,,,,,,,,,,,,,
,,,,,,,,,,,,,,,,,,,,,
,,,,,,,,,,,,,,,,,,,,,
,,,,,,,,,,,,,,,,,,,,,
,,,,,,,,,,,,,,,,,,,,,
,,,,,,,,,,,,,,,,,,,,,
,,,,,,,,,,,,,,,,,,,,,
,,,,,,,,,,,,,,,,,,,,,
,,,,,,,,,,,,,,,,,,,,,
,,,,,,,,,,,,,,,,,,,,,
,,,,,,,,,,,,,,,,,,,,,
,,,,,,,,,,,,,,,,,,,,,
,,,,,,,,,,,,,,,,,,,,,
,,,,,,,,,,,,,,,,,,,,,
,,,,,,,,,,,,,,,,,,,,,
,,,,,,,,,,,,,,,,,,,,,
,,,,,,,,,,,,,,,,,,,,,
,,,,,,,,,,,,,,,,,,,,,
,,,,,,,,,,,,,,,,,,,,,
,,,,,,,,,,,,,,,,,,,,,
,,,,,,,,,,,,,,,,,,,,,
,,,,,,,,,,,,,,,,,,,,,
,,,,,,,,,,,,,,,,,,,,,
,,,,,,,,,,,,,,,,,,,,,
,,,,,,,,,,,,,,,,,,,,,
,,,,,,,,,,,,,,,,,,,,,
,,,,,,,,,,,,,,,,,,,,,
,,,,,,,,,,,,,,,,,,,,,
,,,,,,,,,,,,,,,,,,,,,
,,,,,,,,,,,,,,,,,,,,,
,,,,,,,,,,,,,,,,,,,,,
,,,,,,,,,,,,,,,,,,,,,
,,,,,,,,,,,,,,,,,,,,,
,,,,,,,,,,,,,,,,,,,,,
,,,,,,,,,,,,,,,,,,,,,
,,,,,,,,,,,,,,,,,,,,,
,,,,,,,,,,,,,,,,,,,,,
,,,,,,,,,,,,,,,,,,,,,
,,,,,,,,,,,,,,,,,,,,,
,,,,,,,,,,,,,,,,,,,,,
,,,,,,,,,,,,,,,,,,,,,
,,,,,,,,,,,,,,,,,,,,,
,,,,,,,,,,,,,,,,,,,,,
,,,,,,,,,,,,,,,,,,,,,
,,,,,,,,,,,,,,,,,,,,,
,,,,,,,,,,,,,,,,,,,,,
,,,,,,,,,,,,,,,,,,,,,
,,,,,,,,,,,,,,,,,,,,,
,,,,,,,,,,,,,,,,,,,,,
,,,,,,,,,,,,,,,,,,,,,
,,,,,,,,,,,,,,,,,,,,,
,,,,,,,,,,,,,,,,,,,,,
,,,,,,,,,,,,,,,,,,,,,
,,,,,,,,,,,,,,,,,,,,,
,,,,,,,,,,,,,,,,,,,,,
,,,,,,,,,,,,,,,,,,,,,
,,,,,,,,,,,,,,,,,,,,,
,,,,,,,,,,,,,,,,,,,,,
,,,,,,,,,,,,,,,,,,,,,
,,,,,,,,,,,,,,,,,,,,,
,,,,,,,,,,,,,,,,,,,,,
,,,,,,,,,,,,,,,,,,,,,
,,,,,,,,,,,,,,,,,,,,,
,,,,,,,,,,,,,,,,,,,,,
,,,,,,,,,,,,,,,,,,,,,
,,,,,,,,,,,,,,,,,,,,,
,,,,,,,,,,,,,,,,,,,,,
,,,,,,,,,,,,,,,,,,,,,
,,,,,,,,,,,,,,,,,,,,,
,,,,,,,,,,,,,,,,,,,,,
,,,,,,,,,,,,,,,,,,,,,
,,,,,,,,,,,,,,,,,,,,,
,,,,,,,,,,,,,,,,,,,,,
,,,,,,,,,,,,,,,,,,,,,
,,,,,,,,,,,,,,,,,,,,,
,,,,,,,,,,,,,,,,,,,,,
,,,,,,,,,,,,,,,,,,,,,
,,,,,,,,,,,,,,,,,,,,,
,,,,,,,,,,,,,,,,,,,,,
,,,,,,,,,,,,,,,,,,,,,
,,,,,,,,,,,,,,,,,,,,,
,,,,,,,,,,,,,,,,,,,,,
,,,,,,,,,,,,,,,,,,,,,
,,,,,,,,,,,,,,,,,,,,,
,,,,,,,,,,,,,,,,,,,,,
,,,,,,,,,,,,,,,,,,,,,
,,,,,,,,,,,,,,,,,,,,,
,,,,,,,,,,,,,,,,,,,,,
,,,,,,,,,,,,,,,,,,,,,
,,,,,,,,,,,,,,,,,,,,,
,,,,,,,,,,,,,,,,,,,,,
,,,,,,,,,,,,,,,,,,,,,
,,,,,,,,,,,,,,,,,,,,,
,,,,,,,,,,,,,,,,,,,,,
,,,,,,,,,,,,,,,,,,,,,
,,,,,,,,,,,,,,,,,,,,,
,,,,,,,,,,,,,,,,,,,,,
,,,,,,,,,,,,,,,,,,,,,
,,,,,,,,,,,,,,,,,,,,,
,,,,,,,,,,,,,,,,,,,,,
,,,,,,,,,,,,,,,,,,,,,
,,,,,,,,,,,,,,,,,,,,,
,,,,,,,,,,,,,,,,,,,,,
,,,,,,,,,,,,,,,,,,,,,
,,,,,,,,,,,,,,,,,,,,,
,,,,,,,,,,,,,,,,,,,,,
,,,,,,,,,,,,,,,,,,,,,
,,,,,,,,,,,,,,,,,,,,,
,,,,,,,,,,,,,,,,,,,,,
,,,,,,,,,,,,,,,,,,,,,
,,,,,,,,,,,,,,,,,,,,,
,,,,,,,,,,,,,,,,,,,,,
,,,,,,,,,,,,,,,,,,,,,
,,,,,,,,,,,,,,,,,,,,,
,,,,,,,,,,,,,,,,,,,,,
,,,,,,,,,,,,,,,,,,,,,
,,,,,,,,,,,,,,,,,,,,,
,,,,,,,,,,,,,,,,,,,,,
,,,,,,,,,,,,,,,,,,,,,
,,,,,,,,,,,,,,,,,,,,,
,,,,,,,,,,,,,,,,,,,,,
,,,,,,,,,,,,,,,,,,,,,
,,,,,,,,,,,,,,,,,,,,,
,,,,,,,,,,,,,,,,,,,,,
,,,,,,,,,,,,,,,,,,,,,
,,,,,,,,,,,,,,,,,,,,,
,,,,,,,,,,,,,,,,,,,,,
,,,,,,,,,,,,,,,,,,,,,
,,,,,,,,,,,,,,,,,,,,,
,,,,,,,,,,,,,,,,,,,,,
,,,,,,,,,,,,,,,,,,,,,
,,,,,,,,,,,,,,,,,,,,,
,,,,,,,,,,,,,,,,,,,,,
,,,,,,,,,,,,,,,,,,,,,
,,,,,,,,,,,,,,,,,,,,,
,,,,,,,,,,,,,,,,,,,,,
,,,,,,,,,,,,,,,,,,,,,
,,,,,,,,,,,,,,,,,,,,,
,,,,,,,,,,,,,,,,,,,,,
,,,,,,,,,,,,,,,,,,,,,
,,,,,,,,,,,,,,,,,,,,,
,,,,,,,,,,,,,,,,,,,,,
,,,,,,,,,,,,,,,,,,,,,
,,,,,,,,,,,,,,,,,,,,,
,,,,,,,,,,,,,,,,,,,,,
,,,,,,,,,,,,,,,,,,,,,
,,,,,,,,,,,,,,,,,,,,,
,,,,,,,,,,,,,,,,,,,,,
,,,,,,,,,,,,,,,,,,,,,
,,,,,,,,,,,,,,,,,,,,,
,,,,,,,,,,,,,,,,,,,,,
,,,,,,,,,,,,,,,,,,,,,
,,,,,,,,,,,,,,,,,,,,,
,,,,,,,,,,,,,,,,,,,,,
,,,,,,,,,,,,,,,,,,,,,
,,,,,,,,,,,,,,,,,,,,,
,,,,,,,,,,,,,,,,,,,,,
,,,,,,,,,,,,,,,,,,,,,
,,,,,,,,,,,,,,,,,,,,,
,,,,,,,,,,,,,,,,,,,,,
,,,,,,,,,,,,,,,,,,,,,
,,,,,,,,,,,,,,,,,,,,,
,,,,,,,,,,,,,,,,,,,,,
,,,,,,,,,,,,,,,,,,,,,
,,,,,,,,,,,,,,,,,,,,,
,,,,,,,,,,,,,,,,,,,,,
,,,,,,,,,,,,,,,,,,,,,
,,,,,,,,,,,,,,,,,,,,,
,,,,,,,,,,,,,,,,,,,,,
,,,,,,,,,,,,,,,,,,,,,
,,,,,,,,,,,,,,,,,,,,,
,,,,,,,,,,,,,,,,,,,,,
,,,,,,,,,,,,,,,,,,,,,
,,,,,,,,,,,,,,,,,,,,,
,,,,,,,,,,,,,,,,,,,,,
,,,,,,,,,,,,,,,,,,,,,
,,,,,,,,,,,,,,,,,,,,,
,,,,,,,,,,,,,,,,,,,,,
,,,,,,,,,,,,,,,,,,,,,
,,,,,,,,,,,,,,,,,,,,,
,,,,,,,,,,,,,,,,,,,,,
,,,,,,,,,,,,,,,,,,,,,
,,,,,,,,,,,,,,,,,,,,,
,,,,,,,,,,,,,,,,,,,,,
,,,,,,,,,,,,,,,,,,,,,
,,,,,,,,,,,,,,,,,,,,,
,,,,,,,,,,,,,,,,,,,,,
,,,,,,,,,,,,,,,,,,,,,
,,,,,,,,,,,,,,,,,,,,,
,,,,,,,,,,,,,,,,,,,,,
,,,,,,,,,,,,,,,,,,,,,
,,,,,,,,,,,,,,,,,,,,,
,,,,,,,,,,,,,,,,,,,,,
,,,,,,,,,,,,,,,,,,,,,
,,,,,,,,,,,,,,,,,,,,,
,,,,,,,,,,,,,,,,,,,,,
,,,,,,,,,,,,,,,,,,,,,
,,,,,,,,,,,,,,,,,,,,,
,,,,,,,,,,,,,,,,,,,,,
,,,,,,,,,,,,,,,,,,,,,
,,,,,,,,,,,,,,,,,,,,,
,,,,,,,,,,,,,,,,,,,,,
,,,,,,,,,,,,,,,,,,,,,
,,,,,,,,,,,,,,,,,,,,,
,,,,,,,,,,,,,,,,,,,,,
,,,,,,,,,,,,,,,,,,,,,
,,,,,,,,,,,,,,,,,,,,,
,,,,,,,,,,,,,,,,,,,,,
,,,,,,,,,,,,,,,,,,,,,
,,,,,,,,,,,,,,,,,,,,,
,,,,,,,,,,,,,,,,,,,,,
,,,,,,,,,,,,,,,,,,,,,
,,,,,,,,,,,,,,,,,,,,,
,,,,,,,,,,,,,,,,,,,,,
,,,,,,,,,,,,,,,,,,,,,
,,,,,,,,,,,,,,,,,,,,,
,,,,,,,,,,,,,,,,,,,,,
,,,,,,,,,,,,,,,,,,,,,
,,,,,,,,,,,,,,,,,,,,,
,,,,,,,,,,,,,,,,,,,,,
,,,,,,,,,,,,,,,,,,,,,
,,,,,,,,,,,,,,,,,,,,,
,,,,,,,,,,,,,,,,,,,,,
,,,,,,,,,,,,,,,,,,,,,
,,,,,,,,,,,,,,,,,,,,,
,,,,,,,,,,,,,,,,,,,,,
,,,,,,,,,,,,,,,,,,,,,
,,,,,,,,,,,,,,,,,,,,,
,,,,,,,,,,,,,,,,,,,,,
,,,,,,,,,,,,,,,,,,,,,
,,,,,,,,,,,,,,,,,,,,,
,,,,,,,,,,,,,,,,,,,,,
,,,,,,,,,,,,,,,,,,,,,
,,,,,,,,,,,,,,,,,,,,,
,,,,,,,,,,,,,,,,,,,,,
,,,,,,,,,,,,,,,,,,,,,
,,,,,,,,,,,,,,,,,,,,,
,,,,,,,,,,,,,,,,,,,,,
,,,,,,,,,,,,,,,,,,,,,
,,,,,,,,,,,,,,,,,,,,,
,,,,,,,,,,,,,,,,,,,,,
,,,,,,,,,,,,,,,,,,,,,
,,,,,,,,,,,,,,,,,,,,,
,,,,,,,,,,,,,,,,,,,,,
,,,,,,,,,,,,,,,,,,,,,
,,,,,,,,,,,,,,,,,,,,,
,,,,,,,,,,,,,,,,,,,,,
,,,,,,,,,,,,,,,,,,,,,
,,,,,,,,,,,,,,,,,,,,,
,,,,,,,,,,,,,,,,,,,,,
,,,,,,,,,,,,,,,,,,,,,
,,,,,,,,,,,,,,,,,,,,,
,,,,,,,,,,,,,,,,,,,,,
,,,,,,,,,,,,,,,,,,,,,
,,,,,,,,,,,,,,,,,,,,,
,,,,,,,,,,,,,,,,,,,,,
,,,,,,,,,,,,,,,,,,,,,
,,,,,,,,,,,,,,,,,,,,,
,,,,,,,,,,,,,,,,,,,,,
,,,,,,,,,,,,,,,,,,,,,
,,,,,,,,,,,,,,,,,,,,,
,,,,,,,,,,,,,,,,,,,,,
,,,,,,,,,,,,,,,,,,,,,
,,,,,,,,,,,,,,,,,,,,,
,,,,,,,,,,,,,,,,,,,,,
,,,,,,,,,,,,,,,,,,,,,
,,,,,,,,,,,,,,,,,,,,,
,,,,,,,,,,,,,,,,,,,,,
,,,,,,,,,,,,,,,,,,,,,
,,,,,,,,,,,,,,,,,,,,,
,,,,,,,,,,,,,,,,,,,,,
,,,,,,,,,,,,,,,,,,,,,
,,,,,,,,,,,,,,,,,,,,,
,,,,,,,,,,,,,,,,,,,,,
,,,,,,,,,,,,,,,,,,,,,
,,,,,,,,,,,,,,,,,,,,,
,,,,,,,,,,,,,,,,,,,,,
,,,,,,,,,,,,,,,,,,,,,
,,,,,,,,,,,,,,,,,,,,,
,,,,,,,,,,,,,,,,,,,,,
,,,,,,,,,,,,,,,,,,,,,
,,,,,,,,,,,,,,,,,,,,,
,,,,,,,,,,,,,,,,,,,,,
,,,,,,,,,,,,,,,,,,,,,
,,,,,,,,,,,,,,,,,,,,,
,,,,,,,,,,,,,,,,,,,,,
,,,,,,,,,,,,,,,,,,,,,
,,,,,,,,,,,,,,,,,,,,,
,,,,,,,,,,,,,,,,,,,,,
,,,,,,,,,,,,,,,,,,,,,
,,,,,,,,,,,,,,,,,,,,,
,,,,,,,,,,,,,,,,,,,,,
,,,,,,,,,,,,,,,,,,,,,
,,,,,,,,,,,,,,,,,,,,,
,,,,,,,,,,,,,,,,,,,,,
,,,,,,,,,,,,,,,,,,,,,
,,,,,,,,,,,,,,,,,,,,,
,,,,,,,,,,,,,,,,,,,,,
,,,,,,,,,,,,,,,,,,,,,
,,,,,,,,,,,,,,,,,,,,,
,,,,,,,,,,,,,,,,,,,,,
,,,,,,,,,,,,,,,,,,,,,
,,,,,,,,,,,,,,,,,,,,,
,,,,,,,,,,,,,,,,,,,,,
,,,,,,,,,,,,,,,,,,,,,
,,,,,,,,,,,,,,,,,,,,,
,,,,,,,,,,,,,,,,,,,,,
,,,,,,,,,,,,,,,,,,,,,
,,,,,,,,,,,,,,,,,,,,,
,,,,,,,,,,,,,,,,,,,,,
,,,,,,,,,,,,,,,,,,,,,
,,,,,,,,,,,,,,,,,,,,,
,,,,,,,,,,,,,,,,,,,,,
,,,,,,,,,,,,,,,,,,,,,
,,,,,,,,,,,,,,,,,,,,,
,,,,,,,,,,,,,,,,,,,,,
,,,,,,,,,,,,,,,,,,,,,
,,,,,,,,,,,,,,,,,,,,,
,,,,,,,,,,,,,,,,,,,,,
,,,,,,,,,,,,,,,,,,,,,
,,,,,,,,,,,,,,,,,,,,,
,,,,,,,,,,,,,,,,,,,,,
,,,,,,,,,,,,,,,,,,,,,
,,,,,,,,,,,,,,,,,,,,,
,,,,,,,,,,,,,,,,,,,,,
,,,,,,,,,,,,,,,,,,,,,
,,,,,,,,,,,,,,,,,,,,,
,,,,,,,,,,,,,,,,,,,,,
,,,,,,,,,,,,,,,,,,,,,
,,,,,,,,,,,,,,,,,,,,,
,,,,,,,,,,,,,,,,,,,,,
,,,,,,,,,,,,,,,,,,,,,
,,,,,,,,,,,,,,,,,,,,,
,,,,,,,,,,,,,,,,,,,,,
,,,,,,,,,,,,,,,,,,,,,
,,,,,,,,,,,,,,,,,,,,,
,,,,,,,,,,,,,,,,,,,,,
,,,,,,,,,,,,,,,,,,,,,
,,,,,,,,,,,,,,,,,,,,,
,,,,,,,,,,,,,,,,,,,,,
,,,,,,,,,,,,,,,,,,,,,
,,,,,,,,,,,,,,,,,,,,,
,,,,,,,,,,,,,,,,,,,,,
,,,,,,,,,,,,,,,,,,,,,
,,,,,,,,,,,,,,,,,,,,,
,,,,,,,,,,,,,,,,,,,,,
,,,,,,,,,,,,,,,,,,,,,
,,,,,,,,,,,,,,,,,,,,,
,,,,,,,,,,,,,,,,,,,,,
,,,,,,,,,,,,,,,,,,,,,
,,,,,,,,,,,,,,,,,,,,,
,,,,,,,,,,,,,,,,,,,,,
,,,,,,,,,,,,,,,,,,,,,
,,,,,,,,,,,,,,,,,,,,,
,,,,,,,,,,,,,,,,,,,,,
,,,,,,,,,,,,,,,,,,,,,
,,,,,,,,,,,,,,,,,,,,,
,,,,,,,,,,,,,,,,,,,,,
,,,,,,,,,,,,,,,,,,,,,
,,,,,,,,,,,,,,,,,,,,,
,,,,,,,,,,,,,,,,,,,,,
,,,,,,,,,,,,,,,,,,,,,
,,,,,,,,,,,,,,,,,,,,,
,,,,,,,,,,,,,,,,,,,,,
,,,,,,,,,,,,,,,,,,,,,
,,,,,,,,,,,,,,,,,,,,,
,,,,,,,,,,,,,,,,,,,,,
,,,,,,,,,,,,,,,,,,,,,
,,,,,,,,,,,,,,,,,,,,,
,,,,,,,,,,,,,,,,,,,,,
,,,,,,,,,,,,,,,,,,,,,
,,,,,,,,,,,,,,,,,,,,,
,,,,,,,,,,,,,,,,,,,,,
,,,,,,,,,,,,,,,,,,,,,
,,,,,,,,,,,,,,,,,,,,,
,,,,,,,,,,,,,,,,,,,,,
,,,,,,,,,,,,,,,,,,,,,
,,,,,,,,,,,,,,,,,,,,,
,,,,,,,,,,,,,,,,,,,,,
,,,,,,,,,,,,,,,,,,,,,
,,,,,,,,,,,,,,,,,,,,,
,,,,,,,,,,,,,,,,,,,,,
,,,,,,,,,,,,,,,,,,,,,
,,,,,,,,,,,,,,,,,,,,,
,,,,,,,,,,,,,,,,,,,,,
,,,,,,,,,,,,,,,,,,,,,
,,,,,,,,,,,,,,,,,,,,,
,,,,,,,,,,,,,,,,,,,,,
,,,,,,,,,,,,,,,,,,,,,
,,,,,,,,,,,,,,,,,,,,,
,,,,,,,,,,,,,,,,,,,,,
,,,,,,,,,,,,,,,,,,,,,
,,,,,,,,,,,,,,,,,,,,,
,,,,,,,,,,,,,,,,,,,,,
,,,,,,,,,,,,,,,,,,,,,
,,,,,,,,,,,,,,,,,,,,,
,,,,,,,,,,,,,,,,,,,,,
,,,,,,,,,,,,,,,,,,,,,
,,,,,,,,,,,,,,,,,,,,,
,,,,,,,,,,,,,,,,,,,,,
,,,,,,,,,,,,,,,,,,,,,
,,,,,,,,,,,,,,,,,,,,,
,,,,,,,,,,,,,,,,,,,,,
,,,,,,,,,,,,,,,,,,,,,
,,,,,,,,,,,,,,,,,,,,,
,,,,,,,,,,,,,,,,,,,,,
,,,,,,,,,,,,,,,,,,,,,
,,,,,,,,,,,,,,,,,,,,,
,,,,,,,,,,,,,,,,,,,,,
,,,,,,,,,,,,,,,,,,,,,
,,,,,,,,,,,,,,,,,,,,,
,,,,,,,,,,,,,,,,,,,,,
,,,,,,,,,,,,,,,,,,,,,
,,,,,,,,,,,,,,,,,,,,,
,,,,,,,,,,,,,,,,,,,,,
,,,,,,,,,,,,,,,,,,,,,
,,,,,,,,,,,,,,,,,,,,,
,,,,,,,,,,,,,,,,,,,,,
,,,,,,,,,,,,,,,,,,,,,
,,,,,,,,,,,,,,,,,,,,,
,,,,,,,,,,,,,,,,,,,,,
,,,,,,,,,,,,,,,,,,,,,
,,,,,,,,,,,,,,,,,,,,,
,,,,,,,,,,,,,,,,,,,,,
,,,,,,,,,,,,,,,,,,,,,
,,,,,,,,,,,,,,,,,,,,,
,,,,,,,,,,,,,,,,,,,,,
,,,,,,,,,,,,,,,,,,,,,
,,,,,,,,,,,,,,,,,,,,,
,,,,,,,,,,,,,,,,,,,,,
,,,,,,,,,,,,,,,,,,,,,
,,,,,,,,,,,,,,,,,,,,,
,,,,,,,,,,,,,,,,,,,,,
,,,,,,,,,,,,,,,,,,,,,
,,,,,,,,,,,,,,,,,,,,,
,,,,,,,,,,,,,,,,,,,,,
,,,,,,,,,,,,,,,,,,,,,
,,,,,,,,,,,,,,,,,,,,,
,,,,,,,,,,,,,,,,,,,,,
,,,,,,,,,,,,,,,,,,,,,
,,,,,,,,,,,,,,,,,,,,,
,,,,,,,,,,,,,,,,,,,,,
,,,,,,,,,,,,,,,,,,,,,
,,,,,,,,,,,,,,,,,,,,,
,,,,,,,,,,,,,,,,,,,,,
,,,,,,,,,,,,,,,,,,,,,
,,,,,,,,,,,,,,,,,,,,,
,,,,,,,,,,,,,,,,,,,,,
,,,,,,,,,,,,,,,,,,,,,
,,,,,,,,,,,,,,,,,,,,,
,,,,,,,,,,,,,,,,,,,,,
,,,,,,,,,,,,,,,,,,,,,
,,,,,,,,,,,,,,,,,,,,,
,,,,,,,,,,,,,,,,,,,,,
,,,,,,,,,,,,,,,,,,,,,
,,,,,,,,,,,,,,,,,,,,,
,,,,,,,,,,,,,,,,,,,,,
,,,,,,,,,,,,,,,,,,,,,
,,,,,,,,,,,,,,,,,,,,,
,,,,,,,,,,,,,,,,,,,,,
,,,,,,,,,,,,,,,,,,,,,
,,,,,,,,,,,,,,,,,,,,,
,,,,,,,,,,,,,,,,,,,,,
,,,,,,,,,,,,,,,,,,,,,
,,,,,,,,,,,,,,,,,,,,,
,,,,,,,,,,,,,,,,,,,,,
,,,,,,,,,,,,,,,,,,,,,
,,,,,,,,,,,,,,,,,,,,,
,,,,,,,,,,,,,,,,,,,,,
,,,,,,,,,,,,,,,,,,,,,
,,,,,,,,,,,,,,,,,,,,,
,,,,,,,,,,,,,,,,,,,,,
,,,,,,,,,,,,,,,,,,,,,
,,,,,,,,,,,,,,,,,,,,,
,,,,,,,,,,,,,,,,,,,,,
,,,,,,,,,,,,,,,,,,,,,
,,,,,,,,,,,,,,,,,,,,,
,,,,,,,,,,,,,,,,,,,,,
,,,,,,,,,,,,,,,,,,,,,
,,,,,,,,,,,,,,,,,,,,,
,,,,,,,,,,,,,,,,,,,,,
,,,,,,,,,,,,,,,,,,,,,
,,,,,,,,,,,,,,,,,,,,,
,,,,,,,,,,,,,,,,,,,,,
,,,,,,,,,,,,,,,,,,,,,
,,,,,,,,,,,,,,,,,,,,,
,,,,,,,,,,,,,,,,,,,,,
,,,,,,,,,,,,,,,,,,,,,
,,,,,,,,,,,,,,,,,,,,,
,,,,,,,,,,,,,,,,,,,,,
,,,,,,,,,,,,,,,,,,,,,
,,,,,,,,,,,,,,,,,,,,,
,,,,,,,,,,,,,,,,,,,,,
,,,,,,,,,,,,,,,,,,,,,
,,,,,,,,,,,,,,,,,,,,,
,,,,,,,,,,,,,,,,,,,,,
,,,,,,,,,,,,,,,,,,,,,
,,,,,,,,,,,,,,,,,,,,,
,,,,,,,,,,,,,,,,,,,,,
,,,,,,,,,,,,,,,,,,,,,
,,,,,,,,,,,,,,,,,,,,,
,,,,,,,,,,,,,,,,,,,,,
,,,,,,,,,,,,,,,,,,,,,
,,,,,,,,,,,,,,,,,,,,,
,,,,,,,,,,,,,,,,,,,,,