Type,Key,Summary,Resolution Date,Open,To Do,On Hold,Development,Ready for Testing,Testing,Refinement,Code review,Analysis,Business acceptance test,Done
,,Average time taken (from table),,988.41h,707.81h,915.81h,628.59h,138.32h,74.45h,1315.86h,143.71h,889.94h,16.64h,991.54h
,CORE-10774,TIDY Index table crebit.DEPOSIT_ATTRIBUTE_VALUE_LOG,3/18/26,24.58h,,,0.45h,20.38h,0.10h,,,,,75.55h
,CORE-10773,TIDY Index tables crebit.E_INT_MAAR_LOG and crebit.E_INT_TING_LOG,3/18/26,24.45h,,,0.90h,20.27h,,,,,,75.47h
,CORE-10731,customer status listener in case of failure,3/16/26,0.00h,,,0.38h,70.75h,,1.30h,1.22h,,,115.88h
,CORE-10725,TIDY Index crebit.cash_auth_req,3/16/26,3.10h,,,,67.98h,0.37h,,,,,121.23h
,CORE-10683,TIDY Distribute GDM engagements equally among consumers,3/19/26,0.62h,65.00h,,120.05h,45.27h,4.92h,,,,,47.47h
,CORE-10668,Renew certificate for core-close-accounts,3/20/26,0.08h,,,0.20h,332.32h,0.42h,,22.10h,,,24.47h
,CORE-10666,accountsapi to records,3/10/26,0.00h,,,,0.38h,24.57h,,91.12h,,,264.50h
,CORE-10649,Regression: Check latest AgreementOrch API endpoints,3/6/26,0.00h,0.00h,,,,49.25h,,,,,360.23h
,CORE-10642,W709 Baltic supportive services Kafka resources to Github,3/17/26,0.00h,,,222.23h,,,,113.10h,,,97.43h
,CORE-10612,TIDY Index crebit.cut[number] tables,3/4/26,66.87h,,,22.48h,22.55h,,,,,,411.35h
,CORE-10610,TIDY Index crebit.ik_mk_logi_arh and crebit.ik_mk_arh,3/3/26,72.72h,,,,17.12h,,,,,,434.20h
,CORE-10609,TIDY Index crebit.unregistered_service_log,3/3/26,73.07h,,,,16.30h,,,,,,435.02h
,CORE-10608,TIDY Index crebit.qn_response_log,3/3/26,73.73h,,,,16.23h,,,,,,435.08h
,CORE-10606,TIDY Index crebit.arve_vv_logi,3/3/26,73.93h,,,,16.12h,,,,,,435.20h
,CORE-10601,STAR-LT: Page selector was not align with table data,3/2/26,1.88h,,,,,0.25h,,112.23h,,,457.85h
,CORE-10594,TIDY Index crebit.customer_limit_log,2/24/26,0.07h,,,2.17h,20.32h,0.07h,,,,,601.92h
,CORE-10590,LT: for arrest reservation end date should be set,2/23/26,16.23h,,,0.60h,69.52h,0.08h,,,,,627.83h
,CORE-10538,TIDY Add and use accounts attributes table in LDM,2/24/26,0.00h,0.90h,,194.73h,138.67h,,90.70h,,,,602.00h
,CORE-10531,GATE environment generated files must be written into the GATE filebarn,2/5/26,0.70h,,,,,0.02h,,,,,1055.25h
,CORE-10529,Update iBank GATE to use GATE APIs,2/4/26,0.00h,0.22h,,,,,,,,,1075.75h
,CORE-10528,Update STAR GATE to use GATE APIs,2/5/26,0.00h,0.10h,,,,,,21.23h,,,1054.65h
,CORE-10520,API tests: Extend API tests and classes with vaults properties,2/12/26,0.00h,,,241.13h,,0.03h,,,,,884.82h
,CORE-10507,Improve vat-generator performance,3/20/26,0.00h,310.62h,,240.68h,,596.20h,,100.17h,,,25.43h
,CORE-10499,Onboard core-position-keeping-account-balance-api GATE to skyvault as an andromeda application/1,2/10/26,54.98h,,,143.65h,140.82h,,,,,,934.08h
,CORE-10479,Whitelisting Account api GATE,1/22/26,0.22h,17.45h,,,,,,0.63h,,,1392.10h
,CORE-10472,Retention rule for crebit.eszr_ctpy_request_type is missing,2/2/26,166.35h,,,2.38h,47.83h,68.50h,,,,,1130.08h
,CORE-10437,Changes in LT LIQ process transaction details,1/30/26,0.05h,5.85h,,17.80h,164.48h,,,6.78h,45.23h,,1197.60h
,CORE-10432,Cash handling [DB] - Remove vault code column,3/16/26,0.05h,1083.00h,,1.42h,237.52h,,,,,,120.47h
,CORE-10416,TIDY Merge collection and deletion in one batch for local disposal,1/29/26,0.02h,,,196.87h,45.95h,,65.83h,,,,1223.27h
,CORE-10411,TIDY Reduce execution cycles needed to delete engagement data,1/29/26,0.00h,92.05h,,101.50h,43.75h,,76.18h,,,,1223.28h
,CORE-10402,Changes in LT for LIQ process related TM tasks,1/30/26,1.08h,171.05h,,18.63h,165.68h,,,5.58h,,,1197.62h
,CORE-10399,Filebarn API certificate will expire (bca_reports_PB ),2/2/26,0.30h,123.75h,,19.85h,290.12h,0.00h,,,,,1127.03h
,CORE-10397,Filebarn API certificate will expire,2/12/26,24.25h,81.73h,,14.82h,,550.83h,,,,,889.68h
,CORE-10390,TIDY Implement double identification for disposal candidate records,1/19/26,0.00h,0.85h,,69.58h,51.53h,,0.00h,,,,1459.65h
,CORE-10387,"TIDY Add account types CE, CG, and CL to LDM setup",1/29/26,0.02h,,,,23.55h,0.90h,359.05h,,,,1220.72h
,CORE-10385,"Onboard Azure NS to Andromeda Portal (DEV, TEST, GATE)",2/27/26,0.00h,,1076.10h,,,,,,,,531.67h
,CORE-10378,Exclude customer Swedbank from VAT generator in LT/LV,1/27/26,5.72h,191.30h,,29.77h,0.72h,98.10h,,34.48h,,,1271.55h
,CORE-10376,TIDY New batch to check shadow tables structure,2/19/26,0.00h,378.53h,,133.75h,203.90h,26.50h,244.37h,,,,717.87h
,CORE-10369,TIDY Create shadow tables for data backup,2/20/26,0.03h,233.83h,,272.32h,183.73h,80.00h,262.75h,,,,690.68h
,CORE-10359,New grants for CORE_MONITORING_RL,1/8/26,0.12h,,,43.98h,,,,,,,1731.10h
,CORE-10358,TIDY Update disposal summary record when global disposal is canceled,1/30/26,0.03h,,,,23.20h,22.08h,550.35h,,,,1198.60h
,CORE-10341,Onboard worker-ldm-task-exec GATE to skyvault as an andromeda application,2/26/26,332.42h,27.25h,,406.97h,483.20h,,,,,,545.92h
,CORE-10301,Onboard worker-statementsdb-sync GATE to skyvault as an andromeda application/1,2/10/26,332.48h,71.57h,,286.05h,166.95h,,,,,,938.83h
,CORE-10285,Onboard core-deposit-guarantee-fund-api GATE to skyvault as an andromeda application,2/4/26,235.98h,,,459.57h,25.13h,0.22h,,,,,1075.42h
,CORE-10277,Onboard agreementorch-api GATE to skyvault as an andromeda application,3/2/26,236.03h,21.58h,314.60h,598.60h,,123.10h,,47.80h,,,454.62h
,CORE-10245,Onboard core-deposits-api GATE to skyvault as an andromeda application,1/29/26,194.52h,,,311.08h,70.38h,0.00h,,,,,1220.43h
,CORE-10221,Onboard baltic-stmt-trx-core-api GATE to skyvault as an andromeda application,1/30/26,240.03h,,,288.82h,65.58h,,,,,,1202.18h
,CORE-10213,Onboard baltic-stmt-res-core-api GATE to skyvault as an andromeda application,2/6/26,242.18h,,,427.55h,48.28h,52.95h,,,,,1028.00h
,CORE-10205,Onboard pricing-api GATE to skyvault as an andromeda application,1/29/26,238.67h,,,295.07h,45.13h,0.02h,,,,,1220.12h
,CORE-10197,Onboard core-cash-handling-api-baltic GATE to skyvault as an andromeda application,1/29/26,239.63h,,,289.43h,45.10h,,,,,,1224.87h
,CORE-10189,Onboard core-position-keeping-res-api GATE to skyvault as an andromeda application/1,2/4/26,0.15h,188.47h,,511.20h,23.83h,0.28h,,,,,1075.27h
,CORE-10181,Onboard core-position-keeping-trx-api GATE to skyvault as an andromeda application/1,2/10/26,0.20h,264.30h,,430.00h,24.38h,146.22h,,,,,934.17h
,CORE-10171,Onboard core-accounts-api GATE to skyvault as an andromeda application/1,1/29/26,1.07h,238.72h,,290.35h,45.12h,,,,,,1224.88h
,CORE-10155,Tune deletion from accounts_ldm.disposal_details in LDM executor,1/6/26,0.02h,,,44.05h,146.17h,,,,,,1774.73h
,CORE-10153,PB STAR VAT portlet translations,1/8/26,0.00h,0.55h,,193.92h,40.17h,,,125.98h,,27.25h,1726.78h
,CORE-10128,Create monitoring for VAT-Invoices generator,1/19/26,0.03h,933.28h,,,,,,,,,1461.12h
,CORE-10120,Set task in TM for service which must be closed manually LT Inactive accounts,3/16/26,1198.57h,190.68h,,3.80h,237.63h,,503.50h,,164.87h,1.57h,118.92h
,CORE-10115,Create new close account process step for LTB customer accounts closing (LT),3/16/26,1129.90h,167.47h,,23.23h,241.43h,,669.07h,,68.97h,0.70h,119.82h
,CORE-10114,Create new close account process step for Dead customer accounts closing (LT),3/16/26,1052.37h,145.87h,,23.38h,262.92h,,742.35h,,73.37h,1.43h,119.07h
,CORE-10111,Cash Handling [API] - Logging improvements,2/12/26,0.07h,1146.57h,,6.88h,76.13h,0.02h,,279.77h,47.62h,,886.35h
,CORE-10082,vat xml element <ItemAmount> with minus sign in case of repeal,1/6/26,0.97h,239.15h,,0.00h,1.12h,449.52h,,0.93h,2.77h,,1776.53h
,CORE-10009,Onboard worker-ldm-task-exec to skyvault as an andromeda application,1/13/26,22.72h,,,1319.32h,,,,,,,1606.40h
,CORE-9998,Onboard worker-transaction-enricher to skyvault as an andromeda application,1/13/26,0.35h,,1153.02h,191.58h,,,,,,,1604.83h
,CORE-9988,Onboard core-deposit-guarantee-fund-api to skyvault as an andromeda application,1/13/26,52.03h,,,1291.80h,,,,,,,1606.40h
,CORE-9971,Onboard agreementorch-api to skyvault as an andromeda application,1/13/26,0.00h,,,1368.02h,,,,,,,1606.42h
,CORE-9960,Onboard core-vop-request-processor-api to skyvault as an andromeda application,1/13/26,0.75h,,,1370.13h,,,,,,,1606.42h
,CORE-9950,Onboard core-vop-match-engine-api to skyvault as an andromeda application,1/13/26,0.47h,,,1370.92h,,,,,,,1606.42h
,CORE-9949,Cash handling [DB] - Change cash vault names,2/2/26,0.15h,75.50h,,24.13h,239.33h,0.02h,1577.70h,,,,1125.80h
,CORE-9938,Onboard core-vop-acc-ownership-api to skyvault as an andromeda application,1/13/26,0.00h,,,1439.35h,,,,,,,1606.42h
,CORE-9937,TIDY Delay data deletion in LDM Task Executor,1/28/26,0.08h,1360.48h,,8.40h,312.07h,,,135.68h,,,1249.97h
,CORE-9911,Onboard core-deposits-api to skyvault as an andromeda application /2,1/13/26,46.42h,,,1488.47h,,,,,,,1606.42h
,CORE-9894,Onboard worker-acct-event-kafka-publisher to skyvault as an andromeda application,1/13/26,0.05h,,,1538.28h,,,,,,,1606.42h
,CORE-9891,TIDY LDM Events Publisher development,2/12/26,0.02h,722.58h,,1457.53h,31.38h,,94.72h,,,,882.10h
,CORE-9890,Drop crebit.lt_service package,2/2/26,0.05h,71.72h,,27.73h,238.73h,0.05h,1723.62h,,,,1126.57h
,CORE-9871,TIDY LDM Events Publisher - Environment and Infrastructure setup for PROD,2/12/26,22.62h,1993.20h,,212.60h,,,95.23h,,,,887.92h
,CORE-9860,Onboard worker-acc-closure-helper to skyvault as an andromeda application,1/13/26,0.00h,,,1606.17h,,,,,,,1605.58h
,CORE-9848,Onboard core-offline-statements-api to skyvault as an andromeda application,1/13/26,1.88h,,,1605.43h,,,,,,,1606.43h
,CORE-9837,Onboard worker-offline-statement-generator to skyvault as an andromeda application,1/13/26,0.00h,,,1610.75h,,,,,,,1606.43h
,CORE-9827,Onboard worker-statementsdb-sync to skyvault as an andromeda application,1/13/26,0.65h,,,1610.75h,,,,,,,1606.43h
,CORE-9805,Onboard worker-stmt-req-reporting to skyvault as an andromeda application/1,1/13/26,0.95h,,,1654.12h,,,,,,,1606.43h
,CORE-9786,TIDY LDM Events Publisher - Environment and Infrastructure setup for DEV and TEST,2/12/26,69.80h,500.75h,,1563.60h,141.48h,,118.88h,,,,887.90h
,CORE-9774,Onboard statements-api to skyvault as an andromeda application,1/13/26,23.47h,,,1655.15h,,,,,,,1606.45h
,CORE-9744,Onboard baltic-stmt-trx-core-api to skyvault as an andromeda application,1/13/26,90.70h,,,1682.78h,,,,,,,1606.45h
,CORE-9741,PB VAT invoices adding to UP files and reminder check changes,1/6/26,0.13h,386.87h,1120.47h,,,,,,96.02h,,1777.57h
,CORE-9730,Onboard baltic-stmt-res-core-api to skyvault as an andromeda application /1,1/13/26,3.63h,24.68h,,1773.95h,,,,,,,1606.45h
,CORE-9720,Onboard core-position-keeping-trx-api to skyvault as an andromeda application,1/13/26,13.25h,3.02h,,1801.05h,,,,,,,1604.83h
,CORE-9710,Onboard core-position-keeping-res-api to skyvault as an andromeda application,1/13/26,13.27h,118.05h,1153.00h,532.98h,,,,,,,1604.85h
,CORE-9699,API's performance test - Skyvault testing,2/10/26,340.10h,185.32h,461.30h,,1510.15h,,,,,,1006.97h
,CORE-9594,TIDY enable automatic restart for Kafka sink connectors,1/26/26,0.00h,1038.82h,,16.67h,88.72h,79.22h,,1136.07h,,,1290.60h
,CORE-9593,TIDY Add timezone and connection parameters for Kafka sink connectors,1/26/26,0.00h,1034.93h,,0.62h,47.68h,78.93h,,1197.23h,,,1290.88h
,CORE-9554,"Cash handling [STAR, API] - Extend cash order detail information",3/2/26,0.23h,2640.83h,,143.50h,,257.80h,44.62h,247.70h,,,457.00h
,CORE-9546,Cash handling [API] - initialize new cash order with source and destination vaults,2/12/26,1.62h,2693.20h,,117.05h,50.02h,,44.48h,,,,886.57h
,CORE-9484,"Cash handling [STAR, API] - Extend cash order search with cash vault",2/25/26,162.35h,2808.77h,217.32h,30.63h,96.42h,1.25h,44.63h,21.30h,1.63h,,571.12h
,CORE-9479,Cash handling [DB] - Add destination and source vaults to cash order.,2/2/26,0.30h,2358.07h,,23.40h,239.25h,,180.38h,,28.82h,,1126.13h
,CORE-9315,Onboard pricing-api to skyvault as an andromeda application,1/13/26,1539.82h,,,1634.97h,,,,,,,1604.87h
,CORE-9306,Onboard core-cash-handling-api-baltic to skyvault as an andromeda application,1/13/26,840.82h,293.92h,,2038.58h,,,,,,,1606.47h
,CORE-9221,TIDY Insert data based on customer list provided by MDM,2/23/26,5.55h,2374.30h,,94.40h,0.32h,4.22h,2230.72h,,,,621.28h
,CORE-9214,TIDY Add planned execution dtime to DISPOSAL_TASK table,1/6/26,144.23h,957.73h,,191.07h,141.47h,,2046.58h,,188.60h,,1776.37h
,CORE-9213,TIDY Short-time storage implementation,2/18/26,144.48h,329.83h,1371.18h,176.80h,188.98h,23.18h,2230.58h,,191.47h,,741.73h
,CORE-9208,TIDY DB log trigger update to avoid Tidy deletion logging,1/19/26,138.68h,1292.42h,,198.93h,138.57h,88.87h,2234.13h,,,,1376.00h
,CORE-9064,Onboard core-accounts-api to skyvault as an andromeda application/1,1/13/26,1535.52h,,,3531.38h,,,,,,,1606.48h
,CORE-8929,Remove old crebit.calculate_nab_report and execution,2/3/26,0.77h,6120.00h,,0.55h,236.82h,,,4.32h,,21.30h,1105.17h
,CORE-8798,Setup parallel test environments for applications in UCD,1/19/26,672.27h,,,6170.47h,,,,,,,1463.27h
,CORE-8445,TIDY GDM Kafka Consumer setup for production,2/26/26,0.90h,1926.48h,3468.00h,4402.67h,,,,1.48h,,,546.23h
,CORE-8302,"Visual Bug under Group Account Balance view in iBank (EE,LT)",3/18/26,7555.77h,3525.38h,,3.92h,235.00h,,,26.37h,,47.57h,72.75h
,CORE-6809,Remove tests related to EE info inquiry types 01 and 03,1/5/26,20069.47h,,,,,,,,,,1797.90h
,CORE-8343,STAR: AccountPrint,3/16/26,20380.12h,2.95h,218.58h,165.95h,262.12h,,4507.88h,1.07h,,,117.37h
,CORE-8342,STAR: AccountListWithOpening,3/16/26,20356.22h,3.87h,217.67h,166.47h,262.57h,,4435.40h,1.07h,,,116.93h
,CORE-8339,STAR: AccountDataChangeController,3/16/26,20380.37h,3.03h,218.52h,257.52h,260.68h,,4416.35h,1.07h,,,118.82h
,CORE-6283,EE - Handover info inquiries by type and date to DW.,3/12/26,7731.33h,522.13h,,,,,8568.72h,,9769.90h,,210.60h