Type,Key,Summary,Resolution Date,Ready for patch [deleted],Open,Ready for Development,Backlog,On Hold,Waiting test deploy,To Do,Ready for Refinement,In Progress,In Code Review,Acceptance Testing,Ready for Deploy,Testing,Ready for Testing,Code review,Discovery,Delivery,Canceled,Done,Cancelled
,GUI-4218,HTML passed through label prop of ui-field (via label-id XSL attribute) broken in iBank,,,0.60h,,,,,,,3.98h,11.80h,,,,,,,,0.00h,,
,GUI-4217,Calculator card - Updates to ui-calculator with the full width layout,,,18.87h,,,,,,,,,,,,,,,,,,
,GUI-4216,Log out modal offer - Design updates,,,22.18h,,,,,,,,,,,,,,,,,,
,GUI-4215,UI Datepicker doesn't keep focus when it has the Clear button,,,22.25h,,,,,,,,,,,,,,,,,,
,GUI-4214,Update Jira template,,,7.95h,,,,,,,0.00h,0.85h,0.00h,16.93h,,,,,,0.00h,0.02h,
,GUI-4213,Remove Russian language from ui-cookie-consent for Latvia and Lithuania,,,89.98h,,,,,,,,,,,,,,,,,,
,GUI-4212,Patch level doesn't work on release,,,0.02h,,,,,,,0.02h,0.27h,91.93h,,,,,,,,,
,GUI-4210,Injection of binary image data in CSS causes FDP the bundle limit exceed 1.5 MB,,,119.18h,,,,,,,,,,,,,,,,,,
,GUI-4207,Review @typescript-eslint/prefer-nullish-coalescing': 'warn' aslant rule,,,121.18h,,,,,,,,,,,,,,,,,,
,GUI-4206,Update Jira Story template,,,17.92h,,,,,,,,,,,,,,,,119.73h,,
,GUI-4205,Modal opening - generalized solution for easier opening in any component,,,138.87h,,,,,,,,,,,,,,,,,,
,GUI-4204,fff-ish ui-tabs should have a white background,,,143.58h,,,,,,,,,,,,,,,,,,
,GUI-4202,[New iBank] Accounts widget vol. 2,,,0.00h,,,,,,,157.37h,,,,,,,,,,,
,GUI-4201,Grouped checkboxes are different colour when invalid,,,157.58h,,,,,,,,,,,,,,,,,,
,GUI-4199,"ui-slider: formatter=""years"" should interpret values as years, not months",,,162.52h,,,,,,,,,,,,,,,,,,
,GUI-4197,Container Namespaces FDP docs migration to another cluster,,,163.95h,,,,,,,,,,,,,,,,,,
,GUI-4196,Empty state - New component,,,167.30h,,,,,,,,,,,,,,,,,,
,GUI-4195,Sortable plugin of ui-table doesn't reflect sorting changes applied outside of ui-curtain,,,9.50h,,,,,,,0.00h,,,,,,,,,177.18h,,
,GUI-4190,Try to reduce visual tests threshold,,,0.02h,,,,,,,,,,,,,,,,259.48h,,
,GUI-4189,Update UI Docs to exclude links from labels in ui-field,,,260.67h,,,,,,,,,,,,,,,,,,
,GUI-4185,Ordered list breaks semantics,,,263.07h,,,,,,,,,,,,,,,,,,
,GUI-4183,aria-labelledby gets emptied in button of ui-dropdown after rebuild,,,264.77h,,,,,,,,,,,,,,,,,,
,GUI-4181,ui-hint is connected to select instead of button when used with ui-dropdown constructed through createElement,,,286.93h,,,,,,,,,,,,,,,,,,
,GUI-4174,Dismissing UIModal with Enter fires Form Validation,,,356.45h,,,,,,,,,,,,,,,,,,
,GUI-4168,ui-dropdown issues when used with Angular Reactive Forms,,,452.75h,,,,,,,,,,,,,,,,,,
,GUI-4167,Can't activate ui-asset from keyboard,,,455.20h,,,,,,,,,,,,,,,,,,
,GUI-4164,"Fix ""Invalid Entry"" announcement on checkboxes, radios, comboboxes.",,,475.33h,,,,,,,,,,,,,,,,,,
,GUI-4163,Investigate the most optimal way to create mappers,,,19.88h,,,,,,,291.67h,0.00h,165.32h,,,,,,,,,
,GUI-4162,ui-dropdown not read out as required,,,476.90h,,,,,,,,,,,,,,,,,,
,GUI-4157,UI-dropdown not being focused on invalidation,,,501.52h,,,,,,,95.00h,,,,,,,,,,,
,GUI-4155,UI-dropdown hide-selected attribute de-populates the dropdown,,,598.73h,,,,,,,,,,,,,,,,,,
,GUI-4153,Grouped checkboxes validation issue,,,617.37h,,,,,,,,,,,,,,,,,,
,GUI-4151,Setup Azure storage for Greenfield clusters,,,330.62h,,,,,,,290.55h,,,,,,,,,0.00h,,
,GUI-4150,Checkbox creates error message for a split second,,,622.92h,,,,,,,,,,,,,,,,,,
,GUI-4148,Hidden tooltips are keyboard-selectable in tables.,,,643.13h,,,,,,,,,,,,,,,,,,
,GUI-4147,Error icon disappears after second falsy form validation,,,643.30h,,,,,,,,,,,,,,,,,,
,GUI-4144,Columns - Updates to ui-column component,,,671.70h,,,,,,,,,,,,,,,,,,
,GUI-4143,Investigate removing or updating browserslist from package.json,,,694.28h,,,,,,,,,,,,,,,,,,
,GUI-4142,UI-buttonbar wrong placement and grid-row usage,,,694.32h,,,,,,,,,,,,,,,,,,
,GUI-4140,ui-checkboxes data-checkboxes-rule preventing form from being submitted,,,761.47h,,,,,,,,,,,,,,,,,,
,GUI-4138,Update npms to fix security issues,,,761.47h,,,,,,,,,,,,,,,,,,
,GUI-4137,remove ui-videobackground component,,,763.00h,,,,,,,,,,,,,,,,,,
,GUI-4136,Remove non-sprite icons from the sprite,,,763.88h,,,,,,,,,,,,,,,,,,
,GUI-4134,ui-navtoggle has a color contrast issue when activated (PW a11y testing),,,777.87h,,,,,,,,,,,,,,,,,,
,GUI-4133,ui-slider input not focusable by clicking label,,,785.42h,,,,,,,,,,,,,,,,,,
,GUI-4132,ui-feedback h2 support,,,788.23h,,,,,,,,,,,,,,,,,,
,GUI-4131,ui-navitem a11y issues (PW a11y testing),,,788.38h,,,,,,,,,,,,,,,,,,
,GUI-4129,Incorrect font weight for some fonts causes false axe-core warnings,,,802.13h,,,,,,,,,,,,,,,,,,
,GUI-4128,ui-navlist-menu has color contrast issues (PW a11y testing),,,802.78h,,,,,,,,,,,,,,,,,,
,GUI-4127,Accessibility issues with ui-nav and and ui-navlist (PW a11y testing),,,805.87h,,,,,,,,,,,,,,,,,,
,GUI-4124,ui-wizard focuses on steps when clicking next,,,619.93h,,,,,,,,,,,,,,,,215.40h,,
,GUI-4122,UI Daterange additional features,,,927.42h,,,,,,,,,,,,,,,,,,
,GUI-4121,Improve ui-buttonbar alignment logic when adding buttons programmatically,,,930.42h,,,,,,,,,,,,,,,,,,
,GUI-4120,UI Duplicate does not show the remove label,,,952.57h,,,,,,,,,,,,,,,,,,
,GUI-4119,Make UI Icon size dynamically related to font size,,,954.33h,,,,,,,,,,,,,,,,,,
,GUI-4118,UI Product opens two links when it has both external-url and a link inside,,,955.57h,,,,,,,,,,,,,,,,,,
,GUI-4117,Cloneable table always uses default value over remove-label attribute,,,956.18h,,,,,,,,,,,,,,,,,,
,GUI-4116,Datepicker's month is almost unseeable on 'Very Large' font size,,,973.37h,,,,,,,,,,,,,,,,,,
,GUI-4115,Form errors are only announced on submit,,,975.13h,,,,,,,,,,,,,,,,,,
,GUI-4113,Tech debt: form elements id setting logic,,,1001.98h,,,,,,,,,,,,,,,,,,
,GUI-4112,UI Autocomplete's input isn't escaped,,,1023.55h,,,,,,,,,,,,,,,,,,
,GUI-4110,"When submitting form with 'spacebar', first invalid field does not get focus",,,1028.10h,,,,,,,,,,,,,,,,,,
,GUI-4109,Update Table 6B example in Docs to use ui-amount,,,1028.80h,,,,,,,,,,,,,,,,,,
,GUI-4108,UIField's removeErrors() only clears the first input inside,,,1029.00h,,,,,,,,,,,,,,,,,,
,GUI-4107,ui-modal may need its body contents to be read by screenreader upon opening in some cases,,,1032.93h,,,,,,,,,,,,,,,,,,
,GUI-4105,personal ui-offer animated ui-shape text cropped on desktop,,,1122.25h,,,,,,,,,,,,,,,,,,
,GUI-4104,Asset list - Tag placement adjustments,,,1122.37h,,,,,,,,,,,,,,,,,,
,GUI-4103,Avatars - Expansion of the ui-icon and ui-icon-symbolic component,,,1126.53h,,,,,,,,,,,,,,,,,,
,GUI-4101,ui-progress a11y issues (PW a11y testing),,,1128.10h,,,,,,,,,,,,,,,,,,
,GUI-4100,ui-autocomplete options missing keyboard focus ring,,,1128.25h,,,,,,,,,,,,,,,,,,
,GUI-4098,aria-label should not be used on availability icons in ui-comparison-cards (PW a11y testing),,,1137.03h,,,,,,,,,,,,,,,,,,
,GUI-4097,ui-curtain a11y issues (PW a11y testing),,,1137.50h,,,,,,,,,,,,,,,,,,
,GUI-4096,ui-amount has color contrast issues (PW a11y testing),,,1137.78h,,,,,,,,,,,,,,,,,,
,GUI-4095,Journey block - Add link support + title style fixes,,,1145.30h,,,,,,,,,,,,,,,,,,
,GUI-4094,"In ui-legalblock, ui-scrollable-frame's label is not attached properly (PW a11y testing)",,,1145.92h,,,,,,,,,,,,,,,,,,
,GUI-4093,ui-dropdown handle edge-case with too many options,,,1146.38h,,,,,,,,,,,,,,,,,,
,GUI-4092,ui-datepicker announcement of automatic value change,,,1148.80h,,,,,,,,,,,,,,,,,,
,GUI-4091,ui-badge has color contrast issues (PW a11y testing),,,1150.33h,,,,,,,,,,,,,,,,,,
,GUI-4089,ui-wizard required fields not announced properly in NVDA,,,1192.30h,,,,,,,,,,,,,,,,,,
,GUI-4083,Top margin for link,,,1267.98h,,,,,,,,,,,,,,,,,,
,GUI-4081,readonly text ui-field has no visible focus outline,,,1286.75h,,,,,,,,,,,,,,,,,,
,GUI-4080,ui-timepicker with input type=text sets value immediately on click,,,1288.53h,,,,,,,,,,,,,,,,,,
,GUI-4079,"screen readers read links with icons as ""graphic link""",,,1291.77h,,,,,,,,,,,,,,,,,,
,GUI-4077,Dropdown code refactor,,,1293.83h,,,,,,,,,,,,,,,,,,
,GUI-4075,grammar.ts missing grammatical number logic for Latvian,,,1319.42h,,,,,,,,,,,,,,,,,,
,GUI-4074,"ui-checkbox display issue in Chrome with font size ""Very large"" setting",,,1328.42h,,,,,,,,,,,,,,,,,,
,GUI-4073,Fix incorrect type of ignore-levels prop in ui-breadcrumbs,,,1328.68h,,,,,,,,,,,,,,,,,,
,GUI-4072,Header switch - New component,,,1340.52h,,,,,,,,,,,,,,,,,,
,GUI-4067,Create Shared Navigation Service,,,1340.58h,,,,,,,,,,,,,,,,,,
,GUI-4064,Refactor ui-tooltip to be in line with WCAG guidelines for tooltips,,,1342.60h,,,,,,,,,,,,,,,,,,
,GUI-4063,ui-tooltip close button is shown on top of contents,,,1355.33h,,,,,,,,,,,,,,,,,,
,GUI-4061,Header - New component,,,1361.73h,,,,,,,,,,,,,,,,,,
,GUI-4060,Checkboxes and radios don't receive focus on unsuccessful submission,,,1363.25h,,,,,,,,,,,,,,,,,,
,GUI-4059,Continue Typescript migration,,,1223.58h,,,,,,,140.00h,,,,,,,,,,,
,GUI-4057,Checkbox label not announced if label has a tooltip,,,1367.83h,,,,,,,,,,,,,,,,,,
,GUI-4054,Refactor shared/ui-baltic... on FDP,,,1504.88h,,,,,,,,,,,,,,,,,,
,GUI-4050,Investigate best practices for UI-annotation to make it accessible,,,1534.57h,,,,,,,,,,,,,,,,,,
,GUI-4048,introduction offer has incorrect title size on mobile,,,173.92h,,,,,,,,,,,,,,,,1362.45h,,
,GUI-4046,ui-curtain button does not fit on 200% zoom mobile view,,,1602.70h,,,,,,,,,,,,,,,,,,
,GUI-4045,ui-tooltip should be associated with ui-field label,,,1603.00h,,,,,,,,,,,,,,,,,,
,GUI-4044,ui-datepicker error message too generic,,,1604.07h,,,,,,,,,,,,,,,,,,
,GUI-4043,sortable tables do not remove old aria-sort attributes,,,1427.62h,,,,,,,,,,,,,,,,177.15h,,
,GUI-4042,ui-tooltip not usable on mobile at 200% zoom,,,1605.13h,,,,,,,,,,,,,,,,,,
,GUI-4041,ui-calendar not usable at 200% zoom level,,,1606.13h,,,,,,,,,,,,,,,,,,
,GUI-4040,NVDA reads out ui-hint on ui-inputgroup multiple times,,,1606.33h,,,,,,,,,,,,,,,,,,
,GUI-4039,ui-elements.d.ts/index.d.ts export namespace,,,1628.42h,,,,,,,,,,,,,,,,,,
,GUI-4038,[White background] Update page layouts to support new sections,,,1533.50h,,,,,,,117.62h,,,,,,,,,,,
,GUI-4037,Ui-phonefield does not allow custom labels,,,1676.38h,,,,,,,,,,,,,,,,,,
,GUI-4036,Native ui-dropdown select not attached to a label (PW a11y testing),,,1676.42h,,,,,,,,,,,,,,,,,,
,GUI-4035,[White background] Header and Footer updates,,,1227.22h,,,,,,,332.00h,117.62h,,,,,,,,,,
,GUI-4033,ui-table should support td cells in thead (PW a11y testing),,,1680.68h,,,,,,,,,,,,,,,,,,
,GUI-4032,ARIA roles mixed up badly in controls of ui-tabs (PW a11y testing),,,1692.83h,,,,,,,,,,,,,,,,,,
,GUI-4031,ui-slides ARIA roles issue (PW a11y testing),,,1693.02h,,,,,,,,,,,,,,,,,,
,GUI-4030,ui-card aria-label issue (PW a11y testing),,,1693.18h,,,,,,,,,,,,,,,,,,
,GUI-4029,ui-awards breaks ARIA relationship when used with ui-slides (PW a11y testing),,,1694.43h,,,,,,,,,,,,,,,,,,
,GUI-4028,ui-stepper ARIA issues (PW a11y testing),,,1695.15h,,,,,,,,,,,,,,,,,,
,GUI-4027,ui-modal backdrop has illegal ARIA markup (PW a11y testing),,,1695.62h,,,,,,,,,,,,,,,,,,
,GUI-4025,ui-infobox has color contrast issues (PW a11y testing),,,1697.18h,,,,,,,,,,,,,,,,,,
,GUI-4024,Ui-autocomplete does not scroll options with keyboard buttons,,,1697.83h,,,,,,,,,,,,,,,,,,
,GUI-4023,Tooltips should not have interactable content inside,,,1699.83h,,,,,,,,,,,,,,,,,,
,GUI-4022,Dispatching change event on empty input sets datepicker to current date,,,1701.95h,,,,,,,,,,,,,,,,,,
,GUI-4021,ui-upload missing label (PW a11y testing),,,1701.98h,,,,,,,,,,,,,,,,,,
,GUI-4020,ui-assets/ui-asset a11y issues (PW a11y testing),,,1702.57h,,,,,,,,,,,,,,,,,,
,GUI-4019,a screenreader-only hint in ui-autocomplete disappears after opening the popup (PW a11y testing),,,1703.13h,,,,,,,,,,,,,,,,,,
,GUI-4018,The color of price text in ui-awards has insufficient contrast (PW a11y testing),,,1760.03h,,,,,,,,,,,,,,,,,,
,GUI-4017,ui-journey-item has non-existent role (PW a11y testing),,,1760.52h,,,,,,,,,,,,,,,,,,
,GUI-4016,UIField.addHint() creates a ui-hint with incorrect tag and duplicate ID (PW a11y testing),,,1760.78h,,,,,,,,,,,,,,,,,,
,GUI-4015,Accessibility issues in ui-meterbar (PW a11y testing),,,1766.25h,,,,,,,,,,,,,,,,,,
,GUI-4014,aria-hidden issues in ui-slideview (PW a11y testing),,,1766.65h,,,,,,,,,,,,,,,,,,
,GUI-4012,radio buttons of ui-rating missing labels (PW a11y testing),,,1769.27h,,,,,,,,,,,,,,,,,,
,GUI-4011,ui-icon-progress has no accessible name (PW a11y testing),,,1769.52h,,,,,,,,,,,,,,,,,,
,GUI-4010,A button in ui-dialogbubble uses a role incorrectly (PW a11y testing),,,1770.58h,,,,,,,,,,,,,,,,,,
,GUI-4009,UI Award doesn't have clickable attribute when inside a spoiler,,,1770.97h,,,,,,,,,,,,,,,,,,
,GUI-4007,Hints increase table cell width,,,1684.77h,,,,,,,41.90h,95.00h,,,,,,,,,,
,GUI-4006,Expand table's automatic sorting capabilities,,,1843.97h,,,,,,,,,,,,,,,,,,
,GUI-4000,Console error in select,,,2029.60h,,,,,,,,,,,,,,,,,,
,GUI-3999,Misplaced units when short input used in table,,,2031.65h,,,,,,,,,,,,,,,,,,
,GUI-3998,Cross-salex box titles not available in LV PPTE iBank,,,0.68h,,,,,,,,,,,,,,,,2033.03h,,
,GUI-3997,Fix inverted table accessibility issues,,,2131.88h,,,,,,,,,,,,,,,,,,
,GUI-3995,Pagination labels should be shortened to not repeat,,,2132.20h,,,,,,,,,,,,,,,,,,
,GUI-3994,Possibility to add attribute reflection on the initialiazation of the component,,,2136.43h,,,,,,,,,,,,,,,,,,
,GUI-3993,Figure out what is <ui-template> element and can it be removed?,,,2152.57h,,,,,,,,,,,,,,,,,,
,GUI-3992,ui-field validation messages get overridden by data-required-multiple-rule,,,2178.60h,,,,,,,,,,,,,,,,,,
,GUI-3991,Console error in expandable ui-tables,,,2178.90h,,,,,,,,,,,,,,,,,,
,GUI-3989,link has wrong focus,,,2179.67h,,,,,,,,,,,,,,,,,,
,GUI-3988,Asset list - Check and uncheck interaction,,,2183.33h,,,,,,,,,,,,,,,,,,
,GUI-3987,Adjust types in util-types library in the FDP ibank project,,,2206.65h,,,,,,,,,,,,,,,,,,
,GUI-3986,Update iBank related script name from Bitbucket to Github,,,77.05h,,,,,,,,,,,,,,,,2131.10h,,
,GUI-3985,Consider to remove inert attribute polyfill,,,2298.40h,,,,,,,,,,,,,,,,,,
,GUI-3981,Unpredictable behaviour of 'ui' element with VoiceOver (and other tools),,,2324.75h,,,,,,,,,,,,,,,,,,
,GUI-3978,NVDA Checkbox error alerts,,,2349.60h,,,,,,,,,,,,,,,,,,
,GUI-3977,"VoiceOver does NOT ignore ""hidden"" checkbox inside <ui-checkbox-account> element",,,2349.73h,,,,,,,,,,,,,,,,,,
,GUI-3975,ui-buttonbar alignment,,,721.50h,,,,,,,,,,,,,,,,1629.57h,,
,GUI-3973,UI-Textcounter has no red error border.,,,2372.13h,,,,,,,,,,,,,,,,,,
,GUI-3968,Enter button hitting conflicts with form submission,,,2459.93h,,,,,,,,,,,,,,,,,,
,GUI-3965,[CI] Improve pre-commit hook,,,2470.15h,,,,,,,,,,,,,,,,,,
,GUI-3963,Fix label from ui-field to be read as label for ui-dropdown,,,0.03h,,,,,,,,,,,,,,,,2512.50h,,
,GUI-3962,Refactor slots logic for components,,,2515.27h,,,,,,,,,,,,,,,,,,
,GUI-3960,High zoom level visual improvements for the contact pages,,,2531.87h,,,,,,,,,,,,,,,,,,
,GUI-3959,UISection docs dropdowns aren't helpful,,,2536.72h,,,,,,,,,,,,,,,,,,
,GUI-3955,NVDA duplicate announcements for form elements,,,2615.52h,,,,,,,,,,,,,,,,,,
,GUI-3954,UI-button is not focusing erroneous field,,,2634.18h,,,,,,,,,,,,,,,,,,
,GUI-3953,Pagination - Accessibility and usability improvements,,,2635.95h,,,,,,,,,,,,,,,,,,
,GUI-3951,Update cookie-consent component to accept custom domain names,,,2637.03h,,,,,,,,,,,,,,,,,,
,GUI-3950,Change ui-font-headline-small font weight to 900,,,1.25h,,,,,,,,,,,,,,,,2638.47h,,
,GUI-3949,Blur event on required input field doesn't mark it as invalid,,,2663.43h,,,,,,,,,,,,,,,,,,
,GUI-3948,Social-media class misalignment inside article,,,2684.10h,,,,,,,,,,,,,,,,,,
,GUI-3946,UI-message and UI-link combo NVDA announcement duplication.,,,2707.98h,,,,,,,,,,,,,,,,,,
,GUI-3941,Incorrect spacing for iconed ui-links in table cell,,,2781.38h,,,,,,,,,,,,,,,,,,
,GUI-3940,UI Status inside inverted table removes column headings,,,2800.07h,,,,,,,,,,,,,,,,,,
,GUI-3939,High zoom level visual improvements for the start page,,,2818.18h,,,,,,,,,,,,,,,,,,
,GUI-3938,Keyboard navigation of the login modal on mobile is broken,,,2818.58h,,,,,,,,,,,,,,,,,,
,GUI-3937,Contact us modal in the header (mobile) doesn't have a close button in the tab order,,,2819.75h,,,,,,,,,,,,,,,,,,
,GUI-3934,Implicit submit should not trigger on interactive elements,,,2689.97h,,,,,,,145.30h,17.65h,,,,,,,,,,
,GUI-3933,disabled hidden inputs cause an orphaned label,,,2853.13h,,,,,,,,,,,,,,,,,,
,GUI-3930,searchinput aria-label is still set when inside of ui-field with a label of its own,,,2855.00h,,,,,,,,,,,,,,,,,,
,GUI-3928,tooltip opening with enter submits form,,,2784.25h,,,,,,,,,,,,,,,,187.52h,,
,GUI-3925,Replace SCSS with CSS for ibank fdp project,,,23.00h,,,,,,,,,,,,,,,,2952.02h,,
,GUI-3919,Beta iBank - can we run 2 iBanks in parallel - Investigation,,,1637.32h,,,,,,,,,,,,,,,,1339.72h,,
,GUI-3911,Adobe tracking - need to check analytics consent - investigation,,,690.67h,,,,,,,,,,,,,,,,2327.52h,,
,GUI-3910,ui-product hardcodes buttonbar placement,,,3018.20h,,,,,,,,,,,,,,,,,,
,GUI-3908,Update https://uidocs.swedbank.net/ main page,,,3045.23h,,,,,,,,,,,,,,,,,,
,GUI-3906,Add ibank-store library for FDP,,,3.38h,,,,,,,146.15h,46.72h,,,,,,,,2850.92h,,
,GUI-3905,Button alignment for infoboxes,,,3047.88h,,,,,,,,,,,,,,,,,,
,GUI-3903,FR for UIDaterange,,,3111.42h,,,,,,,,,,,,,,,,,,
,GUI-3902,<ui-tab> visually cuts special characters in title.,,,1820.82h,,,,,,,,,,,,,,,,1293.03h,,
,GUI-3897,H2 is not visible on mobile screen for ui-awarddetails,,,119.72h,,,,,,,,,,,,,,,,3017.03h,,
,GUI-3894,Maybe add `\n` symbol to replace with <br> in ui-field's label,,,3141.78h,,,,,,,,,,,,,,,,,,
,GUI-3893,"table row role=""presntation"" issue, table expandable plugin might override <tr> attributes",,,3142.18h,,,,,,,,,,,,,,,,,,
,GUI-3892,ui-awards doesn't have upper spacing/margin,,,862.77h,,,,,,,,,,,,,,,,2279.72h,,
,GUI-3889,allow-empty attibute seems to be prevent return focus back to control element,,,3166.53h,,,,,,,,,,,,,,,,,,
,GUI-3888,Check hypens possibility in offers?,,,3167.77h,,,,,,,,,,,,,,,,,,
,GUI-3887,"Fix UI Docs ""latest"" environment",,,3179.08h,,,,,,,,,,,,,,,,,,
,GUI-3884,Improve SVG inlining into CSS,,,3206.57h,,,,,,,,,,,,,,,,,,
,GUI-3883,Allow to reuse CSS code within codebase,,,3207.18h,,,,,,,,,,,,,,,,,,
,GUI-3882,Ensure correct @media breakpoint values are always used,,,3208.50h,,,,,,,,,,,,,,,,,,
,GUI-3881,ui-dropdown popover overlows if it positioned on the right with plain layout,,,3211.55h,,,,,,,,,,,,,,,,,,
,GUI-3880,ui-elements.d.ts has issue with typings,,,0.10h,,,,,,,,,,,,,,,,3213.55h,,
,GUI-3878,Alignment bug with ui-link primary layout,,,3281.98h,,,,,,,,,,,,,,,,,,
,GUI-3876,Inconsistent focus in ui-nav submenus,,,3331.20h,,,,,,,,,,,,,,,,,,
,GUI-3875,Wrong mark-up for submenu,,,3332.33h,,,,,,,,,,,,,,,,,,
,GUI-3874,ui-slider accessibility issues,,,3347.50h,,,,,,,,,,,,,,,,,,
,GUI-3872,ui-slider displays invalid value in the input with maximum value reached with keyboard,,,3355.15h,,,,,,,,,,,,,,,,,,
,GUI-3870,Add docs how to use 2 labels for 1 toggle,,,24.23h,,,,,,,,,,,,,,,,3353.40h,,
,GUI-3869,Create component for text-only-field but with definition list inside,,,3216.18h,,,,,,,74.63h,88.70h,,,,,,,,,,
,GUI-3867,Visual tests playwright migration finalization,,,3332.95h,,,,,,,1.32h,0.60h,,,,,,,,0.03h,,
,GUI-3865,UI-inputgroup forces units to wrong input field.,,,3452.12h,,,,,,,,,,,,,,,,,,
,GUI-3863,Popover - Design updates,,,3197.12h,,,,,,,256.07h,,,,,,,,,,,
,GUI-3860,UI-modal with multiple steps - NVDA re-announces open modal button,,,3456.43h,,,,,,,,,,,,,,,,,,
,GUI-3859,UI-dropdown empty value is being validated,,,0.02h,,,,,,,,,,,,,,,,3475.70h,,
,GUI-3858,UI Dropdown accepts empty values as valid,,,3475.77h,,,,,,,,,,,,,,,,,,
,GUI-3856,Consider to remove libs/ibank/util-iframe-tokens,,,1.02h,,,,,,,,,,,,,,,,3480.70h,,
,GUI-3854,Background issue with language labels,,,3502.35h,,,,,,,,,,,,,,,,,,
,GUI-3852,Strikethrough text not read out by NVDA,,,3528.33h,,,,,,,,,,,,,,,,,,
,GUI-3851,Make AppProfile consistent type not too general,,,0.05h,,,,,,,0.03h,23.88h,,,,,,,,3505.85h,,
,GUI-3850,Implement Session Handling for FDP Side Using Silent Authentication,,,334.45h,,,,,,,,,,,,,,,,3211.43h,,
,GUI-3849,Use playwright and typescript for visual tests vol.2,,,332.72h,,,,,,,,,,,,,,,,3213.40h,,
,GUI-3847,Container Namespaces (FDP iBank) migration to another cluster,,,548.82h,,,,,,,,,,,,,,,,3000.08h,,
,GUI-3842,Ū sometimes appears incorrectly (investigation),,,3618.27h,,,,,,,,,,,,,,,,,,
,GUI-3838,textarea tag's aria-describedby discards manually set IDs when inside of ui-textcounter,,,3619.67h,,,,,,,,,,,,,,,,,,
,GUI-3837,UI Product does not act as link without page-id,,,3620.18h,,,,,,,,,,,,,,,,,,
,GUI-3836,Fix playground formatting,,,3620.63h,,,,,,,,,,,,,,,,,,
,GUI-3833,get rid of ui-field control-id getter side effects,,,3643.73h,,,,,,,,,,,,,,,,,,
,GUI-3829,UI Hints are read out twice by NVDA,,,3665.63h,,,,,,,,,,,,,,,,,,
,GUI-3828,Tooltip is not accessible at 400% zoom,,,3666.27h,,,,,,,,,,,,,,,,,,
,GUI-3825,Fix form field labels connection to inputs,,,3671.30h,,,,,,,,,,,,,,,,,,
,GUI-3812,Fix ui-daterange labels connection to inputs,,,0.08h,,,,,,,,,,,,,,,,3786.15h,,
,GUI-3810,Disabled checkbox label has too low contrast in ui-legalblock,,,20.30h,,,,,,,,,,,,,,,,3815.67h,,
,GUI-3809,ui-comparison-cards table not highlighting card in mobile view,,,3836.20h,,,,,,,,,,,,,,,,,,
,GUI-3803,Red outline not appearing for all invalid field inputs,,,871.48h,,,,,,,,,,,,,,,,2990.58h,,
,GUI-3801,Runtime errors in ui-buttonbar,,,3863.37h,,,,,,,,,,,,,,,,,,
,GUI-3800,Slider overlaps on 150% zoom,,,3881.97h,,,,,,,,,,,,,,,,,,
,GUI-3799,Slider overlaps on 150% zoom,,,0.10h,,,,,,,,,,,,,,,,3881.95h,,
,GUI-3796,"On mobile, popup of ui-autocomplete is shifted a tad to the right",,,3952.48h,,,,,,,,,,,,,,,,,,
,GUI-3794,Random focus in Safari mobile menu,,,508.63h,,,,,,,,,,,,,,,,3453.07h,,
,GUI-3790,Checkbox list and resulting span screenreader functionality,,,3999.75h,,,,,,,,,,,,,,,,,,
,GUI-3785,Timepicker shows errors in browser console,,,18.42h,,,,,,,,,,,,,,,,4007.48h,,
,GUI-3784,[Accessibility] Make screen reader read information about sorting,,,3850.08h,,,,,,,,,,,,,,,,177.15h,,
,GUI-3783,[Accessibility] Wizard accessibility,,,4027.37h,,,,,,,,,,,,,,,,,,
,GUI-3782,"[Accessibility] Make pagination accessible - let it say the correct amount of pages, and more info",,,2350.22h,,,,,,,,,,,,,,,,1677.27h,,
,GUI-3780,[Accessibility] Provide possibility to connect heading for cells inside expanded row on mobile (expandable invert - plugins),,,4027.62h,,,,,,,,,,,,,,,,,,
,GUI-3779,[Accessibility] Connect label+value for text-only ui-field,,,4027.82h,,,,,,,,,,,,,,,,,,
,GUI-3777,Tabs keyboard and focus navigation issues,,,3868.25h,,,,,,,,,,,,,,,,162.87h,,
,GUI-3765,Wrong place for error while using checkboxes in a several ui-fields,,,4151.58h,,,,,,,,,,,,,,,,,,
,GUI-3764,Implement multilingual translations for Highcharts default labels,,,4170.83h,,,,,,,,,,,,,,,,,,
,GUI-3758,UI-dropdown cursor behavior should match native select elements,,,1939.22h,,,,,,,,,,,,,,,,2279.70h,,
,GUI-3757,<td> element styling in table header,,,1679.47h,,,,,,,,,,,,,,,,2540.30h,,
,GUI-3756,Warnings in UIDocs,,,4222.02h,,,,,,,,,,,,,,,,,,
,GUI-3753,Clear button of ui-searchinput without ui-field breaks out of visual container,,,4294.22h,,,,,,,,,,,,,,,,,,
,GUI-3752,Dropdown inside of input group pushing input out of bounds,,,2645.38h,,,,,,,,,,,,,,,,1650.98h,,
,GUI-3751,Restrict !important usage in stylelint,,,4321.02h,,,,,,,,,,,,,,,,,,
,GUI-3732,ui-duplicate should be visible to screen readers as a labelled form group,,,4529.67h,,,,,,,,,,,,,,,,,,
,GUI-3729,ui-textcounter issues in Voiceover and NVDA,,,4534.05h,,,,,,,,,,,,,,,,,,
,GUI-3727,Fix language dropdown focus,,,0.18h,,,,,,,,,,,,,,,,4627.97h,,
,GUI-3725,Create general solution for customElements.whenReady(),,,4631.55h,,,,,,,,,,,,,,,,,,
,GUI-3722,"Add loading ""skeleton"" or placeholder in header when data is not ready",,,4656.27h,,,,,,,0.22h,,,,,,,,,0.00h,,
,GUI-3720,ui field behaviour (checkbox),,,4674.85h,,,,,,,,,,,,,,,,,,
,GUI-3718,Select+units element hides selected text,,,121.43h,,,,,,,,,,,,,,,,4555.20h,,
,GUI-3715,Changelog issues,,,1702.35h,,,,,,,,,,,,,,,,2999.48h,,
,GUI-3711,Allow to provide an external element as a label for a fieldset in ui-field,,,4794.42h,,,,,,,,,,,,,,,,,,
,GUI-3706,Wizard - Template structure updates and new examples,,,4820.13h,,,,,,,,,,,,,,,,,,
,GUI-3703,Update highcharts to the latest version,,,4871.43h,,,,,,,,,,,,,,,,,,
,GUI-3699,Date field accessibility - date format info,,,0.33h,,,,,,,,,,,,,,,,4894.42h,,
,GUI-3676,Adding new icon to sprites,,,5157.08h,,,,,,,,,,,,,,,,,,
,GUI-3675,Searchinput autocomplete field has too much padding,,,22.70h,,,,,,,,,,,,,,,,5135.18h,,
,GUI-3670,"word-wrap is deprecated, replaced with never altenative",,,5183.67h,,,,,,,,,,,,,,,,,,
,GUI-3660,Change button tabbing order on mobile,,,0.08h,,,,,,,,,,,,,,,,5294.02h,,
,GUI-3659,UI Toggle Tabbar cannot be tabbed through,,,5298.57h,,,,,,,,,,,,,,,,,,
,GUI-3657,UI Link doesn't have margin in news feed,,,3647.43h,,,,,,,,,,,,,,,,1651.48h,,
,GUI-3654,Input fields lack spacing when divided into sections,,,69.88h,,,,,,,,,,,,,,,,5231.83h,,
,GUI-3652,Dropdown A11Y Improvements,,,502.27h,,,,,,,,,,,,,,,,4819.58h,,
,GUI-3648,Tabs can't be hidden,,,5344.78h,,,,,,,,,,,,,,,,,,
,GUI-3646,Statistics block - New component,,,5371.02h,,,,,,,,,,,,,,,,,,
,GUI-3645,Steps block - New block component,,,238.43h,,,,,,,,,,,,,,,,5132.68h,,
,GUI-3643,Avatar block - New block component,,,307.68h,,,,,,,,,,,,,,,,5063.50h,,
,GUI-3642,Image block compact - New block component,,,238.55h,,,,,,,,,,,,,,,,5132.68h,,
,GUI-3641,Image block jumbo - New ui-offer layout,,,238.60h,,,,,,,,,,,,,,,,5132.68h,,
,GUI-3640,Award card - Updates to ui-award component,,,5371.40h,,,,,,,,,,,,,,,,,,
,GUI-3639,Avatar card - Additional infobox layout,,,238.93h,,,,,,,,,,,,,,,,5132.72h,,
,GUI-3638,Calculator card - Updates to ui-calculator component,,,4897.37h,,,,,,,330.80h,24.83h,118.73h,,,,,,,,,
,GUI-3637,Info card - Updated infobox component,,,239.22h,,,,,,,,,,,,,,,,5132.72h,,
,GUI-3636,Feature card - New ui-product layout,,,239.28h,,,,,,,,,,,,,,,,5132.72h,,
,GUI-3635,Comparison card - Updated card component,,,239.35h,,,,,,,,,,,,,,,,5132.72h,,
,GUI-3625,Text - New text classes,,,140.60h,,,,,,,,,,,,,,,,5232.63h,,
,GUI-3624,Disclaimer - New text component,,,332.45h,,,,,,,,,,,,,,,,5040.87h,,
,GUI-3623,Section heading - New text component,,,699.43h,,,,,,,,,,,,,,,,4673.93h,,
,GUI-3620,Text block - New layout component,,,167.55h,,,,,,,,,,,,,,,,5232.65h,,
,GUI-3615,ui-message should cut too long labels,,,5466.57h,,,,,,,,,,,,,,,,,,
,GUI-3614,Image in ui-offer is being cropped despite being correct size,,,4493.67h,,,,,,,,,,,,,,,,976.95h,,
,GUI-3612,Last element in jump-outs,,,5491.13h,,,,,,,,,,,,,,,,,,
,GUI-3609,Branding bar causes a permanent scroll bar on a page when using ui-layout,,,5497.07h,,,,,,,,,,,,,,,,,,
,GUI-3602,Debit cards: fix Link purpose (in context),,,2115.95h,,,,,,,0.00h,,,,,,,,,3259.80h,,
,GUI-3600,ui-salesribbon and ui-link,,,1.73h,,,,,,,,,,,,,,,,5518.78h,,
,GUI-3596,Limiting input field for slider,,,2032.23h,,,,,,,26.83h,,,,,,,,,3480.67h,,
,GUI-3595,Slider rounding issue,,,4058.23h,,,,,,,,,,,,,,,,1481.53h,,
,GUI-3594,ui-amount and ui-currency doing the same things and not corresponds to the titles,,,5541.95h,,,,,,,,,,,,,,,,,,
,GUI-3588,"In composed fields with select or ui-dropdown coming second, focusing it slightly moves the first item",,,5705.57h,,,,,,,,,,,,,,,,,,
,GUI-3587,Add user-configurable gap to ui-placement,,,5706.20h,,,,,,,,,,,,,,,,,,
,GUI-3585,phonefield popover redesign update,,,5708.50h,,,,,,,,,,,,,,,,,,
,GUI-3583,Mandatory inputs - Accessibility updates,,,575.57h,,,,,,,,,,,,,,,,5159.35h,,
,GUI-3580,Checkbox misaligned in Consolidated Payment page,,,116.55h,138.90h,,,,,,23.67h,,,,,,,,,5543.55h,,
,GUI-3579,Misaligned dateranges,,,116.73h,161.82h,,,,,,0.73h,,,,,,,,,5543.55h,,
,GUI-3574,Field hint linking with aria-describedby,,,1033.57h,,,,,,,,,,,,,,,,4819.23h,,
,GUI-3571,Page ''Partners' offers'' accessibility issues,,,3651.45h,,,,,,,,,,,,,,,,2204.23h,,
,GUI-3565,Fix incorrectly passing ui-comparison-cards test,,,5973.22h,,,,,,,,,,,,,,,,,,
,GUI-3558,Insufficient contrast for ui-message errors,,,1226.98h,,,,,,,,,,,,,,,,4819.60h,,
,GUI-3556,Adjust color/other property names for the fields,,,6136.32h,,,,,,,,,,,,,,,,,,
,GUI-3555,Create new functionality for fields: icon on the left; erase button on the right,,,2660.22h,,,,,,,,,,,,,,,,3476.23h,,
,GUI-3554,Update link examples in UI docs,,,6138.43h,,,,,,,,,,,,,,,,,,
,GUI-3553,Fix refined monthpicker layout in fluid layout,,,6138.73h,,,,,,,,,,,,,,,,,,
,GUI-3552,Create constants for utility css classes,,,6141.50h,,,,,,,,,,,,,,,,,,
,GUI-3551,ESlint method ordering in WebComponent classes,,,6141.83h,,,,,,,,,,,,,,,,,,
,GUI-3540,Warn about hardcoded pixel values instead of CSS variables,,,6307.80h,,,,,,,,,,,,,,,,,,
,GUI-3537,Tooltips are not working on uidocs.swedbank.net/guidelines-typography-shared.html,,,6328.32h,,,,,,,,,,,,,,,,,,
,GUI-3533,Fix heading of table's column with arrow buttons in expandable plugin,,,3474.90h,,,,,,,,,,,,,,,,2998.92h,,
,GUI-3527,Launching personal offers,,,1915.78h,,,,,,,,,,,,,,,,4633.40h,,
,GUI-3514,[Accessibility] ui-table sortable view broken (investigation),,,2589.02h,,,,,,,261.55h,0.33h,,,,,,,,3888.72h,,
,GUI-3513,[Accessibility] Add aria-labels to ui-feedback ratings,,,6740.13h,,,,,,,,,,,,,,,,,,
,GUI-3509,Margin is absent for ui-table inside ui-comparison-cards,,,168.50h,,,,,,,,,,,,,,,,6644.87h,,
,GUI-3507,If ui-calendar datepicker doesn't have current day it is impossible to focus,,,3480.77h,,,,,,,,,,,,,,,,3334.52h,,
,GUI-3505,add ui-slider hidden units?,,,2016.85h,,,,,,,,,,,,,,,,4819.30h,,
,GUI-3503,ui-asset needs to use a fieldset and legend,,,6838.82h,,,,,,,,,,,,,,,,,,
,GUI-3502,Problems with menu dropdown on mobile layout,,,6884.58h,,,,,,,,,,,,,,,,,,
,GUI-3492,Refactor form code quality issues,,,6908.63h,,,,,,,,,,,,,,,,,,
,GUI-3491,Add loader to ui-link with button functionality,,,6979.15h,,,,,,,,,,,,,,,,,,
,GUI-3490,ui-button inside ui-asset,,,6123.27h,,,,,,,,,,,,,,,,859.30h,,
,GUI-3487,Problems with menu dropdown on mobile layout,,,0.15h,79.77h,,,,,,89.97h,,,,,,,,,6885.57h,,
,GUI-3483,<ui-tooltip> bug inside <p> tag,,,7147.55h,,,,,,,,,,,,,,,,,,
,GUI-3482,Add support for more types in UIField.buildControlFromConfig,,,7151.15h,,,,,,,,,,,,,,,,,,
,GUI-3481,Remove another arrow-key navigation related to ui-autocomplete,,,2333.78h,,,,,,,,,,,,,,,,4819.77h,,
,GUI-3477,"ui-duplicate could be optional on init, add allow-empty attribute",,,7173.78h,,,,,,,,,,,,,,,,,,
,GUI-3475,ui-field not recognised as distinct group by NVDA,,,456.77h,,,,,,,,,,,,,,,,6735.95h,,
,GUI-3473,native window.scrollTo is overriden by prototype.js what cause upredictable scrolling behaviour,,,7198.40h,,,,,,,,,,,,,,,,,,
,GUI-3472,ui-duplicate do not parse brackets correcly on page init,,,7198.53h,,,,,,,,,,,,,,,,,,
,GUI-3470,Fix Accessibility issues for Feedback widget (audit findings),,,7074.78h,,,,,,,52.17h,91.15h,,,,,,,,,,
,GUI-3464,Duplicatable pre-filled form radiobutton wrong values,,,7242.00h,,,,,,,,,,,,,,,,,,
,GUI-3462,"When toggling a table row through JS by its id, hash value gets picked up instead",,,7245.97h,,,,,,,,,,,,,,,,,,
,GUI-3461,Clicking a nested element in an expandable row fails to toggle it,,,7246.08h,,,,,,,,,,,,,,,,,,
,GUI-3460,"On iOS with Bluetooth keyboard, contact modal in the header cannot be tabbed into",,,4404.38h,,,,,,,22.82h,,,,,,,,,2819.08h,,
,GUI-3459,Plain list (only if used in calculators !) - design updates,,,7247.62h,,,,,,,,,,,,,,,,,,
,GUI-3458,Header/Navigation - 200% zoom,,,7248.10h,,,,,,,,,,,,,,,,,,
,GUI-3457,Add allow-empty option for ui-monthpicker,,,7248.20h,,,,,,,,,,,,,,,,,,
,GUI-3456,Product card - 200% zoom,,,7249.08h,,,,,,,,,,,,,,,,,,
,GUI-3450,Links in curtain header don't work (curtain with actions),,,2761.77h,,,,,,,,,,,,,,,,4556.98h,,
,GUI-3438,"""Skip to main content"" link to be visible for keyboard users when focused",,,1802.35h,,,,,,,,,,,,,,,,5564.80h,,
,GUI-3436,ui-chip popover does not fit in mobile view,,,7393.78h,0.00h,,,,,,16.68h,0.00h,,0.00h,,,,,,0.00h,,
,GUI-3426,ui-slider validation for max disabling,,,7507.08h,,,,,,,,,,,,,,,,,,
,GUI-3425,Openshift migrate from deployment config to deployment vol.3 (clean-up),,,0.00h,0.00h,,,,,,21.40h,,,,,,,,,7486.63h,,
,GUI-3422,Required filed in legal block,,,3960.62h,,,,,,,,,,,,,,,,3548.13h,,
,GUI-3420,Update badge font according redesign,,,4053.93h,,,,,,,,,,,,,,,,3474.75h,,
,GUI-3417,Mobile nav submenu closing with ESC closes primary menu too,,,7559.48h,,,,,,,,,,,,,,,,,,
,GUI-3416,Blue square when opening IB menu on mobile,,,4201.38h,,1.20h,,,,,27.62h,,,,,,,,,3330.88h,,
,GUI-3414,Create custom event for ui-tabs when changing to different tab,,,7577.82h,,,,,,,,,,,,,,,,,,
,GUI-3410,[Accessibility] Scroll to and announce form errors (investigation),,,4105.48h,,,,,,,95.68h,,,,,,,,,3526.03h,,
,GUI-3409,Adjust ui-section to have the same styling as section.frame,,,4198.68h,,,,,,,,,,,,,,,,3548.10h,,
,GUI-3406,long words get cropped (heading in ui-offer),,,196.03h,3.45h,,,,,,0.00h,2.15h,,,,,,,,7555.80h,,
,GUI-3403,To put more examples about fields in UI DOCS,,,3049.22h,,,,,,,,,,,,,,,,4819.22h,,
,GUI-3402,ui-timepicker needs attention,,,7869.02h,,,,,,,,,,,,,,,,,,
,GUI-3393,Create currency layout for ui-dropdown,,,8014.75h,,,,,,,,,,,,,,,,,,
,GUI-3392,Refactor ui-icon to Typescript,,,7854.65h,,,,,,,134.73h,28.87h,,,,,,,,,,
,GUI-3389,Create 'rebuild-indexes' functionality for cloneable table,,,8036.95h,,,,,,,,,,,,,,,,,,
,GUI-3383,Modal backdrop is not rendered when called with modal.open(),,,5134.47h,,,,,,,,,,,,,,,,3019.23h,,
,GUI-3381,Unable to select dropdown element on mobile device,,,72.03h,,,,,,,,,,,,,,,,8087.07h,,
,GUI-3376,Award updates,,,3163.55h,,,,,,,,,,,,,,,,5063.55h,,
,GUI-3366,Menu broken on Android Firefox,,,4582.42h,,,,,,,1.63h,,,,,,,,,3667.92h,,
,GUI-3362,Language selector a11y problems,,,603.67h,,,,,,,,,,,,,,,,7727.27h,,
,GUI-3358,Input auto-focus issues for ui-tabs using 'dropdown' mode on iPhone (investigation),,,4700.95h,,,,,,,138.13h,0.00h,0.33h,,,,,,,3527.55h,,
,GUI-3347,Strict ESLint rules for TypeScript,,,502.60h,,,,,,,,,,,,,,,,8011.22h,,
,GUI-3332,Headings hierarchy on the page,,,4557.92h,,,,,,,,,,,,,,,,3984.00h,,
,GUI-3330,PFM chips,,,8542.30h,,,,,,,,,,,,,,,,,,
,GUI-3310,Investigate why checked for false in ui-signing,,,5565.37h,,,,,,,,,,,,,,,,3019.45h,,
,GUI-3304,Find the way ESbuild respect tsconfig.json,,,80.17h,,,,,,,,,,,,,,,,8513.43h,,
,GUI-3299,Create eslint rule array-type generic based on guidelines,,,696.62h,,,,,,,,,,,,,,,,8011.27h,,
,GUI-3295,Section with legal block has bottom padding which white color,,,5153.08h,,,,,,,3.47h,,,,,,,,,3669.58h,,
,GUI-3294,App buttons (Placeholder),,,170.53h,,,,,,,,,,,,,,,,8657.32h,,
,GUI-3293,Notifications Popover adjustments,,,170.63h,,,,,,,,,,,,,,,,8657.35h,,
,GUI-3284,"Need to analyze Non-Life Insurance, Life Insurance and TCM (Investment) audit finding files",,,87.13h,,,,,,,,,,,,,,,,8832.90h,,
,GUI-3277,Inputfields error handling accessibility improvements,,,505.78h,,,,,,,,,,,,,,,,8537.70h,,
,GUI-3276,Combobox (listbox) accessibility improvements,,,2974.77h,0.00h,,,,,,163.60h,,,,,,,,,5905.37h,,
,GUI-3275,Read out numbers by screen reader improvements,,,1799.65h,,,,,,,,,,,,,,,,7244.58h,,
,GUI-3257,ui-slides analytics,,,177.18h,0.00h,,785.58h,,,,3.10h,,,,,,,,,8251.97h,,
,GUI-3252,Create Accessibility section in the top level menu,,,0.00h,0.00h,,,,,,0.12h,,,,,,,,,9335.87h,,
,GUI-3247,[iBank][Corporate] Chat icon is not visible when chat is minimized and iBank page gets refreshed during Live Chat,,,0.00h,,,,,,,,,,,,,,,,9502.40h,,
,GUI-3246,Investigate is this possible to achieve with tables,,,6501.57h,,,,,,,,,,,,,,,,3019.50h,,
,GUI-3245,Change twitter icon to X in footer LT swedbank,,,1296.35h,,,,,,,,,,,,,,,,8251.98h,,
,GUI-3239,Mouse pointer issue on logo in header,,,22.50h,,,,,,,,,,,,,,,,9646.18h,,
,GUI-3235,Problem with ui-navtoggle backdrop,,,5829.25h,,,,,,,22.33h,,,,,,,,,3864.52h,,
,GUI-3234,Breadcrumbs bugs 2,,,1603.30h,0.37h,,,0.00h,,,0.12h,17.98h,721.92h,,0.00h,,,,,7241.95h,,
,GUI-3233,Pega tip changes,,,9503.30h,,,,,,,,,,,,,,,,257.50h,,
,GUI-3232,Pega offer and tip card updates,,,9760.82h,,,,,,,,,,,,,,,,,,
,GUI-3226,Data attributes from ui-option-* are transformed without data- prefix,,,9861.50h,,,,,,,,,,,,,,,,,,
,GUI-3224,Functional online identifiers (cookies) category creation,,,18.92h,,,,,,,,,,,,,,,,9864.23h,,
,GUI-3221,Carousel adjustments,,,9923.65h,,,,,,,,,,,,,,,,,,
,GUI-3218,Second set of info boxes update,,,9905.42h,,,,,,,,,,,,,,,,18.37h,,
,GUI-3212,Update styles of icons with different badges used in header,,,1921.92h,,,,,,,,,,,,,,,,8011.38h,,
,GUI-3196,Instruction: relation between invalid fields and its labels,,,0.02h,1507.47h,,,,,,0.00h,,,,,,,,,8566.98h,,
,GUI-3187,Create a option to move focus back to right possition,,,0.17h,1175.48h,,,,,,,,,,,,,,,8900.90h,,
,GUI-3176,Try overflow-anchor: auto; for content,,,0.03h,1.40h,,0.00h,0.00h,,,0.62h,2.63h,308.40h,,0.00h,,,,,9574.22h,,
,GUI-3171,UIPhoneField bug related to country feeding,,,10218.42h,,,,,,,75.90h,,,,,,,,,0.00h,,
,GUI-3166,ui-buttonbar bug on 777px screen height,,,252.27h,0.00h,,,,,,108.40h,,,,,,,,,10077.35h,,
,GUI-3159,Add documentation to optgroup attribute for all ui-option-*,,,10870.97h,,,,,,,,,,,,,,,,,,
,GUI-3153,Remove useless class '-visually-separated' for ui-columns,,,3115.07h,,,,,,,,,,,,,,,,7889.90h,,
,GUI-3151,Create helper for show/hide functionality,,,3047.30h,,,,,,,,,,,,,,,,8011.62h,,
,GUI-3143,Card updates,,,4973.10h,,,2826.07h,,,,,,,,,,,,,3404.38h,,
,GUI-3123,"In iPhone with Bluetooth keyboard connected, ""Additional options"" and ""Sort by"" buttons cannot be focused or clicked with keyboard.",,,4.22h,,,1630.88h,,,,,,,,,,,,,10102.33h,,
,GUI-3112,Navigation - Popover on mobile for corporate,,,4271.27h,7437.37h,,,,,,,,,,,,,,,0.00h,,
,GUI-3111,Navigation - Popover for contact us,,,4271.28h,7437.37h,,,,,,,,,,,,,,,0.00h,,
,GUI-3110,Navigation - Popover for notifications,,,4271.33h,7437.35h,,,,,,,,,,,,,,,0.00h,,
,GUI-3105,WebComponents + Angular,,,417.10h,,,3330.25h,,,,,,,,,,,,,7963.78h,,
,GUI-3104,Refactor charts module to TypeScript,,,8375.77h,,,3330.27h,,,,,,,,,,,,,0.00h,,
,GUI-3103,Investigate TypeDoc for documentation,,,8375.88h,,,3330.28h,,,,,,,,,,,,,0.00h,,
,GUI-3101,Migration to TypeScript,,,219.53h,,,3330.43h,,,,,,,,,,,,,8228.27h,,
,GUI-3079,Change default mobile width for screen in visual tests from 320px to 360px,,,3786.30h,,,,,,,,,,,,,,,,8398.55h,,
,GUI-3074,Use prettier plugin to organize imports,,,0.00h,0.00h,,,,,,0.02h,,,,,,,,,12282.17h,,
,GUI-3070,After redesign check fonts,,,4010.33h,,,,,,,,,,,,,,,,8398.57h,,
,GUI-3067,"For a single paragraph, use a <section> instead of an <article>.",,,190.87h,,,,,,,,,,,,,,,,12238.53h,,
,GUI-3066,"Instructions: Charts: The aria labels, e.g. aria-label=""2012, 4.1. Card payments, bln €."" include ""4.1."" which is interpreted as a date by some screen readers. Try using ""4,1"" instead.",,,220.80h,,,3305.63h,,,,,,,,,,,,,8902.97h,,
,GUI-3063,"Legacy: Consider hiding the table and showing accordions (<button aria-expanded=""false"">) in mobile.",,,190.02h,,,,,,,,,,,,,,,,12239.48h,,
,GUI-3062,Manipulate the focus order in mobile to match the visual order.,,,190.75h,24.93h,,1631.25h,,,,,,,,,,,,,10582.63h,,
,GUI-3061,Multilevel table: <th> element must have a unique id and each <td> cell must have a headers attribute that lists the id values of the associated header cells.,,,5523.10h,,,3305.72h,,,,25.72h,,,,,,,,,3527.07h,,
,GUI-3060,Add level 4 heading to the accordion headings.,,,218.28h,,,3305.80h,,,,,,,,,,,,,8905.55h,,
,GUI-3055,Investigate new breakpoints for CSS,,,4131.17h,,,,,,,,,,,,,,,,8396.85h,,
,GUI-3053,Move confirmation-dialog.template.js to ibank,,,12571.12h,,,,,,,,,,,,,,,,,,
,GUI-3052,Placeholder for margin investigation,,,4173.80h,,,,,,,,,,,,,,,,8398.65h,,
,GUI-3046,Use secondary button style on buttons with class=back/destructive,,,24.15h,0.00h,,143.27h,,,,2.45h,,,,,,,,,12598.18h,,
,GUI-3042,Extend bot message for the pull request,,,0.02h,0.00h,,,,,,0.75h,,,,,,,,,12792.95h,,
,GUI-3033,Links - replace legacy usages,,,4701.63h,,,,,,,,,,,,,,,,8399.10h,,
,GUI-3017,Animation for popover (task placeholder),,,5132.08h,,,,,,,,,,,,,,,,8397.68h,,
,GUI-3006,Accecibility changes in menu,,,117.45h,,,,,,,,,,,,,,,,13437.78h,,
,GUI-2979,Enabled treeshaking on the build and test,,,1107.02h,,,,,,,,,,,,,,,,12766.80h,,
,GUI-2978,Replace legacy MediaQueryList.addlistner to new approach addEventListener,,,13891.55h,,,,,,,,,,,,,,,,,,
,GUI-2977,Create prop validation decorator,,,12264.33h,,,,,,,,,,,,,,,,1651.97h,,
,GUI-2975,In UI library plugins aren't merged into parent class,,,5326.52h,,,,,,,,,,,,,,,,8928.33h,,
,GUI-2974,Typography issues,,,25.75h,0.00h,,,,,,27.45h,0.00h,,,,,,,,14225.55h,,
,GUI-2972,Fonts adjustments,,,2421.35h,,,,,,,,,,,,,,,,11878.35h,,
,GUI-2968,Label problem in header for vendornet,,,146.05h,,,,,,,,,,,,,,,,14276.88h,,
,GUI-2961,ui-navtoggle popover bug while resizing window,,,10658.73h,,,,,,,16.43h,,,,,,,,,3959.98h,,
,GUI-2960,spoe-bar removal,,,14635.37h,,,,,,,,,,,,,,,,,,
,GUI-2959,Styles for code-editor behave weird,,,6313.38h,,,,,,,,,,,,,,,,8399.13h,,
,GUI-2956,Finalize visual testing - Playwright,,,6202.17h,,,,,,,,,,,,,,,,8534.05h,,
Spike,GUI-2955,[Spike] Annotation component,,,1130.15h,,,,,,,,,,,,,,,,13606.08h,,
,GUI-2954,Create system for layers order,,,6360.08h,,,,,42.42h,,,,,,,,,,,8398.75h,,
,GUI-2952,ESBuild migration related issues,,,,,,,,5.47h,,1531.63h,,,,,,,,,13438.67h,,
,GUI-2949,[SPIKE] Sandbox for Angular in UILibrary,,,,,,,,333.13h,,311.20h,,,,,,,,,14472.30h,,
,GUI-2948,HTML validation inside code-editor,,,6506.77h,,,,,452.53h,,,,,,,,,,,8252.07h,,
,GUI-2946,Try to fix Java /shared.css stuff,,,,,,45.98h,,0.00h,,122.13h,,,,,,,,,15073.17h,,
,GUI-2942,[SPIKE] Popover API,,,648.37h,,,167.78h,,620.80h,,,,,,,,,,,13942.68h,,
,GUI-2939,Add Menu to Angular,,,1445.55h,0.00h,,3498.02h,,717.38h,,670.55h,673.38h,,,,,,,,8399.30h,,
,GUI-2938,Add Footer to Angular,,,2545.53h,0.00h,,3498.03h,,717.40h,,267.93h,,,,,,,,,8399.32h,,
,GUI-2937,Add Header to Angular,,,1779.35h,0.00h,,3498.03h,,717.40h,,1010.12h,,,,,,,,,8399.30h,,
,GUI-2930,Make label attribute dynamic in ui-product,,,6360.05h,,,,,837.47h,,,,,,,,,,,8398.78h,,
,GUI-2925,Test,,,,,,,,2.67h,,,,,,,,,,,15761.67h,,
,GUI-2923,Foundations - Increments (Refactor),,,,,,,,0.00h,,,,,,,,,,,15791.32h,,
,GUI-2922,Components - PEGA offer/tip,,,,,,,,432.50h,,,,,,,,,,,15380.25h,,
,GUI-2920,"Components - Tooltips (Rich, Simple)",,,,,,,,361.75h,,,,,,,,,,,15451.00h,,
,GUI-2919,Components - Avatars (PFM) - for future,,,29.75h,,,7024.28h,,361.77h,,,,,,,,,,,8396.95h,,
,GUI-2910,Column Charts,,,10060.93h,1896.93h,,1843.98h,,1054.07h,,670.48h,190.47h,,,,,,,,0.00h,,
,GUI-2904,Components - Navigation menu,,,1633.98h,1320.23h,,,,1054.23h,,,,,,,,,,,11756.57h,,
,GUI-2903,Implement asset list component extra features,,,0.42h,143.75h,,,,1177.00h,,1.35h,,,,,,,,,14613.27h,,
,GUI-2902,[Documentation] FAQ page in UIDocs,,,6360.00h,,,,,1196.87h,,,,,,,,,,,8398.80h,,
,GUI-2901,[Spike] Investigate replacing rebuildChildren,,,,,,6124.85h,,572.58h,,600.82h,,,,,,,,,8657.43h,,
,GUI-2900,Check how to rebuild ui-layout on page navigation,,,,,,,,239.97h,,95.92h,,,,,,,,,15623.02h,,
Spike,GUI-2890,Find more flexible way when writing visual tests,,,6100.83h,,,,,1627.53h,,,,,,,,,,,8657.47h,,
,GUI-2875,"Use section ""frame"" to wrap the lists",,,,,,,,934.03h,,,,,,,,,,,15959.43h,,
,GUI-2872,Replace shell.js with native node:child_process,,,5912.13h,0.00h,,,,2138.70h,,0.03h,,,,,,,,,8846.62h,,
Spike,GUI-2868,[Spike] Collaboration chat/meeting,,,2832.98h,,,,,2205.28h,,,,,,,,,,,11925.30h,,
,GUI-2857,Rename web-components that they used dashed in word splitting,,,,,,,,1991.82h,,4.15h,,,,,,,,,15115.70h,,
,GUI-2845,Move ui-iframe-controller to sandbox-iframe demo,,,47.35h,,,6055.63h,,2634.33h,,,,,,,,,,,8655.82h,,
,GUI-2836,Simplify OpenShiftClient.docker image,,,,,,,,0.07h,,0.87h,,,,,,,,,17656.32h,,
Spike,GUI-2831,[Spike] Remove iconique fonts,,,6100.93h,,,,,3047.60h,,,,,,,,,,,8657.37h,,
,GUI-2829,Foundations - Radius,,,,,,,,1864.52h,,,,,,,,,,,15961.60h,,
,GUI-2828,Foundations - Spacings,,,,,,,,1864.53h,,,,,,,,,,,15961.58h,,
,GUI-2827,Foundations - Paddings,,,,,,,,1864.55h,,,,,,,,,,,15961.60h,,
Spike,GUI-2819,[Spike] Split library into parts,,,6100.70h,,,,,3216.52h,,,,,,,,,,,8657.58h,,
Spike,GUI-2815,[Spike] Improve manual testing,,,6100.62h,,,,,3216.67h,,,,,,,,,,,8657.67h,,
Spike,GUI-2808,[Spike] Improving communication between teams,,,6100.73h,,,,,3216.82h,,,,,,,,,,,8657.55h,,
Spike,GUI-2807,[Spike] Start using Slack for communication,,,,,,,,2353.42h,,,,,,,,,,,15621.72h,,
Spike,GUI-2806,[Spike] UI team newsletter,,,6100.73h,,,,,3216.85h,,,,,,,,,,,8657.55h,,
Spike,GUI-2804,[Spike] Connection between project CSS and Figma,,,6100.92h,,,,,3216.88h,,,,,,,,,,,8657.37h,,
Spike,GUI-2802,[Spike] Share/improve IDE config,,,6100.70h,,,,,3216.92h,,,,,,,,,,,8657.58h,,
Spike,GUI-2800,[Spike] New name for UILibrary,,,6100.70h,,,,,3216.98h,,,,,,,,,,,8657.58h,,
Spike,GUI-2799,[Spike] Feature flags,,,6100.60h,,,,,3216.98h,,,,,,,,,,,8657.68h,,
,GUI-2793,Fix test for ui-navtoggle,,,,,,,,1033.52h,,427.12h,,,,,,,,,16631.20h,,
,GUI-2785,Static Documents W963 migration to OpenShift,,,,,,,,692.55h,,,,,,,,,,,17469.72h,,
,GUI-2758,Style issues for forms in vendornet after buttons styles refactoring,,,,,,,,0.08h,,115.80h,,,,,,,,,18476.32h,,
,GUI-2755,Use Playwright Visual comparisons for visual testing,,,,,,,,1174.02h,,,,,,,,,,,17469.33h,,
,GUI-2753,[Improvements] Investigate using Slack for team communication,,,,,,,,676.38h,,,,,,,,,,,17970.12h,,
,GUI-2749,[Improvements] Missing important Wiki pages,,,6359.98h,,,,,3887.95h,,,,,,,,,,,8398.82h,,
,GUI-2748,[Improvements] Webstorm and project configs,,,1991.65h,,,,,3888.08h,,,,,,,,,,,12767.15h,,
,GUI-2747,[Improvements] Offline documentation,,,1991.65h,,,,,3888.10h,,,,,,,,,,,12767.15h,,
,GUI-2743,Fix ui-field label box-model issues,1/29/24,,,,,,,0.02h,,3.08h,,,,,0.73h,,,,18477.02h,188.58h,
,GUI-2713,Investigate return performance in stocks-widget + ibank,,,1991.67h,,,,,4175.68h,,,,,,,,,,,12767.12h,,
,GUI-2706,"Chart data is loaded asynchornously when making different request, eg 2y->5y",,,,,,6047.60h,,168.82h,,1.08h,,,,,,,,,12766.85h,,
,GUI-2703,Create white theme for <code> and <code-preview> in uidocs,,,,,,,,1539.95h,,,,,,,,,,,17469.12h,,
,GUI-2702,Refactor UI library to use international standards for i18n,,,11738.38h,,,,,4321.18h,,,,,,,,,,,3020.40h,,
,GUI-2689,Create standard date formatter,,,11738.38h,,,,,4799.35h,,,,,,,,,,,3020.40h,,
,GUI-2688,Create standard number formatter,,,11738.37h,,,,,4799.35h,,,,,,,,,,,3020.42h,,
,GUI-2676,Too high contrast in uidocs for <code> attribute,,,,,,,,0.00h,,837.85h,,,,,,,,,19009.07h,,
,GUI-2669,Investigate if attributeChangedCallback should support async render,,,,,,,,146.50h,,22.12h,,,,,,,,,19821.97h,,
,GUI-2663,incorrect iframe height on page navigation,,,6102.97h,,,,,5328.22h,,,,,,,,,,,8655.82h,,
,GUI-2660,Create <ui-layout> or <ui-page-layout> wrapper element,,,47.33h,,,6055.63h,,5353.55h,,,,,,,,,,,8655.82h,,
,GUI-2659,Create generic <ui-header> layout wrapper element,,,47.33h,,,6055.63h,,5353.57h,,,,,,,,,,,8655.82h,,
,GUI-2653,Run a11y tests in docker container,,,,,,,,0.00h,,0.03h,,,,,,0.07h,,,20159.58h,,
,GUI-2652,Validate props errors in pre-rendered mode,,,,,,,,0.65h,,,,,,,,,,,20177.67h,,
,GUI-2649,Investigate failing unit test,,,,,,,,570.68h,,,,,,,,,,,19676.78h,,
,GUI-2636,widgets should be able to provide typings for projects,,,1991.58h,,,,,5705.63h,,,,,,,,,,,12767.20h,,
,GUI-2633,Deal with ui-elements.d.ts errors,,,,,,,,3645.87h,,193.47h,,,,,,,,,16631.20h,,
,GUI-2609,[iBank][Corporate] Chat is not opened when private customer is redirected from contacts page on business account,,,,,,,,5010.47h,,,,,,,,,,,15960.28h,,
,GUI-2595,Support different shells for scripts,10/20/23,,,,,,,0.00h,,0.03h,,,,,,22.55h,,,21090.13h,7.92h,
,GUI-2587,ui-navtoggle events and overlay mess,,,,,,,,983.70h,,,,,,,,,,,20326.00h,,
,GUI-2581,Fix iframe error on FDP Angular app,,,,,,,,0.12h,,0.12h,,,,,,0.48h,,,21426.97h,,
,GUI-2568,Handle onclick event from angular ibank,,,,,,,,766.70h,,,,,,,,,,,20999.13h,,
,GUI-2538,Add ui elements configuration using configureUIComponents,,,,,,,,1943.20h,,,,,,,,,,,20325.48h,,
,GUI-2537,Create MenuGuard interfaces,,,,,,11669.67h,,1944.85h,,,,,,,,,,,8655.83h,,
,GUI-2535,Add ids to all menu items,,,,,,11669.70h,,1945.05h,,,,,,,,,,,8655.83h,,
,GUI-2534,Define logic for MenuGuards,,,,,,11669.70h,,1945.12h,,,,,,,,,,,8655.83h,,
,GUI-2523,Refactor test directories,,,1991.57h,,,,,7585.57h,,,,,,,,,,,12767.22h,,
,GUI-2521,Web Components Typings should work inside FDP project for convenient DX,,,,,,12173.83h,,1604.80h,,,,,,,,,,,8655.82h,,
,GUI-2515,Support custom elements VSCode intellisense,,,,,,12173.80h,,1772.70h,,,,,,,,,,,8655.82h,,
,GUI-2486,Resolve chat inside Angular app issue,,,,,,11669.72h,,2520.52h,,,,,,,,,,,8655.83h,,
,GUI-2481,Deploy documentation in CI should wait until site deployed,,,,,,,,4219.50h,,,,,,,,,,,18645.72h,,
,GUI-2476,Supply FDP typings to ibank,,,,,,12173.85h,,2110.38h,,,,,,,,,,,8655.83h,,
,GUI-2472,Console error for UIDatePicker in pre-rendered mode,,,,,,,,54.23h,,,,,,,,,,,22938.73h,,
,GUI-2454,White page background should be added globally as secondary theme,,,,,,7558.73h,,2135.13h,,839.42h,,,,,,,,,12766.85h,,
,GUI-2447,"Resolve styles for Web Components ui-legalblock, ui-signing, ui-buttonbar",,,,,,,,5642.10h,,,,,,,,,,,17805.05h,,
,GUI-2443,"Implement ""Inline quiz"" component",,,,,,9072.17h,,1677.32h,,,,,,,,,,,12766.85h,,
,GUI-2423,Baltic UI Maintenance,7/4/23,,,,0.22h,,,,,,,,,,,,,,8542.58h,,15146.77h
,GUI-2420,Baltic UI New Component PI3,11/30/23,,,,24.00h,,,,,,,,,,,,3581.28h,,8542.58h,,11564.57h
,GUI-2409,Resolve Chrome 114 headless issue,,,,,,,,0.00h,,0.87h,,,,,,,,,23875.68h,,
,GUI-2408,Whitelisting new Glassbox cookies,,,,,,,,52.78h,,,,,,,,,,,23827.13h,,
,GUI-2397,Investigate the issue causing incomplete height screenshots in playwright visual tests for modals,,,,,,,,7151.97h,,335.95h,,,,,,,,,16631.20h,,
,GUI-2373,"UICalendar, UIDatePicker, UIMonthPicker classes incorrectly extends base class UIDateElement",,,,,,,,0.72h,,,,,,,,,,,24311.23h,,
,GUI-2344,FDP,7/4/23,,,,1168.97h,,,,,,,,,,,,,,8542.58h,,15146.35h
,GUI-2288,Rework charts style according to the branding,,,,,,,,4054.22h,,,,,,,,,,,21838.82h,,
,GUI-2219,Wink search when on search,,,2833.08h,,,,,11709.72h,,,,,,,,,,,11925.18h,,
,GUI-2206,Quantity variable,,,,,,,,480.70h,,,,,,,,,,,26201.28h,,
,GUI-2127,Parser for phones,,,,,,,,7990.18h,,,,,,,,,,,20999.55h,,
,GUI-2126,Parser for company names,,,,,,,,7990.30h,,,,,,,,,,,20999.55h,,
,GUI-2120,[iBank][Corporate] Chat session is not closed when customer changes company,,,,,,672.05h,,0.28h,,,,,,,,,,,28411.73h,,
,GUI-2117,Everything related to new SPA (single page application) development,7/4/23,,,,1511.22h,,,4000.13h,,,,,,,,,,,8542.58h,,15146.38h
,GUI-2116,Everything related to development of a new home page for .ee ; .lv ; .lt,7/4/23,,,,1510.78h,,,4000.20h,,,,,,,,,,,8542.58h,,15146.82h
,GUI-2115,Everything related to update of components to new branding design,7/4/23,,,,1511.22h,,,4000.23h,,,,,,,,,,,8542.58h,,15146.40h
,GUI-2114,Everything related to UI library accessibility,7/4/23,,,,1511.22h,,,4000.27h,,,,,,,,,,,8542.58h,,15146.40h
,GUI-2085,"[iBank][Corporate][LT, LV] Incorrect bank page is opened when customer clicks link for writing bank message",,,,,,601.42h,,331.88h,,75.80h,,,,,,0.00h,,,29226.12h,,
,GUI-2081,[iBank][Corporate] Chat bubble is not displayed when chat gets minimized when customer clicks link to write bank message,,,,,,,,290.55h,,,,,,,,,,,30067.80h,,
,GUI-2059,[iBank][Corporate] Message and link to chat history is not displayed on leaving chat confirmation,,,,,,68.90h,,2.90h,,95.78h,,,,,,,,,30695.87h,,
,GUI-2058,[iBank][Corporate] Message and link to chat history is not displayed when agent leaves the chat,,,,,,68.88h,,3.12h,,95.77h,,,,,,,,,30695.87h,,
,GUI-2028,[iBank][Corporate] Corporate customers is directed to private customer bank message page,,,0.00h,,,,,16584.07h,,,,,,,,,,,14758.27h,,
,GUI-1996,[iBank][Corporate] Customer is redirected to private customers page for writing message to bank,,,,,,,,25.12h,,,,,,,,,,,31920.65h,,
,GUI-1843,"Remove subscribe(), unsubscribe() and related methods from web-components.",,,,,,,,1826.03h,,,,,,,,,,,33761.82h,,
,GUI-1759,"Save data of organisations, projects and other",,,,,,,,21.45h,,484.58h,,,,,,,,,35777.00h,,
,GUI-1696,Check stock widget,,,,,,,,191.00h,,647.47h,,,,,,,,,36451.28h,,
,GUI-1632,Implement front-end pagination for cards,,,,,,,,4366.33h,,,,,,,,,,,33761.73h,,
,GUI-1603,Everything related to armastanaidata new platform,7/4/23,,,,1511.20h,,,13439.25h,,,,,,,,,,,8542.58h,,15146.40h
,GUI-1604,JS error when button's onclick and id are identical,,,95.35h,,,,,505.13h,,,,,,,,,,,38129.28h,,
,GUI-1596,"2nd accept ,incorrect behaviour",,,,,,,,92.45h,,,,,,,,,,,38662.43h,,
,GUI-1588,Everything related to rewriting old SPA,7/4/23,,,,1511.20h,,,13630.70h,,,,,,,,,,,8542.58h,,15146.42h
,GUI-1581,"User redirect to ""To Editing page"" after signing works wrongly",,,,,,,,4.42h,,,,,,,,,,,38997.05h,,
,GUI-1578,hide webcomponents-based edit page behind usergroup,,,,,,,,70.82h,,,,,,,,,,,38996.62h,,
,GUI-1577,https://jira.swedbank.net/browse/BUSINESS-3925 ,,,,,,,,70.87h,,,,,,,,,,,38996.60h,,
,GUI-1572,Restrict limit editing button is missing on Editing page,,,,,,,,20.82h,,,,,,,,,,,39069.47h,,
,GUI-1557,Table's last row in mobile view has unnecessary lines,,,,,,,,146.13h,,,,,,,,,,,39305.20h,,
,GUI-1550,Discard changes in mandate doesnt work,,,,,,,,68.30h,,25.48h,,,,,,,,,39475.67h,,
,GUI-1536,Account balance redo,,,,,,,,16126.33h,,,,,,,,,,,23683.43h,,
,GUI-1484,Unread messages event is not dispatched,,,,,,,,3.02h,,359.10h,,,,,,168.73h,,,40481.82h,,
,GUI-1447,Webworker as separate script,,,,,,2016.75h,,552.30h,,288.80h,,,,,,,,,38969.27h,,
,GUI-1469,customer feedback widget after completing mortgage signing is not working,,,,,837.13h,,,17649.95h,,,,,,,,,,,23683.42h,,
,GUI-1425,Remove 1 link under human icon,,,,,,,,0.33h,,,,,,,,,,,42116.92h,,
,GUI-1416,sprite icons cause JS error in webcomponent implementation,,,,,,,,529.43h,,,,,,,,,,,41825.32h,,
,GUI-1398,Everything related to storybook,7/4/23,,,,1511.28h,,,17464.35h,,,,,,,,,,,8542.58h,,15146.32h
,GUI-1390,VA links to page and tab maximises chat box,,,,,,,,284.60h,,,,,,,,,,,42500.67h,,
,GUI-1382,"Classes ""-left"" and ""-right"" do not overwrite Destructive button position",,,,,,,,24.82h,,,,,,,,,,,42834.13h,,
,GUI-1359,ui-docs to use npm package,,,,,,,,4200.25h,,,,,,,,,,,38969.28h,,
,GUI-1346,[iBank] Active input frame is too wide,,,,,,,,4.83h,,,,,,,,,,,43338.73h,,
,GUI-1342,iBank Search misbehaving,,,,,,,,151.73h,,,,,,,,,,,43337.38h,,
,GUI-1339,js error in console (signing back button),,,,,,,,1591.80h,,,,,,,,,,,41914.75h,,
,GUI-1338,Building dialog options bubbles,,,,,,166.45h,,170.88h,,,,,,,,,,,43270.70h,,
,GUI-1336,Mobile app VA page opens minimised VA,,,,,,,,481.53h,,,,,,,,,,,43173.95h,,
,GUI-1333,Everything related to html editor,7/4/23,,,,1511.27h,,,18471.67h,,,,,,,,,,,8542.58h,,15146.33h
,GUI-1316,System/service messages on homepage,,,,,,,,434.87h,,,,,,,,,,,43505.75h,,
,GUI-1315,Local VA can be used in English version of iBank,,,,,,,,118.55h,,,,,,,,,,,43867.73h,,
,GUI-1299,Equities flow improvement,,,,,,,,2762.72h,,5208.52h,,,,,,,,,36280.87h,,
,GUI-1298,Everything related to equities,7/4/23,,,,1511.27h,,,19099.90h,,,,,,,,,,,8542.58h,,15146.33h
,GUI-1445,SMART_PMT - LIST - Success message missing in NEW list after saving payment from form,,,,,,,,18147.57h,2473.13h,,,,,,,,,,23683.42h,,
,GUI-1291,Admin interface icon is broken,,,,,,,,716.22h,,,,,,,,,,,43701.85h,,
,GUI-1253,Everything related to rewriting components to ES6,7/4/23,,,,1511.27h,,,19648.97h,,,,,,,,,,,8542.58h,,15146.33h
,GUI-1245,Confirm with signing method info message,,,,,,,,146.63h,,,,,,,,,,,44851.05h,,
,GUI-1237,Select all,,,,,,,,502.07h,,,,,,,,,,,44515.27h,,
,GUI-1220,[PEN Test][UI] xss issue,,,,,,,,0.83h,,,,,,,,,,,45185.63h,,
,GUI-1184,Issue with table view - when resizing window in ibank text message,,,,,,,,838.43h,,,,,,,,,,,45167.33h,,
,GUI-1176,Maintain payment list pt.3,,,,,,,,189.10h,,820.22h,,,,,,,,,45017.27h,,
,GUI-1141,Banklink icon not shown,,,,,,,,294.92h,,,,,,,,,,,46360.43h,,
,GUI-1086,Everything related to signing widget,7/4/23,,,,1511.18h,,,22772.82h,,,,,,,,,,,8542.58h,,15146.42h
,GUI-1076,Read-only radio button,,,,,,,,2.77h,,291.08h,,,,,,,,,47874.40h,,
,GUI-1036,Admin interface,,,,,,,,47.95h,,3480.20h,,,,,2520.63h,0.00h,,,42665.05h,,
,GUI-1035,Everything related to admin interface for business,7/4/23,,,,1511.18h,,,23513.77h,,,,,,,,,,,8542.58h,,15146.42h
,GUI-1010,"Upgrade browser ""tooltip"" in validator",,,,,,,,26.18h,,,,,,,,,,,49219.55h,,
,GUI-1000,Everything related to chat,7/4/23,,,,1511.08h,,,24355.80h,,,,,,,,,,,8542.58h,,15146.53h
,GUI-984,SMART Form Mouse Pointer Tooltip Incorrect Language,,,264.50h,,,,,1610.97h,69.57h,,,,,,,,,,48377.78h,,
,GUI-969,Everything related to animation,7/4/23,,,,1511.18h,,,25290.45h,,,,,,,,,,,8542.58h,,15146.43h
,GUI-941,Everything related to cookies,7/4/23,,,,1511.18h,,,25700.32h,,,,,,,,,,,8542.58h,,15146.43h
,GUI-940,Everything related to new header,7/4/23,,,,1511.13h,,,25700.47h,,,,,,,,,,,8542.58h,,15146.48h
,GUI-934,SMART_PMT modal window for instant fail issue,,,,,,,,0.57h,,,,,,,,,,,51071.00h,,
,GUI-933,Blurry text in popup - news 1st page,,,,138.57h,0.32h,,,486.68h,,0.03h,,,,,,,,,50587.00h,,
,GUI-907,Edge problem in rendering,,,,,,,,120.97h,,,,,,,,,,,51405.37h,,
,GUI-891,Card transaction details printing sometimes doesn´t work correctly,,,,1.10h,0.28h,,,2978.53h,,,,,,,,,,,48713.78h,,
,GUI-884,ui-slider value set in JS,,,,,,,,25.37h,,,,,,,,,,,51739.02h,,
,GUI-878,Parent field for controls frontend part,,,,,,,,14735.73h,,816.05h,,,,,,,,,36280.92h,,
,GUI-818,Make UI transition ends easily detectable,,,,,,,,4055.47h,,,,,,,,,,,48715.15h,,
,GUI-797,Modal in inactive tab adjustment,,,,,,,,430.23h,,,,,,,,,,,52747.05h,,
,GUI-793,AI - I cant open tooltip in modal,,,,,,,,796.50h,,,,,,,,,,,52409.02h,,
,GUI-787,Language bar error,,,,,,,,3.07h,,,,,,,,,,,53247.20h,,
,GUI-773,Page recreate using web components,,,,,,,,105.02h,,579.22h,,,,,23.72h,320.62h,,,52508.50h,,
,GUI-772,Optional fields,,,,,,,,17256.72h,,,,,,,,,,,36280.92h,,
,GUI-764,Defined payments new solution,,,,,,,,17308.85h,,,,,,,,,,,36280.90h,,
,GUI-740,Dynamic charts delivery,,,,,,,,9673.93h,,,,,,,,,,,44176.57h,,
,GUI-739,ERROR on Ibank Vendornet - MenuItemInterceptors - Failed to invoke interceptor,,,,,,,,599.38h,,,,,,,,,,,53251.13h,,
,GUI-713,Everything related to feedback form,7/4/23,,,,1510.80h,,,29010.02h,,,,,,,,,,,8542.58h,,15146.80h
,GUI-702,Navigation in Google maps,,,,,,,,0.05h,,,,,,,,,,,54259.80h,,
,GUI-670,SMART_PMT confirmation page button position is wrong (OLD FORM),,,69.08h,,,,,144.60h,,,,,,,,,,,54716.62h,,
,GUI-651,Pages not responding for 5 minutes in TEST,,,,,,,,1733.45h,,,,,,,,,,,53224.00h,,
,GUI-649,mobile_view: amount are absent or not fully visible on chart,,,,,,,,5.90h,,,,,,,93.60h,,,,54929.93h,,
,GUI-626,Wide picture/banner,,,,,,31273.68h,,265.10h,,,,,,,,,,,23827.08h,,
,GUI-608,Everything related to redoing xsl based pages to web components,7/4/23,,,,1510.78h,,,30404.72h,,,,,,,,,,,8542.58h,,15146.82h
,GUI-575,Everything related to payment form,7/4/23,,,,1510.75h,,,30862.50h,,,,,,,,,,,8542.58h,,15146.85h
,GUI-566,Unify general icons to fit new icon grid,,,,,,,,0.25h,,504.12h,,,,,,,,,55603.53h,,
,GUI-554,Everything related to icons and their unification,7/4/23,,,,1510.72h,,,31024.75h,,,,,,,,,,,8542.58h,,15146.90h
,GUI-551,Tooltips for disabled buttons,,,,,,,,6262.15h,,,,,,,,,,,50013.57h,,
,GUI-534,"Everything related to integration between 3ds secure, Modirum",7/4/23,,,,1510.70h,,,31267.73h,,,,,,,,,,,8542.58h,,15146.90h
,GUI-531,Calendar with predefined date in modal,,,,,,,,139.75h,,26.05h,,,,,0.00h,,,,56444.40h,,
,GUI-523,Payment form part 2,,,,,,,,189.73h,,,,,,,,,,,56612.65h,,
,GUI-518,Support UIChallenge without cancel button,,,,,,,,1532.70h,,,,,,,,,,,55389.07h,,
,GUI-507,Table 9 to web components,,,,,,,,51.57h,,95.70h,,,,,,335.85h,,,56612.87h,,
,GUI-499,Numeric pattern (:numeric_comma_dot:) validation allows 'e' character to be entered,,,,,,,,886.80h,,95.62h,,,,,0.02h,142.07h,,,56302.47h,,
,GUI-472,Horizontal radio button,,,,,,,,24.88h,,,,,,,,,,,57763.00h,,
,GUI-467,Ui Signing for payment form,,,,,,,,648.88h,,190.47h,,,,,,,,,56948.78h,,
,GUI-504,Login button and some links not working in old devices,,,,,746.75h,,,7126.30h,,,,,,,,,,,50013.53h,,
,GUI-408,Try to replace ibank main form,,,,,,,,1.80h,,,,,,,,,,,58746.25h,,
,GUI-401,Bug in UISlider,,,,,,,,28.63h,,,,,,,,,,,58770.77h,,
,GUI-568,Adding external account column fix,,,,,,,,9312.57h,,,,,,,,,,,49747.97h,,
,GUI-368,Bugs in UIField,,,,,,,,3.32h,,,,,,,,,,,59299.48h,,
,GUI-335,Refactoring index and summary statement pages accoridng to design,,,,,,,,11039.32h,,,,,,,,,,,48713.75h,,
,GUI-376,Create alignment for the same tables same columns with,,,,,,0.00h,,3210.35h,,363.63h,,,,,24.97h,,,,56276.82h,,
,GUI-313,Everything related to improvement of development process,7/4/23,,,,,,,34316.43h,,477.07h,,,,,,,,1511.35h,8542.58h,,15146.25h
,GUI-312,https://www.swedbank.ee/guidelines#typography#cards 4-card images have incorrect name and wrong mobile view,,,,,,,,3359.62h,,,,,,,,,,,56635.70h,,
,GUI-288,Basic labels for web components,,,,,,,,0.23h,,171.67h,,,,,,,,,60307.85h,,
,GUI-285,New overlay element,,,,,,,,142.55h,,478.00h,,,,,,530.30h,,,59467.53h,,
,GUI-269,Bell notification does not show up in mobile/zoomed-in view,,,,,21.85h,,,142.20h,,,,,,,,,,,60670.55h,,
,GUI-264,JAWS is not reading the log out button,,,,,,,,985.55h,,,,,,,,,,,59998.57h,,
,GUI-261,SEO improvements,,,,,,,,485.18h,,,,,,,,,,,60596.38h,,
,GUI-255,Icon to table + new row type,,,,,,,,337.25h,,44.10h,,,,,53.18h,68.60h,,,60667.22h,,
,GUI-250,Badge in comparison table makes table broken in IE,,,,,,36693.88h,,821.25h,,,,,,,,,,,23804.68h,,
,GUI-247,"Images broken in IE explorer, test env. LT ",,,,,,,,2906.55h,,,,,,,,,,,58438.75h,,
,GUI-243,Account statement export buttons in ibank,,,,,,,,985.57h,,,,,,,,,,,60498.55h,,
,GUI-225,Everything related to creating and using UI own continuous integration and delivery,7/4/23,,,,1510.70h,,,36620.50h,,,,,,,,,,,8542.58h,,15146.92h
,GUI-187,Business card table mobile view styling is off,,,,,,,,8065.47h,,,,,,,,,,,54856.35h,,
,GUI-186,Everything related to Web Components,7/4/23,,,,384.93h,,,37723.30h,,,,,,,,,1126.38h,,8542.58h,,15146.28h
,GUI-181,EMS/NPS questionnaire and invitation letter adaption to smart phone users.,,,,,,,,341.60h,,,,,,,,,,,63089.92h,,
,GUI-141,User ID input field opens keyboard with letters in iOS,,,,,70.47h,,,409.15h,,,,,,,,,,,63789.23h,,
,GUI-119,Checkbox pages,,,,,,,,4202.07h,,,,,,,,,,,60427.07h,,
,GUI-93,Eye catchers on smaller screens,,,,,,73.45h,,696.60h,,,,,,,,,,,64600.60h,,
,GUI-263,TimeOutNotifier: Redundant refreshSession request,,,2446.85h,,,,,17093.23h,,,,,,,,,,,45883.47h,,
,GUI-56,New period by month element to Guidelines,,,,,,36264.20h,,530.70h,,,,,,,,,,,29203.15h,,
,GUI-39,Code Base Clean-Up,7/4/23,,,,1510.80h,,,40984.80h,,,,,,,,,,,8542.60h,,15146.80h
,GUI-127,Upgrade/cleanup markup for definitionRow template,,,4363.95h,,,698.92h,,4535.20h,,2453.32h,,,,,,,,,57088.42h,,
,,Average time taken (from table),,,2756.44h,932.46h,1117.95h,6273.93h,0.00h,4617.03h,1271.35h,288.66h,62.39h,200.95h,8.46h,0.00h,339.61h,144.48h,2353.83h,1511.35h,17899.97h,65.51h,
,GUI-2206,Quantity variable,,,,,,,,480.70h,,,,,,,,,,,26201.28h,,
,GUI-2127,Parser for phones,,,,,,,,7990.18h,,,,,,,,,,,20999.55h,,
,GUI-2126,Parser for company names,,,,,,,,7990.30h,,,,,,,,,,,20999.55h,,
,GUI-2120,[iBank][Corporate] Chat session is not closed when customer changes company,,,,,,672.05h,,0.28h,,,,,,,,,,,28411.73h,,
,GUI-2117,Everything related to new SPA (single page application) development,7/4/23,,,,1511.22h,,,4000.13h,,,,,,,,,,,8542.58h,,15146.38h
,GUI-2116,Everything related to development of a new home page for .ee ; .lv ; .lt,7/4/23,,,,1510.78h,,,4000.20h,,,,,,,,,,,8542.58h,,15146.82h
,GUI-2115,Everything related to update of components to new branding design,7/4/23,,,,1511.22h,,,4000.23h,,,,,,,,,,,8542.58h,,15146.40h
,GUI-2114,Everything related to UI library accessibility,7/4/23,,,,1511.22h,,,4000.27h,,,,,,,,,,,8542.58h,,15146.40h
,GUI-2085,"[iBank][Corporate][LT, LV] Incorrect bank page is opened when customer clicks link for writing bank message",,,,,,601.42h,,331.88h,,75.80h,,,,,,0.00h,,,29226.12h,,
,GUI-2081,[iBank][Corporate] Chat bubble is not displayed when chat gets minimized when customer clicks link to write bank message,,,,,,,,290.55h,,,,,,,,,,,30067.80h,,
,GUI-2059,[iBank][Corporate] Message and link to chat history is not displayed on leaving chat confirmation,,,,,,68.90h,,2.90h,,95.78h,,,,,,,,,30695.87h,,
,GUI-2058,[iBank][Corporate] Message and link to chat history is not displayed when agent leaves the chat,,,,,,68.88h,,3.12h,,95.77h,,,,,,,,,30695.87h,,
,GUI-2028,[iBank][Corporate] Corporate customers is directed to private customer bank message page,,,0.00h,,,,,16584.07h,,,,,,,,,,,14758.27h,,
,GUI-1996,[iBank][Corporate] Customer is redirected to private customers page for writing message to bank,,,,,,,,25.12h,,,,,,,,,,,31920.65h,,
,GUI-1843,"Remove subscribe(), unsubscribe() and related methods from web-components.",,,,,,,,1826.03h,,,,,,,,,,,33761.82h,,
,GUI-1759,"Save data of organisations, projects and other",,,,,,,,21.45h,,484.58h,,,,,,,,,35777.00h,,
,GUI-1696,Check stock widget,,,,,,,,191.00h,,647.47h,,,,,,,,,36451.28h,,
,GUI-1632,Implement front-end pagination for cards,,,,,,,,4366.33h,,,,,,,,,,,33761.73h,,
,GUI-1603,Everything related to armastanaidata new platform,7/4/23,,,,1511.20h,,,13439.25h,,,,,,,,,,,8542.58h,,15146.40h
,GUI-1604,JS error when button's onclick and id are identical,,,95.35h,,,,,505.13h,,,,,,,,,,,38129.28h,,
,GUI-1596,"2nd accept ,incorrect behaviour",,,,,,,,92.45h,,,,,,,,,,,38662.43h,,
,GUI-1588,Everything related to rewriting old SPA,7/4/23,,,,1511.20h,,,13630.70h,,,,,,,,,,,8542.58h,,15146.42h
,GUI-1581,"User redirect to ""To Editing page"" after signing works wrongly",,,,,,,,4.42h,,,,,,,,,,,38997.05h,,
,GUI-1578,hide webcomponents-based edit page behind usergroup,,,,,,,,70.82h,,,,,,,,,,,38996.62h,,
,GUI-1577,https://jira.swedbank.net/browse/BUSINESS-3925 ,,,,,,,,70.87h,,,,,,,,,,,38996.60h,,
,GUI-1572,Restrict limit editing button is missing on Editing page,,,,,,,,20.82h,,,,,,,,,,,39069.47h,,
,GUI-1557,Table's last row in mobile view has unnecessary lines,,,,,,,,146.13h,,,,,,,,,,,39305.20h,,
,GUI-1550,Discard changes in mandate doesnt work,,,,,,,,68.30h,,25.48h,,,,,,,,,39475.67h,,
,GUI-1536,Account balance redo,,,,,,,,16126.33h,,,,,,,,,,,23683.43h,,
,GUI-1484,Unread messages event is not dispatched,,,,,,,,3.02h,,359.10h,,,,,,168.73h,,,40481.82h,,
,GUI-1447,Webworker as separate script,,,,,,2016.75h,,552.30h,,288.80h,,,,,,,,,38969.27h,,
,GUI-1469,customer feedback widget after completing mortgage signing is not working,,,,,837.13h,,,17649.95h,,,,,,,,,,,23683.42h,,
,GUI-1425,Remove 1 link under human icon,,,,,,,,0.33h,,,,,,,,,,,42116.92h,,
,GUI-1416,sprite icons cause JS error in webcomponent implementation,,,,,,,,529.43h,,,,,,,,,,,41825.32h,,
,GUI-1398,Everything related to storybook,7/4/23,,,,1511.28h,,,17464.35h,,,,,,,,,,,8542.58h,,15146.32h
,GUI-1390,VA links to page and tab maximises chat box,,,,,,,,284.60h,,,,,,,,,,,42500.67h,,
,GUI-1382,"Classes ""-left"" and ""-right"" do not overwrite Destructive button position",,,,,,,,24.82h,,,,,,,,,,,42834.13h,,
,GUI-1359,ui-docs to use npm package,,,,,,,,4200.25h,,,,,,,,,,,38969.28h,,
,GUI-1346,[iBank] Active input frame is too wide,,,,,,,,4.83h,,,,,,,,,,,43338.73h,,
,GUI-1342,iBank Search misbehaving,,,,,,,,151.73h,,,,,,,,,,,43337.38h,,
,GUI-1339,js error in console (signing back button),,,,,,,,1591.80h,,,,,,,,,,,41914.75h,,
,GUI-1338,Building dialog options bubbles,,,,,,166.45h,,170.88h,,,,,,,,,,,43270.70h,,
,GUI-1336,Mobile app VA page opens minimised VA,,,,,,,,481.53h,,,,,,,,,,,43173.95h,,
,GUI-1333,Everything related to html editor,7/4/23,,,,1511.27h,,,18471.67h,,,,,,,,,,,8542.58h,,15146.33h
,GUI-1316,System/service messages on homepage,,,,,,,,434.87h,,,,,,,,,,,43505.75h,,
,GUI-1315,Local VA can be used in English version of iBank,,,,,,,,118.55h,,,,,,,,,,,43867.73h,,
,GUI-1299,Equities flow improvement,,,,,,,,2762.72h,,5208.52h,,,,,,,,,36280.87h,,
,GUI-1298,Everything related to equities,7/4/23,,,,1511.27h,,,19099.90h,,,,,,,,,,,8542.58h,,15146.33h
,GUI-1445,SMART_PMT - LIST - Success message missing in NEW list after saving payment from form,,,,,,,,18147.57h,2473.13h,,,,,,,,,,23683.42h,,
,GUI-1291,Admin interface icon is broken,,,,,,,,716.22h,,,,,,,,,,,43701.85h,,
,GUI-1253,Everything related to rewriting components to ES6,7/4/23,,,,1511.27h,,,19648.97h,,,,,,,,,,,8542.58h,,15146.33h
,GUI-1245,Confirm with signing method info message,,,,,,,,146.63h,,,,,,,,,,,44851.05h,,
,GUI-1237,Select all,,,,,,,,502.07h,,,,,,,,,,,44515.27h,,
,GUI-1220,[PEN Test][UI] xss issue,,,,,,,,0.83h,,,,,,,,,,,45185.63h,,
,GUI-1184,Issue with table view - when resizing window in ibank text message,,,,,,,,838.43h,,,,,,,,,,,45167.33h,,
,GUI-1176,Maintain payment list pt.3,,,,,,,,189.10h,,820.22h,,,,,,,,,45017.27h,,
,GUI-1141,Banklink icon not shown,,,,,,,,294.92h,,,,,,,,,,,46360.43h,,
,GUI-1086,Everything related to signing widget,7/4/23,,,,1511.18h,,,22772.82h,,,,,,,,,,,8542.58h,,15146.42h
,GUI-1076,Read-only radio button,,,,,,,,2.77h,,291.08h,,,,,,,,,47874.40h,,
,GUI-1036,Admin interface,,,,,,,,47.95h,,3480.20h,,,,,2520.63h,0.00h,,,42665.05h,,
,GUI-1035,Everything related to admin interface for business,7/4/23,,,,1511.18h,,,23513.77h,,,,,,,,,,,8542.58h,,15146.42h
,GUI-1010,"Upgrade browser ""tooltip"" in validator",,,,,,,,26.18h,,,,,,,,,,,49219.55h,,
,GUI-1000,Everything related to chat,7/4/23,,,,1511.08h,,,24355.80h,,,,,,,,,,,8542.58h,,15146.53h
,GUI-984,SMART Form Mouse Pointer Tooltip Incorrect Language,,,264.50h,,,,,1610.97h,69.57h,,,,,,,,,,48377.78h,,
,GUI-969,Everything related to animation,7/4/23,,,,1511.18h,,,25290.45h,,,,,,,,,,,8542.58h,,15146.43h
,GUI-941,Everything related to cookies,7/4/23,,,,1511.18h,,,25700.32h,,,,,,,,,,,8542.58h,,15146.43h
,GUI-940,Everything related to new header,7/4/23,,,,1511.13h,,,25700.47h,,,,,,,,,,,8542.58h,,15146.48h
,GUI-934,SMART_PMT modal window for instant fail issue,,,,,,,,0.57h,,,,,,,,,,,51071.00h,,
,GUI-933,Blurry text in popup - news 1st page,,,,138.57h,0.32h,,,486.68h,,0.03h,,,,,,,,,50587.00h,,
,GUI-907,Edge problem in rendering,,,,,,,,120.97h,,,,,,,,,,,51405.37h,,
,GUI-891,Card transaction details printing sometimes doesn´t work correctly,,,,1.10h,0.28h,,,2978.53h,,,,,,,,,,,48713.78h,,
,GUI-884,ui-slider value set in JS,,,,,,,,25.37h,,,,,,,,,,,51739.02h,,
,GUI-878,Parent field for controls frontend part,,,,,,,,14735.73h,,816.05h,,,,,,,,,36280.92h,,
,GUI-818,Make UI transition ends easily detectable,,,,,,,,4055.47h,,,,,,,,,,,48715.15h,,
,GUI-797,Modal in inactive tab adjustment,,,,,,,,430.23h,,,,,,,,,,,52747.05h,,
,GUI-793,AI - I cant open tooltip in modal,,,,,,,,796.50h,,,,,,,,,,,52409.02h,,
,GUI-787,Language bar error,,,,,,,,3.07h,,,,,,,,,,,53247.20h,,
,GUI-773,Page recreate using web components,,,,,,,,105.02h,,579.22h,,,,,23.72h,320.62h,,,52508.50h,,
,GUI-772,Optional fields,,,,,,,,17256.72h,,,,,,,,,,,36280.92h,,
,GUI-764,Defined payments new solution,,,,,,,,17308.85h,,,,,,,,,,,36280.90h,,
,GUI-740,Dynamic charts delivery,,,,,,,,9673.93h,,,,,,,,,,,44176.57h,,
,GUI-739,ERROR on Ibank Vendornet - MenuItemInterceptors - Failed to invoke interceptor,,,,,,,,599.38h,,,,,,,,,,,53251.13h,,
,GUI-713,Everything related to feedback form,7/4/23,,,,1510.80h,,,29010.02h,,,,,,,,,,,8542.58h,,15146.80h
,GUI-702,Navigation in Google maps,,,,,,,,0.05h,,,,,,,,,,,54259.80h,,
,GUI-670,SMART_PMT confirmation page button position is wrong (OLD FORM),,,69.08h,,,,,144.60h,,,,,,,,,,,54716.62h,,
,GUI-651,Pages not responding for 5 minutes in TEST,,,,,,,,1733.45h,,,,,,,,,,,53224.00h,,
,GUI-649,mobile_view: amount are absent or not fully visible on chart,,,,,,,,5.90h,,,,,,,93.60h,,,,54929.93h,,
,GUI-626,Wide picture/banner,,,,,,31273.68h,,265.10h,,,,,,,,,,,23827.08h,,
,GUI-608,Everything related to redoing xsl based pages to web components,7/4/23,,,,1510.78h,,,30404.72h,,,,,,,,,,,8542.58h,,15146.82h
,GUI-575,Everything related to payment form,7/4/23,,,,1510.75h,,,30862.50h,,,,,,,,,,,8542.58h,,15146.85h
,GUI-566,Unify general icons to fit new icon grid,,,,,,,,0.25h,,504.12h,,,,,,,,,55603.53h,,
,GUI-554,Everything related to icons and their unification,7/4/23,,,,1510.72h,,,31024.75h,,,,,,,,,,,8542.58h,,15146.90h
,GUI-551,Tooltips for disabled buttons,,,,,,,,6262.15h,,,,,,,,,,,50013.57h,,
,GUI-534,"Everything related to integration between 3ds secure, Modirum",7/4/23,,,,1510.70h,,,31267.73h,,,,,,,,,,,8542.58h,,15146.90h
,GUI-531,Calendar with predefined date in modal,,,,,,,,139.75h,,26.05h,,,,,0.00h,,,,56444.40h,,
,GUI-523,Payment form part 2,,,,,,,,189.73h,,,,,,,,,,,56612.65h,,
,GUI-518,Support UIChallenge without cancel button,,,,,,,,1532.70h,,,,,,,,,,,55389.07h,,
,GUI-507,Table 9 to web components,,,,,,,,51.57h,,95.70h,,,,,,335.85h,,,56612.87h,,
,GUI-499,Numeric pattern (:numeric_comma_dot:) validation allows 'e' character to be entered,,,,,,,,886.80h,,95.62h,,,,,0.02h,142.07h,,,56302.47h,,
,GUI-472,Horizontal radio button,,,,,,,,24.88h,,,,,,,,,,,57763.00h,,
,GUI-467,Ui Signing for payment form,,,,,,,,648.88h,,190.47h,,,,,,,,,56948.78h,,
,GUI-504,Login button and some links not working in old devices,,,,,746.75h,,,7126.30h,,,,,,,,,,,50013.53h,,
,GUI-408,Try to replace ibank main form,,,,,,,,1.80h,,,,,,,,,,,58746.25h,,
,GUI-401,Bug in UISlider,,,,,,,,28.63h,,,,,,,,,,,58770.77h,,
,GUI-568,Adding external account column fix,,,,,,,,9312.57h,,,,,,,,,,,49747.97h,,
,GUI-368,Bugs in UIField,,,,,,,,3.32h,,,,,,,,,,,59299.48h,,
,GUI-335,Refactoring index and summary statement pages accoridng to design,,,,,,,,11039.32h,,,,,,,,,,,48713.75h,,
,GUI-376,Create alignment for the same tables same columns with,,,,,,0.00h,,3210.35h,,363.63h,,,,,24.97h,,,,56276.82h,,
,GUI-313,Everything related to improvement of development process,7/4/23,,,,,,,34316.43h,,477.07h,,,,,,,,1511.35h,8542.58h,,15146.25h
,GUI-312,https://www.swedbank.ee/guidelines#typography#cards 4-card images have incorrect name and wrong mobile view,,,,,,,,3359.62h,,,,,,,,,,,56635.70h,,
,GUI-288,Basic labels for web components,,,,,,,,0.23h,,171.67h,,,,,,,,,60307.85h,,
,GUI-285,New overlay element,,,,,,,,142.55h,,478.00h,,,,,,530.30h,,,59467.53h,,
,GUI-269,Bell notification does not show up in mobile/zoomed-in view,,,,,21.85h,,,142.20h,,,,,,,,,,,60670.55h,,
,GUI-264,JAWS is not reading the log out button,,,,,,,,985.55h,,,,,,,,,,,59998.57h,,
,GUI-261,SEO improvements,,,,,,,,485.18h,,,,,,,,,,,60596.38h,,
,GUI-255,Icon to table + new row type,,,,,,,,337.25h,,44.10h,,,,,53.18h,68.60h,,,60667.22h,,
,GUI-250,Badge in comparison table makes table broken in IE,,,,,,36693.88h,,821.25h,,,,,,,,,,,23804.68h,,
,GUI-247,"Images broken in IE explorer, test env. LT ",,,,,,,,2906.55h,,,,,,,,,,,58438.75h,,
,GUI-243,Account statement export buttons in ibank,,,,,,,,985.57h,,,,,,,,,,,60498.55h,,
,GUI-225,Everything related to creating and using UI own continuous integration and delivery,7/4/23,,,,1510.70h,,,36620.50h,,,,,,,,,,,8542.58h,,15146.92h
,GUI-187,Business card table mobile view styling is off,,,,,,,,8065.47h,,,,,,,,,,,54856.35h,,
,GUI-186,Everything related to Web Components,7/4/23,,,,384.93h,,,37723.30h,,,,,,,,,1126.38h,,8542.58h,,15146.28h
,GUI-181,EMS/NPS questionnaire and invitation letter adaption to smart phone users.,,,,,,,,341.60h,,,,,,,,,,,63089.92h,,
,GUI-141,User ID input field opens keyboard with letters in iOS,,,,,70.47h,,,409.15h,,,,,,,,,,,63789.23h,,
,GUI-119,Checkbox pages,,,,,,,,4202.07h,,,,,,,,,,,60427.07h,,
,GUI-93,Eye catchers on smaller screens,,,,,,73.45h,,696.60h,,,,,,,,,,,64600.60h,,
,GUI-263,TimeOutNotifier: Redundant refreshSession request,,,2446.85h,,,,,17093.23h,,,,,,,,,,,45883.47h,,
,GUI-56,New period by month element to Guidelines,,,,,,36264.20h,,530.70h,,,,,,,,,,,29203.15h,,
,GUI-39,Code Base Clean-Up,7/4/23,,,,1510.80h,,,40984.80h,,,,,,,,,,,8542.60h,,15146.80h
,GUI-127,Upgrade/cleanup markup for definitionRow template,,,4363.95h,,,698.92h,,4535.20h,,2453.32h,,,,,,,,,57088.42h,,