Type,Key,Resolution Date,Backlog,To Do,Open,In Progress,AC Test,Code review,Selected for Development,In Development,Done,Cancelled
,BWEBDEV-8341,,0d 4h 40m,0d 0h 0m,,0d 14h 55m,0d 7h 49m,,,,,
,BWEBDEV-8339,,0d 0h 22m,0d 23h 46m,,0d 1h 31m,0d 3h 6m,,,,,
,BWEBDEV-8318,,0d 0h 46m,0d 1h 21m,,1d 18h 25m,0d 10h 43m,,,,,
,BWEBDEV-8316,,1d 3h 58m,0d 0h 0m,,0d 19h 15m,0d 2h 53m,,,,0d 5h 30m,
,BWEBDEV-8315,,0d 23h 22m,0d 3h 42m,,0d 0h 52m,1d 3h 55m,,,,,
,BWEBDEV-8288,,4d 18h 5m,0d 3h 40m,,0d 1h 37m,1d 2h 18m,,,,,
,BWEBDEV-8285,,0d 1h 23m,2d 15h 43m,,0d 5h 39m,3d 3h 39m,,,,,
,BWEBDEV-8275,,0d 0h 1m,,,0d 0h 7m,5d 23h 41m,,,,0d 6h 15m,
,BWEBDEV-8273,,0d 0h 27m,0d 0h 0m,,0d 0h 37m,2d 22h 57m,,,,3d 6h 43m,
,BWEBDEV-8260,,4d 21h 10m,0d 20h 25m,,0d 5h 28m,1d 3h 58m,,,,,
,BWEBDEV-8259,,4d 17h 49m,,,1d 4h 33m,1d 5h 4m,,,,,
,BWEBDEV-8256,,0d 18h 48m,0d 1h 23m,,0d 2h 4m,4d 22h 1m,,,,1d 7h 38m,
,BWEBDEV-8223,,0d 1h 33m,,,0d 0h 46m,8d 4h 1m,,,,,
,BWEBDEV-8214,,0d 0h 6m,,,1d 0h 36m,7d 2h 3m,,,,0d 4h 42m,
,BWEBDEV-8184,,1d 22h 19m,5d 0h 10m,,0d 5h 22m,2d 3h 23m,,,,,
,BWEBDEV-8176,,0d 1h 46m,1d 4h 43m,,3d 18h 52m,4d 7h 49m,,,,,
,BWEBDEV-8166,,0d 0h 37m,,,0d 19h 30m,9d 8h 39m,,,,,
,BWEBDEV-8152,,0d 0h 12m,,,0d 0h 3m,3d 16h 57m,0d 0h 3m,,,9d 8h 5m,
,BWEBDEV-8151,,0d 0h 15m,,,0d 0h 3m,3d 16h 57m,0d 0h 3m,,,9d 8h 5m,
,BWEBDEV-8148,,0d 1h 6m,5d 17h 4m,,0d 1h 23m,7d 2h 3m,,,,0d 4h 43m,
,BWEBDEV-8147,,0d 0h 10m,0d 0h 13m,,0d 0h 46m,,,,,13d 1h 49m,
,BWEBDEV-8146,,2d 20h 13m,,,1d 5h 1m,6d 19h 26m,0d 21h 52m,,,1d 8h 42m,
,BWEBDEV-8134,,4d 20h 13m,,,0d 8h 25m,0d 23h 30m,,,,7d 1h 52m,
,BWEBDEV-8133,,6d 21h 37m,3d 3h 0m,,0d 1h 52m,1d 18h 38m,,,,1d 9h 6m,
,BWEBDEV-8120,,0d 17h 48m,0d 0h 0m,,0d 6h 5m,13d 2h 28m,,,,,
,BWEBDEV-8103,,4d 5h 52m,1d 23h 15m,,0d 1h 37m,1d 16h 31m,,,,6d 8h 41m,
,BWEBDEV-8092,,0d 1h 42m,0d 0h 0m,,0d 0h 13m,0d 21h 16m,,,,14d 5h 19m,
,BWEBDEV-8091,,0d 2h 28m,4d 20h 5m,,0d 21h 3m,0d 3h 15m,,,,9d 5h 46m,
,BWEBDEV-8081,,0d 1h 19m,0d 0h 34m,,1d 21h 38m,3d 22h 47m,,,,9d 8h 37m,
,BWEBDEV-8079,,0d 23h 13m,0d 0h 0m,,1d 3h 31m,13d 5h 52m,,,,,
,BWEBDEV-8060,,0d 3h 49m,2d 21h 35m,,0d 5h 47m,5d 20h 46m,,,,7d 4h 31m,
,BWEBDEV-8058,,0d 16h 25m,0d 1h 31m,,0d 0h 10m,0d 1h 43m,,,,16d 5h 38m,
,BWEBDEV-8054,,0d 19h 21m,6d 20h 52m,,1d 1h 55m,0d 5h 10m,,,,8d 3h 37m,
,BWEBDEV-8050,,0d 0h 40m,,,5d 5h 57m,8d 19h 56m,,,,3d 2h 28m,
,BWEBDEV-8038,,0d 1h 36m,0d 0h 58m,,0d 3h 25m,1d 21h 52m,,,,15d 3h 49m,
,BWEBDEV-8028,,0d 0h 49m,3d 0h 34m,,0d 16h 26m,6d 7h 19m,,,,10d 1h 18m,
,BWEBDEV-8025,,0d 0h 42m,2d 20h 1m,,0d 1h 13m,1d 21h 53m,,,,15d 7h 10m,
,BWEBDEV-8024,,0d 0h 1m,,,0d 0h 7m,2d 18h 24m,,,,17d 8h 43m,
,BWEBDEV-8023,,9d 19h 4m,0d 0h 1m,,0d 7h 12m,9d 8h 7m,0d 17h 28m,,,,
,BWEBDEV-8019,,0d 0h 28m,0d 2h 10m,,0d 1h 40m,2d 16h 30m,0d 1h 28m,,,17d 8h 56m,
,BWEBDEV-7992,,0d 1h 51m,,,,3d 5h 45m,0d 18h 49m,,,17d 2h 58m,
,BWEBDEV-7972,,0d 2h 4m,4d 19h 22m,,,3d 3h 31m,,,,14d 4h 48m,
,BWEBDEV-7970,,0d 0h 3m,0d 22h 31m,,0d 4h 13m,0d 1h 4m,,,,21d 3h 3m,
,BWEBDEV-7969,,0d 21h 21m,,,0d 7h 0m,1d 3h 1m,,,,19d 23h 46m,
,BWEBDEV-7965,,0d 12h 9m,0d 0h 55m,,0d 0h 19m,6d 0h 24m,,,,16d 9h 19m,
,BWEBDEV-7958,,0d 17h 1m,0d 0h 0m,,0d 0h 0m,0d 4h 34m,,,,22d 4h 47m,
,BWEBDEV-7956,,0d 0h 52m,0d 0h 19m,,0d 1h 1m,0d 15h 52m,,,,22d 9h 16m,
,BWEBDEV-7954,,0d 1h 1m,0d 15h 49m,,0d 4h 5m,0d 2h 40m,,,,22d 4h 21m,
,BWEBDEV-7946,,1d 18h 36m,0d 2h 16m,,5d 20h 49m,1d 1h 41m,,,,15d 6h 10m,
,BWEBDEV-7897,,0d 0h 57m,4d 1h 35m,,0d 1h 1m,5d 18h 9m,,,,17d 8h 46m,
,BWEBDEV-7893,,0d 0h 3m,0d 1h 58m,,0d 3h 40m,2d 4h 34m,3d 17h 22m,,,21d 4h 25m,
,BWEBDEV-7889,,13d 19h 43m,0d 22h 25m,,0d 5h 25m,0d 2h 16m,,,,13d 0h 6m,
,BWEBDEV-7880,,5d 20h 55m,0d 0h 6m,,0d 5h 4m,0d 21h 10m,,,,21d 6h 52m,
,BWEBDEV-7876,,0d 0h 57m,0d 1h 13m,,3d 20h 25m,0d 1h 10m,,,,24d 9h 19m,
,BWEBDEV-7846,,0d 0h 43m,0d 1h 58m,,0d 17h 51m,0d 1h 19m,,,,28d 7h 49m,
,BWEBDEV-7845,,12d 19h 37m,,,3d 2h 46m,4d 21h 10m,,,,8d 10h 5m,
,BWEBDEV-7844,,0d 22h 13m,,,8d 3h 4m,2d 19h 16m,0d 0h 25m,,,17d 8h 55m,
,BWEBDEV-7840,,1d 22h 34m,0d 0h 4m,,1d 6h 13m,1d 18h 16m,,,,24d 7h 47m,
,BWEBDEV-7828,,5d 17h 25m,,,1d 8h 37m,6d 21h 58m,,,,16d 3h 19m,
,BWEBDEV-7827,,1d 20h 2m,0d 0h 1m,,1d 1h 36m,3d 22h 9m,,,,23d 7h 53m,
,BWEBDEV-7809,,0d 0h 1m,0d 5h 17m,,0d 0h 37m,7d 19h 13m,,,,22d 8h 4m,
,BWEBDEV-7787,,0d 0h 4m,0d 3h 40m,,0d 17h 25m,0d 3h 58m,,,,30d 5h 7m,
,BWEBDEV-7779,,2d 13h 2m,3d 2h 19m,,13d 4h 28m,7d 17h 11m,,,,7d 10h 49m,
,BWEBDEV-7772,,0d 1h 36m,,,2d 22h 55m,2d 2h 15m,,,,29d 1h 13m,
,BWEBDEV-7763,,0d 18h 30m,0d 1h 43m,,2d 21h 2m,7d 1h 37m,,,,24d 4h 43m,
,BWEBDEV-7760,,0d 1h 23m,0d 17h 18m,,0d 4h 19m,6d 0h 46m,,,,28d 2h 55m,
,BWEBDEV-7746,,11d 8h 18m,0d 17h 30m,,10d 4h 25m,4d 21h 7m,0d 1h 23m,,,8d 3h 11m,
,BWEBDEV-7744,,8d 22h 5m,2d 19h 28m,,14d 0h 13m,10d 4h 45m,0d 3h 0m,,,,
,BWEBDEV-7728,,9d 5h 3m,3d 22h 58m,,22d 1h 55m,1d 2h 34m,,,,,
,BWEBDEV-7722,,0d 16h 0m,0d 0h 25m,,0d 0h 25m,0d 1h 36m,,,,36d 6h 25m,
,BWEBDEV-7712,,0d 0h 24m,1d 18h 4m,,0d 4h 34m,20d 0h 34m,,,,15d 2h 53m,
,BWEBDEV-7699,,0d 0h 0m,,,0d 5h 24m,6d 17h 19m,,,,30d 8h 16m,
,BWEBDEV-7696,,6d 1h 13m,9d 23h 1m,,,7d 23h 7m,,,,13d 8h 30m,
,BWEBDEV-7694,,0d 7h 37m,0d 15h 34m,,0d 0h 28m,4d 21h 13m,0d 1h 53m,,,31d 9h 36m,
,BWEBDEV-7692,,0d 0h 27m,0d 0h 40m,,0d 3h 34m,5d 20h 3m,,,,31d 8h 30m,
,BWEBDEV-7682,,0d 20h 13m,1d 1h 23m,,4d 22h 22m,0d 0h 22m,,,,31d 7h 34m,
,BWEBDEV-7672,,16d 2h 33m,,,0d 0h 3m,1d 1h 34m,1d 0h 40m,,,20d 1h 58m,
,BWEBDEV-7671,,0d 23h 6m,2d 4h 55m,,0d 18h 0m,7d 4h 19m,0d 0h 0m,,,27d 4h 34m,
,BWEBDEV-7665,,17d 15h 7m,,,6d 1h 24m,0d 5h 24m,,,,16d 3h 19m,
,BWEBDEV-7817,,29d 17h 31m,1d 4h 31m,,1d 18h 22m,3d 14h 40m,3d 19h 10m,0d 0h 46m,,,
,BWEBDEV-7662,,1d 22h 46m,2d 22h 31m,,11d 3h 8m,0d 20h 11m,,,,23d 8h 37m,
,BWEBDEV-7661,,3d 0h 31m,0d 2h 46m,,0d 2h 46m,5d 15h 41m,,,,31d 9h 55m,
,BWEBDEV-7660,,3d 0h 37m,0d 2h 46m,,0d 2h 46m,5d 15h 41m,,,,31d 9h 55m,
,BWEBDEV-7648,,14d 3h 43m,3d 0h 28m,,2d 23h 28m,0d 19h 52m,0d 0h 0m,,,20d 7h 7m,
,BWEBDEV-7645,,0d 1h 40m,,,2d 22h 4m,4d 1h 24m,,,,34d 6h 4m,
,BWEBDEV-7641,,0d 20h 1m,,,0d 1h 31m,41d 3h 32m,,,,,
,BWEBDEV-7632,,0d 0h 15m,0d 3h 34m,,3d 22h 46m,38d 3h 58m,,,,,
,BWEBDEV-7619,,0d 0h 10m,0d 21h 23m,,3d 2h 37m,8d 5h 46m,1d 17h 42m,,,29d 4h 34m,
,BWEBDEV-7611,,1d 21h 40m,10d 21h 16m,,0d 21h 37m,30d 6h 4m,,,,0d 1h 28m,
,BWEBDEV-7609,,2d 1h 42m,0d 14h 52m,,9d 20h 19m,30d 7h 13m,,,,1d 5h 40m,
,BWEBDEV-7603,,0d 0h 49m,0d 23h 36m,,0d 17h 33m,0d 4h 2m,,,,42d 4h 53m,
,BWEBDEV-7585,,10d 21h 37m,0d 0h 0m,,11d 21h 10m,7d 19h 13m,0d 7h 16m,,,14d 4h 0m,
,BWEBDEV-7584,,2d 23h 25m,7d 17h 39m,,,21d 4h 19m,,,,13d 4h 4m,
,BWEBDEV-7583,,0d 17h 11m,0d 0h 51m,,0d 0h 3m,6d 22h 34m,,,,37d 8h 52m,
,BWEBDEV-7582,,6d 16h 48m,,,0d 4h 57m,15d 1h 16m,,,,23d 2h 37m,
,BWEBDEV-7580,,0d 18h 56m,1d 1h 10m,,0d 21h 25m,1d 0h 21m,,,,41d 8h 49m,
,BWEBDEV-7572,,0d 0h 49m,0d 0h 0m,,0d 0h 7m,0d 1h 30m,,,,45d 2h 5m,
,BWEBDEV-7568,,0d 0h 3m,0d 0h 0m,,0d 0h 10m,1d 1h 34m,,,,44d 4h 0m,
,BWEBDEV-7559,,3d 6h 27m,3d 18h 30m,,0d 2h 36m,10d 0h 49m,0d 21h 25m,,,27d 7h 4m,
,BWEBDEV-7557,,0d 16h 19m,0d 0h 4m,,0d 5h 49m,8d 16h 16m,,,,36d 9h 6m,
,BWEBDEV-7555,,6d 15h 18m,1d 21h 13m,,9d 1h 46m,6d 11h 46m,,,,23d 21h 51m,
,BWEBDEV-7554,,12d 16h 46m,5d 6h 39m,,21d 1h 25m,9d 1h 40m,,,,,
,BWEBDEV-7550,,2d 19h 49m,1d 4h 51m,,0d 1h 48m,0d 16h 49m,,,,43d 8h 32m,
,BWEBDEV-7545,,0d 0h 1m,,,0d 0h 1m,0d 3h 16m,0d 1h 46m,,,48d 2h 10m,
,BWEBDEV-7539,,0d 18h 19m,0d 2h 28m,,0d 2h 10m,2d 17h 15m,,,,45d 8h 52m,
,BWEBDEV-7538,,0d 16h 23m,0d 2h 37m,,0d 1h 18m,9d 20h 46m,,,,38d 8h 27m,
,BWEBDEV-7533,,0d 1h 58m,0d 22h 58m,,2d 17h 54m,2d 0h 0m,,,,43d 7h 39m,
,BWEBDEV-7518,,0d 0h 33m,0d 19h 28m,,7d 0h 43m,5d 2h 49m,,,,36d 4h 25m,
,BWEBDEV-7500,,0d 12h 41m,,,0d 1h 37m,0d 18h 41m,0d 4h 4m,,,48d 8h 49m,
,BWEBDEV-7486,,0d 0h 9m,1d 0h 56m,,3d 20h 1m,1d 23h 21m,,,,43d 9h 15m,
,BWEBDEV-7484,,0d 3h 40m,,,1d 20h 43m,5d 23h 4m,0d 1h 8m,,,42d 5h 47m,
,BWEBDEV-7477,,0d 0h 1m,0d 8h 9m,,0d 20h 25m,0d 19h 3m,,,,48d 8h 30m,
,BWEBDEV-7470,,5d 23h 5m,1d 0h 52m,,27d 3h 1m,3d 4h 52m,3d 15h 55m,,,10d 2h 25m,
,BWEBDEV-7451,,0d 0h 58m,0d 23h 34m,,0d 22h 40m,16d 1h 38m,,,,34d 6h 17m,
,BWEBDEV-7430,,10d 5h 34m,3d 2h 50m,,0d 17h 53m,1d 23h 1m,,,,42d 7h 0m,
,BWEBDEV-7429,,0d 0h 48m,1d 0h 25m,,2d 23h 16m,1d 22h 49m,,,,52d 9h 25m,
,BWEBDEV-7425,,0d 16h 16m,3d 5h 7m,,11d 2h 4m,9d 1h 3m,,,,35d 1h 22m,
,BWEBDEV-7424,,0d 17h 3m,0d 0h 16m,,1d 5h 26m,4d 17h 19m,,,,52d 9h 54m,
,BWEBDEV-7396,,17d 17h 22m,,,0d 6h 12m,3d 1h 20m,,,,45d 2h 28m,
,BWEBDEV-7391,,16d 4h 1m,1d 18h 58m,,17d 1h 43m,18d 1h 56m,,,,13d 4h 7m,
,BWEBDEV-7377,,16d 18h 22m,,,0d 4h 49m,25d 19h 34m,3d 6h 31m,,,23d 1h 25m,
,BWEBDEV-7347,,0d 0h 4m,,,0d 0h 31m,27d 5h 57m,0d 4h 39m,,,42d 21h 5m,
,BWEBDEV-7321,,6d 19h 56m,6d 1h 43m,,1d 0h 34m,9d 6h 10m,,,,49d 0h 34m,
,BWEBDEV-7311,,45d 3h 15m,,,,4d 1h 40m,3d 0h 7m,,,20d 3h 10m,
,BWEBDEV-7308,,20d 23h 6m,,,1d 20h 7m,9d 0h 1m,,,,41d 7h 4m,
,BWEBDEV-7292,,9d 19h 31m,,,14d 22h 0m,21d 8h 10m,,,,30d 0h 28m,
,BWEBDEV-7291,,9d 19h 31m,14d 21h 58m,,,21d 8h 13m,,,,30d 0h 28m,
,BWEBDEV-7290,,9d 19h 31m,14d 23h 58m,,,21d 6h 11m,,,,30d 0h 28m,
,BWEBDEV-7285,,16d 18h 55m,1d 4h 8m,,0d 22h 40m,9d 1h 40m,0d 0h 0m,,,48d 3h 52m,
,BWEBDEV-7270,,6d 15h 22m,0d 0h 51m,,1d 7h 4m,22d 19h 10m,1d 1h 26m,,,45d 6h 45m,
,BWEBDEV-7254,,5d 1h 32m,,,3d 7h 22m,30d 11h 36m,,,,38d 10h 7m,
,BWEBDEV-7244,,0d 1h 4m,5d 20h 50m,,0d 20h 22m,22d 9h 57m,,,,48d 21h 4m,
,BWEBDEV-7242,,29d 3h 28m,,,0d 1h 36m,7d 20h 48m,5d 15h 10m,,,35d 9h 10m,
,BWEBDEV-7237,,5d 18h 18m,0d 0h 31m,,0d 2h 55m,20d 1h 8m,,,,52d 4h 17m,0d 0h 37m
,BWEBDEV-7234,,0d 0h 10m,7d 19h 13m,,0d 2h 30m,33d 3h 34m,0d 23h 4m,,,36d 4h 1m,
,BWEBDEV-7230,,40d 4h 4m,,,0d 23h 7m,9d 22h 0m,,,,27d 6h 46m,
,BWEBDEV-7229,,41d 3h 23m,,,1d 0h 34m,8d 21h 24m,,,,27d 6h 46m,
,BWEBDEV-7226,,42d 6h 51m,,,0d 0h 9m,7d 23h 46m,0d 17h 10m,,,27d 9h 22m,
,BWEBDEV-7175,,33d 4h 2m,0d 0h 0m,,22d 3h 10m,0d 17h 13m,0d 0h 10m,,,27d 7h 1m,
,BWEBDEV-7153,,0d 21h 36m,7d 4h 19m,,23d 20h 31m,,,,,52d 9h 34m,
,BWEBDEV-7134,,6d 18h 25m,,,11d 1h 22m,15d 23h 37m,3d 1h 40m,,,49d 4h 22m,
,BWEBDEV-7130,,13d 7h 46m,20d 12h 16m,,1d 23h 46m,6d 19h 45m,0d 4h 1m,,,43d 6h 54m,
,BWEBDEV-7680,,10d 20h 31m,0d 1h 34m,,5d 3h 54m,6d 0h 22m,,48d 3h 10m,0d 0h 0m,16d 2h 13m,
,BWEBDEV-7100,,20d 19h 4m,,,14d 23h 58m,21d 6h 13m,,,,30d 0h 28m,
,BWEBDEV-7016,,0d 0h 1m,1d 4h 25m,,20d 22h 26m,16d 22h 22m,0d 20h 15m,,,52d 9h 35m,
,BWEBDEV-6986,,0d 9h 41m,3d 2h 54m,,9d 0h 43m,33d 2h 16m,0d 1h 0m,,,48d 3h 28m,
,BWEBDEV-6971,,0d 0h 58m,6d 22h 26m,,16d 12h 51m,27d 12h 49m,0d 1h 33m,,,43d 3h 27m,
,BWEBDEV-7179,,3d 23h 20m,2d 3h 34m,20d 22h 45m,5d 0h 30m,16d 23h 34m,2d 18h 55m,,,52d 9h 27m,
,BWEBDEV-6845,,25d 3h 40m,9d 2h 4m,,41d 20h 17m,4d 21h 49m,0d 2h 0m,,,23d 5h 45m,
,BWEBDEV-7178,,3d 23h 24m,2d 3h 31m,21d 21h 13m,5d 1h 17m,16d 23h 34m,2d 18h 9m,,,52d 9h 27m,
,BWEBDEV-7177,,3d 23h 25m,2d 3h 31m,21d 21h 15m,5d 1h 17m,16d 23h 30m,2d 18h 9m,,,52d 9h 31m,
,BWEBDEV-6810,,52d 17h 47m,0d 1h 13m,,10d 5h 3m,11d 22h 15m,5d 17h 55m,,,27d 9h 16m,
,BWEBDEV-6779,,92d 23h 30m,1d 1h 58m,,5d 19h 15m,8d 6h 9m,,,,,
,BWEBDEV-6774,,38d 18h 34m,,,18d 22h 10m,5d 3h 45m,,,,45d 7h 25m,
,BWEBDEV-6745,,39d 22h 34m,0d 0h 58m,,11d 14h 46m,14d 11h 19m,,,,45d 6h 45m,
,BWEBDEV-6609,,23d 1h 4m,4d 20h 37m,,10d 21h 21m,30d 3h 1m,0d 1h 34m,,,51d 4h 43m,
,BWEBDEV-6603,,59d 4h 52m,2d 2h 40m,,9d 15h 46m,0d 3h 28m,1d 23h 52m,,,45d 3h 52m,
,BWEBDEV-6533,,33d 4h 40m,,,0d 23h 10m,53d 7h 2m,0d 18h 19m,,,37d 1h 49m,
,BWEBDEV-7180,,3d 23h 20m,2d 1h 52m,46d 2h 12m,5d 2h 57m,16d 23h 31m,2d 18h 7m,,,52d 9h 31m,
,BWEBDEV-6444,,54d 22h 15m,0d 23h 10m,,2d 23h 0m,20d 4h 46m,0d 19h 15m,,,52d 6h 20m,
,BWEBDEV-7067,,69d 21h 58m,,,,12d 16h 31m,0d 5h 22m,,,52d 10h 16m,
,BWEBDEV-6370,,69d 5h 7m,0d 20h 43m,,9d 5h 34m,3d 20h 13m,2d 21h 7m,,,49d 5h 49m,
,BWEBDEV-6277,,26d 0h 28m,1d 19h 30m,,6d 22h 35m,68d 5h 34m,,,,38d 2h 27m,
,BWEBDEV-6110,,37d 17h 12m,0d 22h 37m,,7d 5h 31m,32d 21h 55m,0d 20h 36m,,,70d 9h 22m,
,BWEBDEV-5737,,132d 5h 49m,4d 20h 7m,,2d 6h 38m,23d 4h 13m,11d 19h 31m,,,,
,BWEBDEV-5685,,36d 23h 1m,4d 0h 1m,,85d 21h 25m,22d 23h 36m,0d 0h 18m,,,27d 7h 28m,
,BWEBDEV-5545,,0d 0h 1m,,,53d 8h 52m,63d 22h 1m,18d 10h 22m,,,52d 11h 57m,
,BWEBDEV-5516,,98d 8h 25m,,,10d 15h 55m,44d 8h 19m,1d 17h 7m,,,34d 7h 40m,
,BWEBDEV-4805,,163d 21h 7m,0d 3h 7m,,3d 0h 19m,28d 23h 7m,0d 17h 46m,,,48d 8h 47m,
,BWEBDEV-4802,,163d 21h 18m,9d 1h 54m,,14d 9h 23m,9d 22h 10m,2d 11h 0m,,,45d 8h 39m,
,BWEBDEV-4798,,163d 21h 34m,8d 1h 13m,,14d 20h 58m,15d 22h 49m,,,,42d 8h 7m,
,BWEBDEV-4598,,224d 6h 36m,,,6d 16h 46m,13d 1h 3m,1d 23h 25m,,,14d 9h 1m,
,BWEBDEV-4474,,139d 18h 52m,,,75d 23h 20m,,,,,52d 9h 34m,
,BWEBDEV-4468,,194d 17h 18m,22d 3h 58m,,8d 22h 22m,13d 5h 58m,,,,27d 4h 34m,
,BWEBDEV-3796,,162d 0h 3m,33d 23h 51m,,97d 0h 26m,13d 7h 16m,0d 0h 1m,,,,
,BWEBDEV-3754,,160d 3h 16m,15d 18h 41m,,65d 3h 19m,16d 16h 19m,0d 4h 5m,,,52d 9h 35m,
,BWEBDEV-3663,,275d 1h 43m,,,12d 1h 28m,8d 14h 43m,,,,21d 9h 49m,
,BWEBDEV-3044,,302d 22h 28m,2d 19h 28m,,0d 7h 22m,13d 18h 40m,,,,31d 5h 16m,
,BWEBDEV-2949,,301d 5h 43m,0d 0h 0m,,0d 5h 45m,6d 19h 1m,2d 23h 55m,,,45d 2h 15m,
,BWEBDEV-2690,,346d 17h 16m,,,2d 23h 52m,1d 4h 45m,,,,20d 5h 4m,
,BWEBDEV-2615,,322d 23h 7m,,,7d 1h 49m,0d 23h 46m,,,,42d 8h 6m,
,BWEBDEV-2322,,338d 19h 16m,0d 0h 7m,,3d 23h 40m,21d 2h 13m,2d 20h 47m,,,24d 8h 57m,
,BWEBDEV-2077,,371d 20h 37m,,,3d 1h 45m,3d 6h 16m,,,,24d 2h 1m,
,BWEBDEV-1914,,362d 1h 37m,0d 23h 18m,,6d 19h 22m,,,,,42d 7h 0m,
,BWEBDEV-1543,,405d 21h 2m,,,2d 2h 43m,2d 22h 4m,,,,31d 3h 22m,
,,,32d 14h 36m,2d 16h 31m,27d 16h 51m,6d 1h 46m,9d 14h 40m,1d 17h 57m,24d 1h 58m,0d 0h 0m,28d 23h 30m,0d 0h 37m