Key,Resolution Date,Backlog,To Do,Open,In Progress,AC Test,Code review,Discovery,Delivery,Done,Cancelled
BWEBDEV-8373,,0d 0h 34m,,,0d 0h 27m,0d 0h 34m,,,,,
BWEBDEV-8369,,0d 0h 6m,,,0d 0h 58m,0d 2h 42m,,,,,
BWEBDEV-8362,,0d 2h 13m,0d 0h 55m,,0d 0h 10m,0d 3h 30m,,,,,
BWEBDEV-8361,,0d 2h 15m,0d 0h 13m,,0d 0h 40m,0d 3h 42m,,,,,
BWEBDEV-8354,,0d 2h 49m,0d 0h 0m,,0d 0h 21m,0d 5h 19m,,,,,
BWEBDEV-8352,,0d 16h 7m,0d 1h 19m,,0d 0h 19m,0d 4h 57m,,,,,
BWEBDEV-8350,,0d 0h 25m,0d 1h 19m,,0d 14h 31m,0d 8h 49m,,,,,
BWEBDEV-8349,,0d 3h 12m,0d 0h 27m,,0d 0h 1m,0d 22h 3m,,,,,
BWEBDEV-8346,,0d 1h 28m,1d 0h 1m,,0d 0h 10m,0d 0h 22m,,,,,
BWEBDEV-8343,,0d 0h 34m,,,0d 0h 1m,0d 1h 0m,,,,1d 0h 49m,
BWEBDEV-8342,,0d 0h 6m,0d 0h 0m,,0d 0h 25m,1d 2h 22m,,,,,
BWEBDEV-8338,,0d 1h 1m,1d 0h 53m,,0d 1h 45m,0d 1h 37m,,,,,
BWEBDEV-8330,,0d 15h 58m,0d 2h 34m,,0d 1h 36m,1d 2h 40m,,,,,
BWEBDEV-8329,,0d 16h 25m,0d 0h 15m,,0d 0h 10m,1d 6h 26m,,,,,
BWEBDEV-8327,,0d 15h 49m,,,1d 3h 58m,0d 0h 46m,,,,0d 3h 37m,
BWEBDEV-8326,,0d 16h 13m,0d 1h 49m,,0d 0h 34m,1d 1h 7m,,,,0d 5h 25m,
BWEBDEV-8325,,0d 17h 37m,0d 2h 25m,,0d 0h 19m,0d 4h 20m,,,,1d 1h 51m,
BWEBDEV-8323,,0d 18h 34m,0d 0h 0m,,0d 1h 10m,1d 7h 13m,,,,,
BWEBDEV-8322,,0d 19h 22m,0d 0h 28m,,0d 23h 52m,0d 8h 37m,,,,,
BWEBDEV-8320,,0d 21h 46m,0d 0h 4m,,1d 4h 0m,0d 2h 46m,,,,,
BWEBDEV-8312,,0d 3h 13m,0d 4h 49m,,0d 0h 33m,2d 1h 1m,,,,,
BWEBDEV-8309,,0d 19h 19m,0d 3h 43m,,0d 1h 28m,2d 1h 12m,,,,,
BWEBDEV-8308,,0d 0h 19m,0d 0h 10m,,1d 19h 38m,1d 6h 43m,,,,,
BWEBDEV-8302,,0d 1h 25m,0d 0h 10m,,0d 23h 31m,2d 3h 19m,,,,,
BWEBDEV-8299,,0d 19h 21m,0d 1h 43m,,0d 4h 58m,2d 2h 47m,0d 1h 4m,,,,
BWEBDEV-8298,,0d 0h 16m,2d 3h 25m,,0d 18h 46m,0d 7h 28m,,,,,
BWEBDEV-8297,,0d 2h 37m,0d 0h 10m,,,1d 23h 13m,,,,1d 4h 46m,
BWEBDEV-8296,,0d 1h 28m,0d 0h 0m,,0d 2h 47m,3d 3h 1m,,,,,
BWEBDEV-8295,,0d 0h 31m,0d 0h 1m,,0d 1h 11m,3d 6h 4m,,,,,
BWEBDEV-8294,,0d 0h 1m,0d 3h 53m,,0d 0h 55m,3d 3h 4m,,,,,
BWEBDEV-8291,,1d 23h 27m,0d 1h 40m,,0d 2h 55m,1d 4h 25m,,,,,
BWEBDEV-8290,,0d 0h 34m,0d 3h 25m,,0d 0h 28m,1d 22h 45m,,,,1d 5h 16m,
BWEBDEV-8289,,2d 14h 7m,0d 0h 0m,,0d 0h 19m,0d 2h 52m,,,,3d 6h 10m,
BWEBDEV-8286,,0d 1h 13m,2d 18h 34m,,,1d 21h 15m,,,,1d 9h 7m,
BWEBDEV-8284,,0d 0h 4m,2d 19h 28m,,0d 0h 49m,3d 7h 22m,,,,,
BWEBDEV-8283,,3d 0h 50m,0d 0h 43m,,1d 17h 42m,0d 1h 28m,,,,1d 7h 25m,
BWEBDEV-8278,,0d 0h 6m,,,5d 20h 34m,0d 8h 19m,,,,,
BWEBDEV-8277,,0d 0h 10m,0d 0h 13m,,0d 0h 15m,3d 2h 1m,,,,3d 2h 16m,
BWEBDEV-8271,,0d 0h 4m,0d 0h 0m,,0d 0h 49m,0d 0h 52m,,,,6d 6h 22m,
BWEBDEV-8270,,0d 0h 13m,0d 2h 46m,,0d 0h 1m,0d 1h 51m,,,,6d 3h 46m,
BWEBDEV-8266,,0d 16h 58m,0d 2h 37m,,0d 0h 7m,6d 5h 40m,,,,,
BWEBDEV-8265,,0d 0h 52m,0d 17h 4m,,0d 1h 1m,0d 1h 46m,,,,6d 5h 4m,
BWEBDEV-8263,,0d 22h 13m,2d 20h 27m,,0d 2h 37m,1d 19h 40m,,,,1d 8h 55m,
BWEBDEV-8262,,0d 16h 55m,,,0d 0h 19m,6d 9h 3m,,,,,
BWEBDEV-8261,,0d 17h 13m,0d 2h 40m,,0d 1h 3m,0d 3h 10m,,,,6d 2h 9m,
BWEBDEV-8258,,0d 1h 19m,0d 0h 31m,,0d 18h 4m,0d 6h 22m,,,,6d 1h 1m,
BWEBDEV-8257,,0d 1h 34m,0d 0h 1m,,0d 0h 1m,0d 0h 36m,,,,7d 1h 22m,
BWEBDEV-8255,,0d 3h 25m,0d 16h 49m,,0d 0h 13m,0d 6h 31m,,,,6d 1h 24m,
BWEBDEV-8252,,0d 0h 25m,0d 0h 10m,,1d 2h 37m,2d 20h 40m,,,,3d 5h 1m,
BWEBDEV-8251,,0d 0h 1m,,,0d 21h 41m,6d 8h 43m,,,,,
BWEBDEV-8249,,0d 2h 25m,0d 0h 1m,,0d 0h 3m,0d 0h 28m,,,,7d 3h 56m,
BWEBDEV-8247,,4d 3h 31m,0d 0h 24m,,1d 18h 49m,1d 8h 55m,,,,,
BWEBDEV-8244,,0d 3h 49m,,,0d 20h 37m,0d 0h 34m,,,,6d 8h 7m,
BWEBDEV-8243,,0d 10h 22m,0d 2h 25m,,0d 0h 16m,6d 1h 50m,,,,1d 4h 49m,
BWEBDEV-8242,,0d 7h 37m,,,0d 5h 40m,1d 2h 8m,,,,6d 4h 22m,
BWEBDEV-8241,,0d 7h 54m,,,0d 4h 42m,7d 6h 25m,,,,0d 1h 4m,
BWEBDEV-8239,,1d 21h 36m,0d 0h 21m,,2d 18h 9m,3d 9h 24m,,,,,
BWEBDEV-8238,,0d 1h 3m,0d 15h 58m,,0d 0h 39m,7d 8h 30m,,,,,
BWEBDEV-8236,,0d 1h 42m,0d 17h 4m,,0d 3h 19m,5d 22h 1m,,,,1d 6h 40m,
BWEBDEV-8235,,0d 1h 8m,0d 0h 0m,,0d 22h 4m,0d 2h 1m,,,,7d 1h 37m,
BWEBDEV-8233,,0d 0h 9m,,,0d 0h 10m,8d 3h 37m,,,,,
BWEBDEV-8232,,0d 0h 15m,1d 3h 45m,,0d 18h 19m,6d 5h 43m,,,,,
BWEBDEV-8231,,1d 20h 42m,,,0d 1h 25m,6d 6h 1m,,,,,
BWEBDEV-8230,,0d 16h 6m,,,4d 3h 55m,0d 1h 21m,,,,3d 6h 55m,
BWEBDEV-8229,,0d 1h 3m,0d 23h 52m,,0d 1h 25m,7d 2h 31m,,,,,
BWEBDEV-8228,,0d 1h 4m,0d 0h 13m,,0d 0h 4m,0d 21h 28m,,,,7d 6h 26m,
BWEBDEV-8226,,2d 4h 7m,0d 0h 33m,,2d 21h 50m,2d 0h 16m,,,,1d 3h 13m,
BWEBDEV-8224,,0d 1h 1m,0d 0h 21m,,0d 0h 15m,5d 0h 27m,,,,3d 4h 4m,
BWEBDEV-8221,,1d 21h 52m,,,,3d 0h 17m,,,,3d 8h 34m,
BWEBDEV-8220,,7d 22h 28m,0d 0h 46m,,0d 0h 51m,0d 6h 49m,,,,,
BWEBDEV-8215,,1d 0h 7m,3d 22h 25m,,0d 1h 25m,3d 7h 7m,,,,,
BWEBDEV-8213,,0d 0h 58m,,,0d 2h 42m,1d 17h 49m,,,,6d 9h 55m,
BWEBDEV-8211,,5d 5h 1m,0d 19h 4m,,0d 23h 52m,1d 7h 52m,,,,,
BWEBDEV-8210,,0d 0h 6m,,,1d 6h 31m,0d 23h 53m,,,,6d 1h 22m,
BWEBDEV-8204,,0d 14h 7m,,,0d 0h 10m,0d 4h 0m,,,,8d 7h 18m,
BWEBDEV-8203,,0d 15h 31m,,,0d 0h 22m,0d 3h 4m,,,,8d 7h 18m,
BWEBDEV-8199,,0d 0h 49m,0d 0h 4m,,1d 0h 34m,0d 21h 1m,,,,7d 4h 7m,
BWEBDEV-8198,,0d 16h 34m,,,0d 1h 6m,0d 2h 21m,,,,8d 6h 52m,
BWEBDEV-8194,,0d 16h 25m,0d 0h 18m,,,0d 6h 58m,,,,8d 3h 49m,
BWEBDEV-8193,,0d 22h 46m,0d 0h 0m,,2d 6h 27m,5d 23h 19m,,,,,
BWEBDEV-8192,,1d 2h 30m,1d 19h 25m,,5d 5h 57m,1d 1h 38m,,,,,
BWEBDEV-8190,,0d 4h 34m,0d 16h 31m,,0d 1h 34m,0d 6h 10m,,,,8d 0h 56m,
BWEBDEV-8189,,0d 4h 27m,0d 0h 55m,,0d 16h 4m,1d 0h 45m,,,,7d 7h 56m,
BWEBDEV-8188,,1d 3h 6m,0d 23h 49m,,0d 19h 43m,3d 3h 40m,,,,3d 3h 55m,
BWEBDEV-8186,,0d 4h 15m,1d 19h 10m,,0d 0h 1m,7d 6h 55m,,,,,
BWEBDEV-8185,,0d 0h 6m,0d 0h 22m,,2d 23h 50m,5d 2h 16m,,,,1d 4h 25m,
BWEBDEV-8182,,0d 0h 4m,1d 0h 6m,,0d 0h 3m,0d 4h 22m,,,,8d 2h 55m,
BWEBDEV-8180,,0d 0h 15m,1d 5h 37m,,0d 19h 4m,7d 6h 56m,,,,,
BWEBDEV-8178,,3d 3h 52m,0d 0h 0m,,5d 2h 46m,1d 1h 40m,,,,,
BWEBDEV-8177,,0d 1h 19m,1d 22h 27m,,1d 0h 28m,0d 6h 46m,,,,6d 1h 22m,
BWEBDEV-8175,,0d 0h 21m,,,0d 0h 7m,9d 8h 41m,,,,,
BWEBDEV-8174,,3d 20h 19m,,,2d 22h 58m,3d 5h 58m,,,,,
BWEBDEV-8173,,0d 0h 54m,0d 0h 4m,,0d 0h 9m,3d 0h 16m,,,,7d 1h 4m,
BWEBDEV-8172,,1d 23h 30m,0d 0h 28m,,1d 1h 52m,7d 0h 40m,,,,,
BWEBDEV-8171,,0d 17h 16m,,,1d 5h 31m,7d 21h 16m,,,,0d 6h 31m,
BWEBDEV-8170,,0d 1h 40m,0d 16h 0m,,0d 5h 39m,9d 1h 37m,,,,0d 1h 45m,
BWEBDEV-8168,,0d 1h 34m,0d 18h 40m,,0d 4h 7m,0d 22h 52m,,,,8d 5h 18m,
BWEBDEV-8167,,0d 0h 43m,1d 0h 53m,,,0d 20h 31m,,,,8d 6h 25m,
BWEBDEV-8165,,0d 0h 4m,0d 0h 43m,,0d 0h 33m,10d 3h 55m,,,,,
BWEBDEV-8164,,0d 0h 22m,,,0d 0h 10m,0d 1h 58m,,,,10d 3h 1m,
BWEBDEV-8163,,0d 2h 27m,0d 0h 0m,,0d 2h 10m,10d 1h 13m,,,,,
BWEBDEV-8162,,0d 2h 7m,0d 3h 43m,,0d 15h 13m,9d 8h 54m,,,,,
BWEBDEV-8332,,8d 23h 56m,0d 0h 18m,,0d 1h 49m,1d 4h 22m,,,,,
BWEBDEV-8161,,0d 5h 31m,0d 16h 19m,,0d 0h 43m,0d 0h 42m,,,,9d 7h 22m,
BWEBDEV-8169,,4d 3h 16m,4d 21h 7m,,1d 6h 13m,0d 0h 19m,,,,,
BWEBDEV-8160,,0d 0h 42m,0d 0h 43m,,,0d 1h 7m,,,,10d 5h 16m,
BWEBDEV-8159,,0d 2h 23m,,,0d 0h 16m,3d 21h 12m,,,,6d 8h 1m,
BWEBDEV-8158,,1d 20h 34m,,,0d 0h 4m,7d 4h 19m,,,,1d 7h 28m,
BWEBDEV-8156,,0d 13h 54m,0d 0h 13m,,,1d 23h 55m,,,,8d 7h 56m,
BWEBDEV-8155,,0d 15h 7m,0d 0h 0m,,3d 9h 15m,6d 22h 5m,,,,,
BWEBDEV-8153,,2d 11h 40m,0d 23h 46m,,0d 6h 31m,9d 2h 20m,,,,,
BWEBDEV-8149,,6d 19h 4m,0d 0h 0m,,0d 1h 30m,4d 20h 46m,,,,1d 8h 52m,
BWEBDEV-8144,,0d 1h 55m,0d 0h 10m,,,13d 0h 1m,,,,0d 1h 11m,
BWEBDEV-8142,,3d 19h 40m,0d 0h 10m,,0d 1h 40m,0d 1h 52m,,,,9d 4h 5m,
BWEBDEV-8141,,0d 2h 40m,2d 18h 35m,,0d 21h 43m,0d 1h 4m,,,,9d 7h 40m,
BWEBDEV-8140,,6d 20h 16m,0d 1h 53m,,4d 20h 49m,1d 8h 52m,,,,,
BWEBDEV-8139,,0d 0h 0m,,,3d 19h 32m,,,,,9d 8h 40m,
BWEBDEV-8138,,0d 0h 10m,0d 0h 19m,,,13d 3h 55m,,,,,
BWEBDEV-8137,,0d 0h 16m,0d 0h 7m,,0d 0h 19m,13d 4h 16m,,,,,
BWEBDEV-8136,,6d 23h 9m,0d 0h 0m,,0d 3h 37m,4d 23h 50m,,,,1d 2h 40m,
BWEBDEV-8135,,0d 1h 34m,0d 0h 22m,,0d 0h 43m,2d 20h 1m,,,,10d 6h 43m,
BWEBDEV-8132,,0d 1h 21m,0d 0h 22m,,0d 0h 25m,4d 21h 35m,,,,8d 6h 25m,
BWEBDEV-8131,,0d 0h 37m,0d 0h 0m,,0d 0h 48m,13d 4h 53m,,,,,
BWEBDEV-8130,,0d 2h 27m,2d 21h 50m,,,1d 1h 46m,,,,9d 4h 22m,
BWEBDEV-8129,,0d 2h 27m,0d 0h 1m,,0d 0h 1m,3d 23h 35m,,,,9d 4h 20m,
BWEBDEV-8128,,4d 3h 50m,0d 21h 48m,,0d 1h 10m,8d 3h 52m,,,,,
BWEBDEV-8126,,5d 15h 1m,0d 0h 1m,,,0d 3h 49m,,,,8d 6h 37m,
BWEBDEV-8125,,0d 16h 23m,,,0d 2h 4m,,,,,13d 7h 25m,
BWEBDEV-8123,,4d 23h 10m,0d 1h 7m,,0d 17h 41m,7d 3h 41m,,,,1d 4h 13m,
BWEBDEV-8119,,0d 0h 31m,0d 0h 25m,,0d 0h 0m,14d 1h 40m,,,,,
BWEBDEV-8118,,0d 17h 52m,0d 0h 10m,,0d 2h 13m,0d 4h 40m,,,,13d 1h 51m,
BWEBDEV-8117,,7d 0h 40m,0d 0h 22m,,0d 0h 22m,5d 20h 3m,,,,1d 5h 31m,
BWEBDEV-8116,,0d 2h 4m,0d 17h 16m,,,3d 0h 16m,,,,10d 7h 52m,
BWEBDEV-8113,,0d 0h 39m,,,0d 19h 21m,0d 1h 55m,,,,13d 6h 21m,
BWEBDEV-8111,,0d 2h 7m,0d 21h 34m,,0d 0h 15m,0d 1h 4m,,,,13d 4h 1m,
BWEBDEV-8110,,0d 0h 19m,0d 2h 19m,,0d 18h 38m,13d 8h 4m,,,,,
BWEBDEV-8109,,0d 0h 21m,0d 21h 10m,,0d 3h 49m,13d 4h 4m,,,,,
BWEBDEV-8108,,3d 21h 15m,0d 0h 4m,,,0d 0h 58m,,,,10d 7h 9m,
BWEBDEV-8107,,0d 2h 45m,0d 2h 7m,,0d 0h 0m,0d 20h 23m,,,,13d 5h 30m,
BWEBDEV-8106,,0d 1h 7m,0d 0h 16m,,4d 20h 55m,0d 1h 18m,,,,9d 7h 28m,
BWEBDEV-8105,,0d 0h 3m,0d 0h 0m,,0d 0h 42m,14d 0h 10m,,,,0d 6h 12m,
BWEBDEV-8104,,0d 0h 16m,0d 0h 58m,,,14d 6h 13m,,,,,
BWEBDEV-8150,,8d 5h 5m,2d 21h 12m,,2d 5h 7m,1d 0h 28m,,,,,
BWEBDEV-8102,,0d 10h 26m,0d 0h 0m,,0d 22h 34m,10d 1h 1m,,,,3d 9h 24m,
BWEBDEV-8101,,0d 16h 55m,0d 0h 28m,,0d 0h 43m,0d 2h 16m,,,,14d 4h 6m,
BWEBDEV-8099,,0d 1h 4m,0d 20h 43m,,0d 21h 7m,2d 21h 31m,,,,10d 8h 19m,
BWEBDEV-8097,,0d 19h 55m,0d 1h 13m,,0d 21h 56m,13d 8h 19m,,,,,
BWEBDEV-8096,,0d 0h 46m,0d 0h 0m,,0d 1h 23m,1d 0h 38m,,,,14d 0h 49m,
BWEBDEV-8095,,0d 1h 23m,0d 0h 4m,,0d 0h 0m,15d 2h 46m,,,,,
BWEBDEV-8094,,0d 1h 57m,0d 0h 4m,,0d 17h 58m,1d 5h 52m,,,,13d 2h 22m,
BWEBDEV-8093,,0d 0h 22m,0d 0h 0m,,0d 0h 15m,1d 1h 23m,,,,14d 2h 13m,
BWEBDEV-8090,,0d 20h 7m,0d 0h 0m,,0d 6h 28m,0d 20h 25m,,,,13d 5h 31m,
BWEBDEV-8089,,0d 20h 19m,0d 0h 33m,,0d 0h 13m,0d 5h 43m,,,,14d 1h 46m,
BWEBDEV-8088,,1d 19h 13m,0d 0h 0m,,0d 6h 46m,13d 2h 38m,,,,,
BWEBDEV-8087,,0d 3h 16m,0d 17h 31m,,,6d 6h 56m,,,,8d 0h 56m,
BWEBDEV-8086,,0d 3h 40m,0d 18h 41m,,,7d 5h 56m,,,,7d 1h 3m,
BWEBDEV-8085,,0d 5h 13m,,,0d 0h 1m,0d 0h 43m,,,,15d 0h 10m,
BWEBDEV-8084,,0d 0h 28m,0d 1h 16m,,0d 1h 43m,0d 1h 22m,,,,15d 1h 34m,
BWEBDEV-8083,,0d 22h 16m,0d 0h 0m,,0d 0h 27m,0d 6h 10m,,,,14d 1h 46m,
BWEBDEV-8082,,0d 3h 53m,4d 19h 46m,,0d 0h 28m,0d 22h 34m,,,,9d 8h 4m,
BWEBDEV-8080,,0d 3h 58m,0d 1h 55m,,,15d 2h 21m,,,,,
BWEBDEV-8078,,2d 16h 28m,3d 0h 5m,,7d 0h 52m,1d 21h 49m,,,,1d 5h 4m,
BWEBDEV-8077,,0d 14h 43m,0d 0h 16m,,2d 0h 15m,6d 0h 15m,,,,7d 6h 54m,
BWEBDEV-8076,,0d 17h 55m,2d 2h 1m,,0d 1h 4m,13d 1h 43m,,,,,
BWEBDEV-8074,,9d 23h 31m,2d 17h 13m,,2d 4h 4m,1d 5h 15m,,,,,
BWEBDEV-8073,,0d 0h 12m,,,0d 20h 46m,5d 20h 28m,,,,9d 8h 43m,
BWEBDEV-8072,,0d 0h 51m,,,0d 0h 27m,8d 21h 4m,,,,7d 5h 52m,
BWEBDEV-8071,,0d 1h 55m,5d 21h 26m,,0d 5h 40m,1d 14h 40m,,,,8d 8h 34m,
BWEBDEV-8067,,0d 2h 34m,0d 1h 3m,,7d 0h 43m,2d 16h 40m,,,,6d 8h 26m,
BWEBDEV-8066,,0d 0h 49m,0d 0h 0m,,0d 0h 58m,0d 0h 33m,,,,16d 3h 45m,
BWEBDEV-8065,,1d 3h 46m,0d 0h 4m,,1d 20h 21m,0d 1h 36m,,,,13d 4h 28m,
BWEBDEV-8064,,0d 0h 9m,1d 1h 28m,,1d 21h 52m,7d 0h 16m,,,,6d 7h 1m,
BWEBDEV-8063,,0d 0h 22m,0d 1h 22m,,0d 1h 52m,14d 22h 49m,,,,1d 4h 37m,
BWEBDEV-8061,,0d 0h 34m,0d 4h 15m,,0d 18h 26m,0d 3h 52m,,,,15d 4h 34m,
BWEBDEV-8059,,0d 1h 34m,0d 0h 0m,,0d 0h 24m,0d 4h 7m,,,,16d 3h 19m,
BWEBDEV-8057,,0d 17h 7m,0d 1h 52m,,6d 0h 52m,0d 22h 45m,,,,9d 7h 25m,
BWEBDEV-8055,,0d 0h 30m,1d 21h 7m,,1d 3h 13m,14d 1h 34m,,,,,
BWEBDEV-8053,,0d 18h 38m,0d 0h 13m,,0d 0h 45m,5d 23h 13m,,,,10d 8h 45m,
BWEBDEV-8052,,0d 20h 30m,1d 0h 34m,,5d 4h 40m,0d 19h 31m,,,,9d 6h 40m,
BWEBDEV-8051,,0d 1h 1m,,,1d 23h 4m,2d 3h 37m,,,,13d 1h 10m,
BWEBDEV-8049,,0d 0h 7m,0d 1h 3m,,0d 0h 1m,6d 19h 0m,,,,10d 8h 43m,
BWEBDEV-8048,,0d 2h 32m,0d 0h 3m,,0d 0h 0m,0d 18h 16m,,,,16d 8h 25m,
BWEBDEV-8047,,7d 23h 37m,0d 3h 45m,,1d 19h 1m,5d 23h 34m,,,,1d 7h 55m,
BWEBDEV-8046,,1d 4h 28m,0d 0h 4m,,2d 19h 19m,3d 0h 25m,,,,10d 5h 58m,
BWEBDEV-8045,,0d 0h 30m,0d 0h 39m,,0d 0h 13m,1d 20h 2m,,,,15d 9h 0m,
BWEBDEV-8044,,1d 4h 43m,0d 18h 4m,,2d 1h 36m,0d 0h 12m,,,,13d 5h 51m,
BWEBDEV-8043,,0d 0h 52m,0d 0h 0m,,0d 1h 34m,0d 1h 57m,,,,17d 2h 23m,
BWEBDEV-8042,,0d 0h 7m,0d 2h 23m,,,0d 0h 24m,,,,17d 4h 31m,
BWEBDEV-8032,,2d 15h 1m,0d 23h 55m,,0d 0h 58m,16d 7h 49m,,,,,
BWEBDEV-8031,,2d 15h 0m,,,1d 2h 52m,0d 3h 43m,,,,16d 2h 38m,
BWEBDEV-8029,,0d 0h 1m,2d 19h 40m,,0d 7h 5m,2d 14h 10m,,,,14d 8h 36m,
BWEBDEV-8027,,2d 17h 58m,0d 0h 0m,,0d 5h 5m,1d 0h 36m,,,,16d 2h 46m,
BWEBDEV-8026,,0d 0h 58m,0d 0h 1m,,2d 22h 22m,15d 19h 34m,,,,1d 7h 41m,
BWEBDEV-8022,,0d 1h 34m,,,0d 0h 1m,13d 1h 33m,,,,7d 0h 58m,
BWEBDEV-8021,,3d 1h 54m,0d 0h 0m,,0d 1h 3m,0d 0h 45m,,,,17d 1h 7m,
BWEBDEV-8020,,0d 1h 10m,2d 19h 37m,,0d 2h 27m,17d 6h 4m,,,,,
BWEBDEV-8018,,0d 1h 49m,0d 0h 1m,,0d 0h 22m,0d 1h 40m,,,,20d 4h 8m,
BWEBDEV-8016,,0d 3h 16m,2d 21h 1m,,0d 0h 58m,0d 4h 15m,,,,17d 3h 53m,
BWEBDEV-8015,,0d 11h 33m,0d 5h 28m,,2d 23h 7m,6d 20h 52m,,,,10d 6h 40m,
BWEBDEV-8014,,7d 18h 46m,0d 0h 0m,,4d 13h 52m,2d 8h 37m,,,,6d 6h 55m,
BWEBDEV-8013,,0d 0h 46m,4d 18h 58m,,0d 0h 42m,16d 4h 26m,,,,,
BWEBDEV-8012,,0d 20h 45m,0d 0h 36m,,2d 19h 10m,0d 3h 13m,,,,17d 5h 19m,
BWEBDEV-8011,,0d 20h 46m,0d 0h 36m,,2d 19h 10m,0d 3h 13m,,,,17d 5h 18m,
BWEBDEV-8010,,0d 1h 11m,4d 16h 37m,,,0d 1h 7m,,,,16d 6h 25m,
BWEBDEV-8009,,0d 21h 16m,0d 0h 36m,,2d 19h 10m,0d 3h 13m,,,,17d 5h 19m,
BWEBDEV-8008,,0d 21h 16m,0d 0h 15m,,2d 19h 31m,0d 3h 13m,,,,17d 5h 19m,
BWEBDEV-8006,,0d 20h 10m,2d 21h 37m,,0d 0h 28m,17d 8h 1m,,,,,
BWEBDEV-8005,,0d 19h 10m,0d 1h 16m,,,20d 6h 16m,,,,,
BWEBDEV-8004,,0d 2h 43m,0d 20h 4m,,3d 4h 25m,1d 22h 25m,,,,15d 1h 16m,
BWEBDEV-8003,,0d 18h 55m,0d 0h 16m,,3d 1h 57m,9d 1h 25m,,,,8d 4h 28m,
BWEBDEV-8002,,0d 18h 56m,3d 2h 15m,,0d 2h 0m,0d 2h 42m,,,,17d 1h 10m,
BWEBDEV-8001,,0d 18h 58m,0d 0h 16m,,3d 3h 58m,8d 23h 24m,,,,8d 4h 28m,
BWEBDEV-8000,,0d 19h 55m,0d 1h 31m,,0d 1h 28m,0d 1h 1m,,,,20d 3h 34m,
BWEBDEV-7999,,0d 2h 2m,0d 0h 0m,,0d 0h 58m,0d 19h 30m,,,,20d 5h 7m,
BWEBDEV-7998,,0d 0h 16m,0d 0h 4m,,0d 1h 15m,8d 1h 3m,,,,13d 1h 3m,
BWEBDEV-7997,,0d 23h 55m,3d 18h 30m,,0d 3h 10m,0d 3h 28m,,,,16d 2h 37m,
BWEBDEV-7996,,4d 1h 13m,0d 0h 0m,,1d 21h 37m,2d 0h 52m,,,,13d 4h 1m,
BWEBDEV-7995,,0d 0h 34m,0d 0h 7m,,0d 0h 1m,5d 1h 34m,,,,16d 1h 52m,
BWEBDEV-7994,,0d 2h 13m,0d 1h 10m,,0d 17h 25m,20d 7h 41m,,,,,
BWEBDEV-7993,,0d 20h 40m,0d 2h 2m,,0d 3h 25m,2d 17h 32m,,,,17d 9h 8m,
BWEBDEV-7991,,5d 19h 19m,0d 7h 49m,,6d 0h 5m,8d 0h 11m,,,,1d 1h 52m,
BWEBDEV-7989,,1d 4h 28m,3d 17h 34m,,3d 1h 46m,0d 3h 49m,,,,13d 2h 22m,
BWEBDEV-7988,,0d 1h 25m,0d 0h 4m,,0d 0h 34m,21d 3h 56m,,,,,
BWEBDEV-7986,,0d 8h 49m,0d 0h 0m,,0d 0h 45m,0d 0h 0m,,,,21d 0h 22m,
BWEBDEV-7985,,0d 22h 28m,0d 0h 0m,,0d 0h 36m,0d 15h 49m,,,,20d 8h 22m,
BWEBDEV-7984,,1d 23h 40m,4d 17h 37m,,2d 1h 47m,5d 1h 40m,,,,8d 4h 28m,
BWEBDEV-7983,,0d 16h 28m,0d 4h 52m,,0d 3h 4m,13d 20h 19m,,,,7d 5h 16m,
BWEBDEV-7977,,0d 0h 30m,,,0d 0h 36m,14d 21h 13m,,,,7d 5h 10m,
BWEBDEV-7976,,0d 0h 37m,0d 1h 10m,,0d 1h 6m,5d 16h 13m,,,,16d 9h 4m,
BWEBDEV-7975,,1d 23h 43m,2d 23h 58m,,0d 0h 49m,9d 20h 52m,,,,7d 6h 49m,
BWEBDEV-7974,,2d 0h 8m,0d 0h 0m,,6d 4h 40m,13d 23h 34m,,,,,
BWEBDEV-7973,,0d 0h 43m,0d 0h 0m,,0d 2h 28m,1d 21h 7m,,,,20d 4h 7m,
BWEBDEV-7971,,0d 0h 4m,0d 0h 34m,,0d 1h 13m,0d 22h 21m,,,,21d 5h 38m,
BWEBDEV-7968,,12d 1h 22m,0d 0h 0m,,0d 22h 52m,1d 3h 28m,,,,8d 3h 37m,
BWEBDEV-7967,,0d 5h 13m,,,0d 0h 13m,7d 19h 1m,,,,14d 7h 41m,
BWEBDEV-7966,,0d 8h 55m,0d 2h 53m,,0d 0h 43m,22d 7h 19m,,,,,
BWEBDEV-7964,,2d 21h 17m,0d 0h 0m,,0d 1h 34m,2d 19h 37m,,,,17d 6h 56m,
BWEBDEV-7963,,0d 18h 8m,1d 2h 21m,,3d 22h 58m,3d 1h 55m,,,,14d 4h 4m,
BWEBDEV-7962,,2d 1h 27m,,,4d 16h 22m,0d 4h 16m,,,,16d 3h 28m,
BWEBDEV-7959,,0d 18h 56m,1d 3h 4m,,0d 2h 4m,0d 22h 15m,,,,20d 3h 41m,
BWEBDEV-7955,,0d 0h 9m,0d 0h 0m,,0d 0h 28m,0d 0h 22m,,,,23d 2h 31m,
BWEBDEV-7953,,0d 20h 36m,0d 2h 28m,,0d 0h 28m,22d 4h 25m,,,,,
BWEBDEV-7951,,0d 1h 10m,0d 18h 28m,,0d 1h 3m,5d 1h 50m,,,,17d 6h 1m,
BWEBDEV-7950,,0d 0h 36m,,,1d 21h 4m,11d 0h 0m,,,,10d 7h 49m,
BWEBDEV-7949,,7d 4h 30m,,,0d 20h 6m,13d 23h 4m,,,,1d 6h 55m,
BWEBDEV-7948,,7d 5h 34m,1d 18h 45m,,1d 2h 40m,13d 4h 19m,,,,,
BWEBDEV-7947,,0d 15h 34m,0d 5h 13m,,0d 19h 37m,4d 22h 40m,,,,17d 8h 38m,
BWEBDEV-7945,,1d 19h 10m,0d 22h 10m,,0d 0h 19m,0d 0h 19m,,,,21d 7h 58m,
BWEBDEV-7944,,0d 19h 53m,0d 1h 40m,,0d 0h 33m,0d 1h 36m,,,,23d 2h 22m,
BWEBDEV-7943,,0d 1h 26m,0d 0h 25m,,0d 17h 26m,0d 0h 34m,,,,23d 6h 16m,
BWEBDEV-7941,,14d 20h 4m,0d 3h 46m,,1d 18h 58m,5d 23h 37m,,,,1d 7h 55m,
BWEBDEV-7939,,0d 0h 28m,0d 0h 0m,,0d 19h 22m,13d 2h 45m,,,,10d 4h 35m,
BWEBDEV-7938,,2d 17h 58m,0d 4h 52m,,0d 21h 48m,0d 1h 45m,,,,20d 4h 55m,
BWEBDEV-7937,,0d 20h 22m,1d 4h 7m,,9d 1h 55m,2d 16h 54m,,,,10d 8h 7m,
BWEBDEV-7935,,0d 1h 11m,0d 0h 15m,,0d 0h 13m,0d 1h 16m,,,,24d 1h 4m,
BWEBDEV-7934,,7d 21h 43m,,,1d 3h 41m,13d 20h 34m,,,,1d 7h 6m,
BWEBDEV-7933,,0d 2h 1m,0d 15h 56m,,0d 5h 19m,23d 5h 52m,,,,,
BWEBDEV-7932,,0d 0h 48m,1d 21h 53m,,0d 4h 25m,4d 19h 12m,,,,17d 8h 8m,
BWEBDEV-7931,,0d 3h 58m,0d 0h 0m,,0d 0h 52m,3d 17h 52m,,,,20d 8h 15m,
BWEBDEV-7930,,0d 21h 3m,0d 0h 10m,,0d 0h 54m,0d 1h 4m,,,,23d 7h 52m,
BWEBDEV-7929,,0d 23h 37m,0d 0h 27m,,0d 1h 49m,0d 21h 1m,,,,22d 8h 10m,
BWEBDEV-7928,,0d 1h 40m,2d 2h 7m,,0d 23h 28m,3d 19h 17m,,,,17d 8h 45m,
BWEBDEV-7927,,0d 2h 13m,0d 20h 49m,,0d 7h 4m,6d 0h 37m,,,,17d 1h 10m,
BWEBDEV-7926,,15d 1h 36m,0d 3h 47m,,1d 18h 55m,7d 7h 37m,,,,,
BWEBDEV-7925,,0d 4h 7m,0d 0h 0m,,0d 0h 7m,0d 20h 25m,,,,23d 7h 21m,
BWEBDEV-7924,,0d 5h 16m,,,0d 0h 1m,7d 0h 45m,,,,17d 2h 25m,
BWEBDEV-7923,,15d 0h 31m,0d 5h 28m,,7d 18h 34m,,,,,1d 7h 56m,
BWEBDEV-7922,,0d 0h 43m,0d 0h 0m,,0d 0h 4m,24d 7h 52m,,,,,
BWEBDEV-7921,,0d 4h 45m,0d 0h 0m,,0d 16h 46m,0d 3h 52m,,,,23d 7h 21m,
BWEBDEV-7920,,1d 1h 51m,0d 0h 0m,,0d 0h 0m,0d 0h 52m,,,,23d 6h 7m,
BWEBDEV-7919,,10d 1h 46m,0d 18h 46m,,2d 3h 40m,3d 20h 15m,,,,9d 7h 28m,
BWEBDEV-7918,,4d 1h 9m,,,0d 22h 25m,0d 3h 42m,,,,21d 1h 33m,
BWEBDEV-7917,,3d 0h 34m,0d 0h 27m,,0d 0h 52m,1d 0h 37m,,,,22d 3h 1m,
BWEBDEV-7916,,3d 1h 22m,0d 0h 46m,,0d 1h 21m,22d 21h 43m,,,,0d 4h 34m,
BWEBDEV-7915,,4d 5h 2m,,,9d 0h 10m,2d 23h 30m,,,,10d 1h 19m,
BWEBDEV-7914,,3d 1h 10m,,,0d 1h 0m,0d 19h 51m,,,,22d 8h 10m,
BWEBDEV-7913,,4d 0h 40m,,,0d 1h 13m,0d 1h 33m,,,,22d 3h 1m,
BWEBDEV-7912,,3d 2h 4m,0d 0h 19m,,0d 1h 46m,0d 23h 22m,,,,22d 3h 1m,
BWEBDEV-7911,,3d 1h 35m,0d 1h 23m,,0d 22h 43m,0d 1h 52m,,,,22d 3h 1m,
BWEBDEV-7910,,4d 7h 40m,,,0d 17h 22m,5d 2h 15m,,,,16d 3h 28m,
BWEBDEV-7909,,6d 19h 3m,5d 21h 56m,,4d 3h 55m,10d 2h 43m,,,,,
BWEBDEV-7908,,6d 19h 10m,10d 21h 13m,,0d 5h 4m,9d 2h 16m,,,,,
BWEBDEV-7907,,17d 16h 16m,0d 5h 13m,,0d 19h 10m,0d 22h 38m,,,,7d 9h 31m,
BWEBDEV-7906,,2d 17h 13m,0d 0h 25m,,0d 21h 1m,10d 4h 30m,,,,13d 5h 58m,
BWEBDEV-7905,,2d 16h 49m,,,,0d 0h 10m,,,,24d 8h 46m,
BWEBDEV-7904,,12d 18h 4m,,,1d 7h 49m,2d 22h 34m,,,,10d 1h 19m,
BWEBDEV-7903,,3d 0h 46m,3d 19h 45m,,0d 3h 1m,9d 22h 35m,,,,10d 4h 52m,
BWEBDEV-7902,,2d 19h 4m,0d 0h 7m,,0d 1h 16m,24d 6h 34m,,,,,
BWEBDEV-7901,,3d 1h 5m,0d 19h 37m,,0d 0h 12m,0d 1h 6m,,,,23d 5h 23m,
BWEBDEV-7900,,3d 1h 13m,13d 18h 4m,,0d 3h 13m,8d 20h 26m,,,,1d 8h 34m,
BWEBDEV-7899,,2d 19h 1m,1d 1h 1m,,,1d 1h 37m,,,,22d 5h 53m,
BWEBDEV-7898,,21d 1h 28m,,,3d 23h 27m,2d 3h 19m,,,,,
BWEBDEV-7895,,0d 2h 40m,,,2d 20h 10m,0d 0h 25m,,,,24d 8h 13m,
BWEBDEV-7894,,0d 3h 13m,0d 0h 0m,,4d 0h 17m,0d 19h 58m,,,,22d 8h 8m,
BWEBDEV-7892,,0d 3h 58m,2d 22h 10m,,0d 0h 22m,0d 22h 11m,,,,23d 7h 38m,
BWEBDEV-7891,,0d 20h 22m,0d 0h 9m,,3d 21h 10m,23d 7h 36m,,,,,
BWEBDEV-7890,,3d 23h 20m,0d 0h 0m,,0d 16h 15m,0d 0h 46m,,,,23d 9h 0m,
BWEBDEV-7888,,0d 0h 13m,0d 18h 11m,,0d 2h 1m,27d 5h 32m,,,,,
BWEBDEV-7887,,12d 0h 40m,0d 21h 16m,,1d 22h 19m,10d 3h 49m,,,,3d 2h 16m,
BWEBDEV-7886,,0d 21h 31m,0d 0h 22m,,0d 0h 7m,0d 0h 19m,,,,27d 4h 10m,
BWEBDEV-7885,,0d 17h 7m,0d 4h 57m,,0d 0h 37m,21d 1h 56m,,,,6d 2h 5m,
BWEBDEV-7884,,0d 0h 54m,0d 0h 0m,,0d 0h 7m,5d 16h 16m,,,,22d 9h 32m,
BWEBDEV-7883,,0d 0h 49m,0d 0h 7m,,5d 18h 34m,22d 7h 31m,,,,,
BWEBDEV-7882,,0d 3h 4m,0d 0h 0m,,0d 0h 49m,5d 15h 22m,,,,22d 9h 34m,
BWEBDEV-7881,,0d 19h 7m,3d 6h 46m,,0d 1h 23m,2d 23h 19m,,,,21d 2h 30m,
BWEBDEV-7879,,0d 4h 25m,0d 19h 37m,,4d 1h 17m,0d 3h 15m,,,,23d 1h 32m,
BWEBDEV-7878,,0d 3h 12m,0d 0h 3m,,0d 0h 0m,0d 2h 28m,,,,28d 1h 43m,
BWEBDEV-7877,,0d 2h 53m,0d 0h 0m,,0d 0h 16m,0d 1h 13m,,,,28d 3h 4m,
BWEBDEV-7875,,0d 5h 9m,0d 0h 1m,,3d 18h 55m,0d 7h 52m,,,,24d 1h 19m,
BWEBDEV-7874,,0d 9h 24m,0d 2h 1m,,4d 4h 37m,3d 19h 9m,,,,20d 8h 6m,
BWEBDEV-7873,,7d 16h 4m,0d 0h 22m,,0d 5h 30m,4d 18h 37m,,,,16d 9h 3m,
BWEBDEV-7872,,0d 18h 18m,0d 0h 25m,,,18d 0h 55m,,,,10d 6h 7m,
BWEBDEV-7871,,0d 16h 48m,0d 0h 0m,,0d 0h 28m,14d 22h 53m,,,,13d 9h 43m,
BWEBDEV-7870,,0d 16h 52m,0d 0h 0m,,0d 0h 42m,0d 4h 19m,,,,28d 4h 19m,
BWEBDEV-7869,,0d 19h 10m,0d 23h 31m,,0d 0h 16m,2d 23h 2m,,,,24d 8h 31m,
BWEBDEV-7868,,0d 19h 58m,0d 21h 41m,,0d 1h 10m,0d 2h 8m,,,,27d 5h 34m,
BWEBDEV-7867,,0d 20h 48m,0d 0h 15m,,0d 0h 19m,7d 3h 10m,,,,21d 2h 4m,
BWEBDEV-7866,,0d 19h 19m,1d 0h 55m,,5d 1h 31m,12d 1h 40m,,,,10d 3h 13m,
BWEBDEV-7865,,0d 19h 23m,0d 0h 49m,,0d 1h 13m,3d 19h 58m,,,,24d 9h 19m,
BWEBDEV-7864,,0d 19h 16m,0d 23h 58m,,0d 0h 42m,4d 22h 19m,,,,22d 8h 30m,
BWEBDEV-7863,,0d 0h 22m,0d 21h 16m,,0d 2h 40m,13d 19h 41m,,,,14d 6h 45m,
BWEBDEV-7862,,0d 22h 23m,0d 0h 0m,,0d 1h 22m,3d 23h 13m,,,,24d 3h 58m,
BWEBDEV-7861,,0d 0h 31m,0d 21h 38m,,0d 0h 4m,0d 23h 41m,,,,27d 5h 6m,
BWEBDEV-7860,,7d 17h 40m,4d 7h 57m,,0d 18h 40m,9d 5h 58m,,,,7d 0h 56m,
BWEBDEV-7859,,14d 21h 40m,1d 3h 4m,,6d 18h 4m,6d 8h 25m,,,,,
BWEBDEV-7858,,14d 0h 45m,0d 18h 40m,,1d 4h 55m,13d 2h 55m,,,,,
BWEBDEV-7857,,14d 21h 41m,0d 22h 19m,,0d 23h 26m,12d 7h 48m,,,,,
BWEBDEV-7856,,14d 0h 46m,0d 23h 13m,,7d 18h 52m,6d 8h 25m,,,,,
BWEBDEV-7855,,0d 19h 55m,0d 0h 0m,,0d 2h 51m,0d 1h 46m,,,,28d 3h 4m,
BWEBDEV-7854,,13d 2h 1m,0d 21h 6m,,1d 22h 2m,5d 0h 22m,,,,8d 6h 9m,
BWEBDEV-7853,,3d 23h 28m,14d 21h 25m,,0d 22h 30m,8d 0h 46m,,,,1d 7h 28m,
BWEBDEV-7852,,0d 23h 28m,3d 21h 54m,,0d 1h 25m,24d 5h 1m,,,,,
BWEBDEV-7850,,1d 20h 4m,0d 3h 12m,,0d 0h 3m,0d 0h 22m,,,,27d 4h 37m,
BWEBDEV-7849,,5d 23h 16m,,,0d 1h 38m,0d 19h 48m,,,,22d 8h 13m,
BWEBDEV-7848,,1d 19h 12m,3d 1h 49m,,0d 4h 40m,3d 18h 37m,,,,20d 8h 46m,
BWEBDEV-7847,,0d 21h 45m,4d 5h 10m,,0d 18h 28m,23d 7h 46m,,,,,
BWEBDEV-7843,,1d 0h 43m,0d 0h 22m,,0d 0h 43m,0d 0h 34m,,,,28d 3h 52m,
BWEBDEV-7842,,0d 23h 43m,0d 0h 28m,,0d 1h 52m,6d 19h 26m,,,,21d 8h 46m,
BWEBDEV-7841,,1d 3h 30m,5d 0h 1m,,0d 0h 43m,23d 2h 7m,,,,,
BWEBDEV-7839,,2d 3h 34m,0d 2h 34m,,2d 16h 16m,2d 23h 35m,,,,21d 9h 37m,
BWEBDEV-7838,,0d 0h 16m,0d 0h 27m,,,29d 7h 19m,,,,,
BWEBDEV-7837,,0d 0h 24m,1d 2h 28m,,3d 23h 16m,1d 23h 15m,,,,22d 7h 22m,
BWEBDEV-7836,,0d 12h 4m,0d 0h 58m,,0d 4h 46m,23d 1h 43m,,,,6d 2h 4m,
BWEBDEV-7835,,0d 15h 37m,0d 2h 16m,,0d 21h 16m,1d 0h 0m,,,,27d 8h 2m,
BWEBDEV-7834,,0d 16h 16m,2d 3h 10m,,0d 1h 51m,0d 1h 4m,,,,27d 3h 28m,
BWEBDEV-7833,,0d 16h 30m,2d 2h 57m,,0d 1h 1m,0d 5h 7m,,,,27d 0h 28m,
BWEBDEV-7832,,0d 16h 49m,0d 0h 52m,,,0d 0h 49m,,,,29d 7h 52m,
BWEBDEV-7831,,0d 16h 51m,2d 3h 51m,,2d 2h 28m,5d 0h 40m,,,,20d 2h 34m,
BWEBDEV-7830,,13d 22h 40m,0d 0h 0m,,5d 15h 26m,10d 12h 30m,,,,,
BWEBDEV-7829,,0d 18h 1m,0d 0h 0m,,0d 1h 45m,5d 1h 50m,,,,24d 5h 25m,
BWEBDEV-7826,,2d 20h 7m,7d 1h 52m,,0d 1h 55m,2d 20h 4m,,,,17d 7h 43m,
BWEBDEV-7825,,0d 0h 31m,0d 0h 13m,,,30d 3h 23m,,,,,
BWEBDEV-7824,,2d 18h 58m,0d 1h 1m,,0d 5h 54m,2d 17h 9m,,,,24d 9h 17m,
BWEBDEV-7823,,0d 0h 10m,0d 1h 16m,,0d 19h 48m,19d 1h 28m,,,,10d 5h 40m,
BWEBDEV-7822,,0d 1h 3m,7d 20h 4m,,14d 2h 36m,8d 4h 40m,,,,,
BWEBDEV-7821,,0d 18h 52m,0d 6h 13m,,0d 0h 57m,6d 0h 22m,,,,23d 2h 1m,
BWEBDEV-7820,,0d 19h 38m,,,0d 2h 46m,0d 1h 46m,,,,29d 4h 17m,
BWEBDEV-7819,,0d 0h 31m,1d 20h 31m,,4d 9h 52m,22d 14h 46m,,,,1d 7h 33m,
BWEBDEV-7818,,0d 0h 24m,0d 0h 1m,,6d 1h 52m,0d 1h 21m,,,,24d 1h 58m,
BWEBDEV-7815,,12d 22h 46m,0d 5h 58m,,0d 16h 52m,6d 4h 34m,,,,10d 4h 15m,
BWEBDEV-7814,,0d 2h 0m,0d 0h 22m,,0d 0h 19m,0d 22h 43m,,,,29d 5h 16m,
BWEBDEV-7812,,0d 23h 13m,0d 0h 0m,,0d 1h 16m,0d 0h 21m,,,,29d 6h 16m,
BWEBDEV-7811,,0d 0h 13m,0d 0h 21m,,1d 3h 4m,29d 4h 52m,,,,,
BWEBDEV-7810,,0d 0h 18m,2d 0h 31m,,0d 0h 58m,28d 6h 47m,,,,,
BWEBDEV-7808,,8d 5h 52m,1d 2h 45m,,0d 18h 53m,5d 21h 43m,,,,14d 8h 7m,
BWEBDEV-7807,,0d 14h 34m,0d 3h 32m,,0d 1h 34m,1d 23h 55m,,,,28d 4h 37m,
BWEBDEV-7805,,0d 0h 16m,0d 17h 43m,,0d 0h 31m,5d 23h 18m,,,,24d 7h 37m,
BWEBDEV-7804,,0d 0h 19m,1d 16h 47m,,0d 0h 58m,0d 23h 26m,,,,28d 7h 58m,
BWEBDEV-7803,,0d 0h 16m,0d 16h 55m,,0d 5h 13m,0d 0h 46m,,,,30d 2h 25m,
BWEBDEV-7802,,0d 0h 22m,0d 21h 25m,,0d 1h 4m,0d 19h 0m,,,,29d 8h 31m,
BWEBDEV-7801,,7d 20h 19m,1d 1h 52m,,0d 0h 9m,1d 19h 31m,,,,20d 8h 46m,
BWEBDEV-7800,,0d 0h 57m,0d 19h 3m,,0d 1h 28m,30d 5h 12m,,,,,
BWEBDEV-7799,,0d 0h 0m,0d 0h 1m,,0d 0h 1m,3d 22h 42m,,,,27d 4h 8m,
BWEBDEV-7798,,0d 0h 16m,0d 0h 33m,,2d 22h 40m,28d 3h 43m,,,,,
BWEBDEV-7797,,0d 1h 42m,0d 0h 3m,,2d 12h 36m,28d 13h 34m,,,,,
BWEBDEV-7796,,3d 23h 47m,6d 1h 55m,,0d 22h 40m,0d 1h 10m,,,,20d 2h 36m,
BWEBDEV-7795,,0d 0h 31m,0d 1h 18m,,0d 0h 10m,1d 17h 40m,,,,29d 8h 52m,
BWEBDEV-7794,,0d 0h 36m,0d 1h 36m,,0d 0h 7m,9d 0h 16m,,,,22d 2h 1m,
BWEBDEV-7793,,0d 0h 40m,0d 20h 52m,,0d 2h 31m,13d 20h 31m,,,,16d 8h 4m,
BWEBDEV-7792,,0d 19h 4m,2d 6h 8m,,0d 1h 7m,0d 1h 34m,,,,28d 0h 47m,
BWEBDEV-7791,,9d 1h 13m,0d 1h 1m,,0d 21h 56m,6d 22h 46m,,,,14d 5h 51m,
BWEBDEV-7790,,0d 19h 38m,0d 0h 0m,,0d 0h 54m,3d 5h 34m,,,,27d 3h 1m,
BWEBDEV-7789,,10d 3h 26m,0d 0h 0m,,0d 18h 22m,0d 3h 51m,,,,20d 3h 41m,
BWEBDEV-7788,,0d 20h 26m,5d 20h 16m,,1d 4h 43m,0d 5h 22m,,,,23d 2h 43m,
BWEBDEV-7786,,0d 0h 25m,0d 21h 8m,,0d 1h 49m,27d 2h 37m,,,,3d 4h 28m,
BWEBDEV-7785,,0d 0h 40m,0d 0h 24m,,0d 1h 36m,0d 1h 34m,,,,31d 2h 28m,
BWEBDEV-7784,,0d 1h 51m,2d 21h 43m,,0d 0h 43m,,,,,28d 7h 0m,
BWEBDEV-7783,,0d 0h 34m,0d 4h 22m,,0d 19h 10m,2d 4h 19m,,,,28d 3h 13m,
BWEBDEV-7782,,0d 0h 10m,1d 4h 10m,,0d 0h 3m,6d 2h 49m,,,,24d 1h 19m,
BWEBDEV-7781,,0d 6h 1m,0d 0h 52m,,6d 17h 7m,0d 0h 31m,,,,24d 8h 6m,
BWEBDEV-7780,,2d 13h 1m,0d 3h 31m,,0d 2h 22m,1d 3h 55m,,,,30d 0h 6m,
BWEBDEV-7778,,2d 13h 31m,0d 4h 50m,,9d 1h 40m,7d 2h 58m,,,,15d 1h 7m,
BWEBDEV-7776,,2d 16h 27m,1d 2h 18m,,3d 5h 24m,20d 1h 10m,,,,7d 1h 0m,
BWEBDEV-7774,,0d 0h 52m,0d 0h 7m,,16d 17h 1m,7d 0h 7m,,,,10d 8h 31m,
BWEBDEV-7773,,2d 21h 52m,0d 20h 43m,,2d 2h 7m,0d 21h 25m,,,,27d 9h 7m,
BWEBDEV-7771,,0d 2h 7m,0d 0h 7m,,0d 0h 25m,2d 16h 50m,,,,31d 8h 37m,
BWEBDEV-7770,,0d 0h 10m,2d 17h 46m,,0d 5h 2m,22d 17h 40m,,,,8d 12h 7m,
BWEBDEV-7768,,0d 0h 21m,0d 0h 0m,,0d 2h 36m,0d 0h 28m,,,,34d 2h 40m,
BWEBDEV-7767,,24d 5h 52m,3d 21h 7m,,0d 0h 55m,2d 19h 40m,,,,3d 7h 0m,
BWEBDEV-7766,,0d 2h 51m,2d 20h 13m,,6d 23h 41m,9d 5h 20m,,,,15d 2h 38m,
BWEBDEV-7765,,2d 20h 50m,0d 3h 13m,,,0d 0h 18m,,,,31d 6h 25m,
BWEBDEV-7764,,0d 0h 13m,0d 0h 0m,,0d 0h 1m,34d 6h 43m,,,,,
BWEBDEV-7762,,0d 15h 49m,10d 2h 22m,,0d 4h 19m,24d 1h 52m,,,,,
BWEBDEV-7761,,0d 0h 37m,0d 17h 15m,,0d 3h 31m,,,,,34d 4h 28m,
BWEBDEV-7759,,0d 0h 9m,0d 19h 31m,,3d 2h 19m,0d 22h 48m,,,,30d 6h 32m,
BWEBDEV-7758,,0d 0h 13m,0d 0h 0m,,0d 0h 49m,1d 0h 28m,,,,34d 2h 21m,
BWEBDEV-7757,,0d 22h 13m,0d 1h 57m,,0d 0h 40m,5d 2h 7m,,,,29d 0h 58m,
BWEBDEV-7755,,0d 0h 24m,0d 0h 0m,,0d 0h 57m,0d 1h 33m,,,,35d 1h 25m,
BWEBDEV-7754,,0d 0h 19m,0d 0h 15m,,0d 0h 31m,0d 0h 28m,,,,35d 3h 0m,
BWEBDEV-7753,,0d 2h 55m,11d 19h 18m,,1d 15h 22m,21d 15h 31m,,,,,
BWEBDEV-7752,,0d 0h 18m,0d 0h 4m,,0d 0h 48m,0d 1h 10m,,,,35d 3h 13m,
BWEBDEV-7751,,0d 0h 25m,0d 0h 54m,,0d 2h 30m,17d 16h 37m,,,,17d 9h 16m,
BWEBDEV-7750,,0d 0h 12m,0d 3h 55m,,0d 21h 43m,2d 20h 10m,,,,31d 8h 32m,
BWEBDEV-7749,,0d 1h 18m,0d 1h 10m,,0d 5h 46m,3d 21h 32m,,,,31d 1h 37m,
BWEBDEV-7748,,0d 0h 24m,0d 0h 4m,,0d 4h 12m,35d 2h 51m,,,,,
BWEBDEV-7747,,0d 4h 9m,1d 0h 10m,,2d 19h 13m,,,,,31d 8h 4m,
BWEBDEV-7745,,0d 15h 22m,0d 0h 0m,,0d 0h 22m,0d 1h 49m,,,,35d 7h 31m,
BWEBDEV-7743,,0d 20h 52m,0d 4h 9m,,0d 16h 46m,11d 2h 31m,,,,23d 6h 40m,
BWEBDEV-7742,,0d 0h 13m,0d 0h 0m,,0d 18h 25m,25d 0h 51m,,,,10d 7h 46m,
BWEBDEV-7741,,0d 1h 11m,0d 0h 0m,,0d 22h 25m,4d 22h 40m,,,,30d 5h 8m,
BWEBDEV-7740,,0d 0h 1m,0d 0h 0m,,0d 2h 2m,0d 0h 37m,,,,36d 1h 52m,
BWEBDEV-7739,,0d 19h 40m,0d 0h 6m,,7d 7h 7m,7d 17h 52m,,,,20d 8h 13m,
BWEBDEV-7738,,0d 0h 46m,0d 0h 9m,,0d 0h 36m,1d 19h 13m,,,,34d 8h 32m,
BWEBDEV-7737,,0d 0h 31m,,,0d 21h 38m,6d 22h 25m,,,,28d 8h 49m,
BWEBDEV-7936,,12d 3h 56m,0d 0h 1m,,0d 0h 28m,0d 17h 49m,,,,23d 8h 0m,
BWEBDEV-7736,,0d 3h 16m,0d 1h 40m,,4d 18h 31m,1d 23h 23m,,,,29d 8h 25m,
BWEBDEV-7735,,0d 3h 7m,,,4d 20h 22m,1d 23h 16m,,,,29d 8h 31m,
BWEBDEV-7734,,0d 3h 19m,0d 1h 33m,,4d 18h 40m,1d 23h 15m,,,,29d 8h 30m,
BWEBDEV-7733,,0d 3h 19m,0d 1h 8m,,4d 19h 4m,21d 23h 53m,,,,9d 7h 52m,
BWEBDEV-7732,,0d 3h 23m,1d 22h 38m,,2d 21h 43m,23d 2h 52m,,,,8d 4h 45m,
BWEBDEV-7731,,0d 0h 16m,0d 0h 9m,,0d 0h 15m,13d 3h 58m,,,,23d 2h 45m,
BWEBDEV-7730,,0d 3h 28m,1d 22h 37m,,2d 21h 34m,23d 3h 15m,,,,8d 4h 31m,
BWEBDEV-7729,,1d 5h 46m,0d 21h 28m,,2d 20h 10m,0d 0h 46m,,,,31d 8h 10m,
BWEBDEV-7723,,0d 15h 26m,0d 0h 58m,,0d 0h 46m,5d 0h 31m,,,,31d 6h 37m,
BWEBDEV-7715,,0d 16h 52m,,,0d 3h 46m,36d 5h 1m,,,,,
BWEBDEV-7714,,0d 0h 1m,0d 20h 55m,,0d 22h 52m,10d 23h 52m,,,,24d 6h 16m,
BWEBDEV-7713,,0d 19h 36m,0d 0h 0m,,0d 1h 34m,0d 4h 37m,,,,36d 0h 28m,
BWEBDEV-7711,,1d 1h 7m,0d 0h 0m,,1d 0h 48m,0d 20h 53m,,,,34d 3h 52m,
BWEBDEV-7710,,1d 20h 37m,0d 0h 40m,,0d 3h 1m,0d 17h 25m,,,,34d 9h 2m,
BWEBDEV-7709,,0d 17h 3m,0d 0h 0m,,3d 3h 52m,6d 3h 0m,,,,27d 3h 1m,
BWEBDEV-7708,,1d 1h 40m,0d 0h 4m,,0d 17h 7m,0d 22h 45m,,,,34d 9h 46m,
BWEBDEV-7707,,1d 0h 43m,0d 0h 0m,,0d 1h 7m,0d 0h 34m,,,,36d 1h 1m,
BWEBDEV-7706,,0d 0h 9m,0d 23h 15m,,1d 0h 10m,21d 0h 6m,,,,14d 3h 58m,
BWEBDEV-7705,,0d 1h 25m,0d 0h 4m,,0d 0h 16m,29d 19h 25m,,,,7d 6h 46m,
BWEBDEV-7704,,0d 0h 4m,,,0d 0h 7m,14d 1h 0m,,,,23d 2h 45m,
BWEBDEV-7703,,0d 0h 51m,0d 0h 7m,,0d 18h 58m,0d 1h 37m,,,,36d 7h 22m,
BWEBDEV-7702,,1d 3h 23m,0d 0h 0m,,0d 16h 1m,5d 0h 4m,,,,30d 9h 43m,
BWEBDEV-7701,,0d 1h 10m,,,0d 0h 52m,0d 21h 58m,,,,36d 5h 34m,
BWEBDEV-7700,,1d 4h 15m,0d 0h 3m,,4d 12h 9m,15d 4h 37m,,,,16d 9h 4m,
BWEBDEV-7698,,0d 23h 22m,0d 0h 0m,,1d 3h 8m,0d 0h 24m,,,,35d 4h 34m,
BWEBDEV-7697,,0d 0h 0m,2d 0h 58m,,0d 3h 1m,0d 0h 10m,,,,35d 3h 34m,
BWEBDEV-7695,,0d 0h 27m,2d 3h 51m,,0d 0h 42m,0d 18h 43m,,,,34d 8h 22m,
BWEBDEV-7691,,6d 1h 13m,,,8d 5h 39m,23d 2h 57m,,,,,
BWEBDEV-7690,,0d 14h 1m,1d 7h 25m,,0d 0h 6m,6d 21h 4m,,,,29d 3h 21m,
BWEBDEV-7689,,0d 17h 51m,0d 1h 10m,,0d 0h 9m,0d 3h 45m,,,,37d 1h 55m,
BWEBDEV-7688,,0d 18h 34m,0d 0h 1m,,0d 0h 0m,0d 1h 10m,,,,37d 6h 28m,
BWEBDEV-7687,,0d 5h 1m,0d 11h 46m,,0d 0h 37m,7d 3h 50m,,,,30d 5h 0m,
BWEBDEV-7686,,0d 0h 18m,,,0d 0h 16m,3d 21h 4m,,,,34d 5h 1m,
BWEBDEV-7685,,0d 19h 16m,1d 1h 43m,,7d 4h 31m,12d 17h 55m,,,,16d 7h 31m,
BWEBDEV-7683,,0d 0h 40m,0d 0h 54m,,0d 18h 40m,1d 2h 16m,,,,36d 4h 49m,
BWEBDEV-7681,,0d 0h 16m,1d 0h 46m,,0d 0h 54m,8d 23h 34m,,,,28d 2h 25m,
BWEBDEV-7679,,0d 1h 43m,0d 18h 30m,,0d 1h 8m,13d 1h 19m,,,,24d 6h 12m,
BWEBDEV-7678,,0d 1h 49m,0d 1h 38m,,2d 22h 10m,,,,,35d 3h 21m,
BWEBDEV-7677,,1d 20h 12m,0d 0h 15m,,0d 0h 34m,0d 0h 34m,,,,36d 7h 22m,
BWEBDEV-7676,,0d 0h 33m,0d 2h 7m,,0d 1h 10m,13d 19h 19m,,,,24d 6h 10m,
BWEBDEV-7675,,0d 0h 1m,0d 2h 21m,,0d 0h 25m,13d 20h 33m,,,,24d 6h 10m,
BWEBDEV-7674,,0d 0h 9m,0d 0h 43m,,0d 1h 37m,13d 21h 1m,,,,24d 6h 10m,
BWEBDEV-7673,,0d 22h 8m,1d 3h 21m,,,11d 22h 10m,,,,24d 6h 12m,
BWEBDEV-7670,,2d 3h 46m,0d 0h 0m,,0d 1h 38m,0d 18h 36m,,,,35d 8h 23m,
BWEBDEV-7669,,0d 0h 31m,,,0d 0h 1m,0d 0h 16m,,,,38d 7h 47m,
BWEBDEV-7668,,0d 2h 27m,0d 5h 9m,,0d 0h 3m,0d 0h 18m,,,,38d 0h 53m,
BWEBDEV-7667,,3d 7h 46m,0d 21h 25m,,12d 19h 55m,19d 23h 53m,,,,1d 7h 55m,
BWEBDEV-7666,,2d 7h 28m,0d 0h 0m,,0d 0h 1m,4d 16h 13m,,,,31d 9h 46m,
BWEBDEV-7664,,2d 18h 57m,0d 4h 19m,,6d 11h 4m,10d 7h 19m,,,,20d 8h 19m,
BWEBDEV-7663,,2d 19h 55m,0d 4h 17m,,0d 23h 43m,15d 17h 43m,,,,20d 8h 19m,
BWEBDEV-7659,,0d 0h 16m,0d 0h 18m,,,2d 18h 15m,,,,38d 6h 19m,
BWEBDEV-7658,,0d 0h 1m,3d 17h 47m,,0d 0h 19m,10d 3h 52m,,,,27d 3h 31m,
BWEBDEV-7657,,0d 0h 7m,0d 0h 16m,,2d 21h 19m,38d 5h 4m,,,,,
BWEBDEV-7656,,6d 0h 22m,0d 19h 10m,,0d 1h 18m,34d 6h 8m,,,,,
BWEBDEV-7655,,0d 1h 28m,2d 19h 55m,,1d 0h 55m,21d 1h 31m,,,,16d 3h 37m,
BWEBDEV-7654,,5d 0h 13m,0d 19h 16m,,0d 4h 34m,0d 21h 38m,,,,34d 6h 28m,
BWEBDEV-7653,,4d 1h 1m,0d 0h 19m,,7d 19h 52m,6d 23h 3m,,,,22d 7h 55m,
BWEBDEV-7652,,3d 21h 16m,0d 0h 10m,,0d 2h 49m,7d 21h 1m,,,,29d 6h 57m,
BWEBDEV-7651,,0d 0h 13m,0d 4h 46m,,0d 0h 13m,2d 18h 9m,,,,38d 6h 28m,
BWEBDEV-7650,,0d 0h 13m,0d 0h 19m,,,0d 4h 58m,,,,41d 0h 25m,
BWEBDEV-7649,,5d 0h 47m,0d 21h 19m,,0d 1h 43m,27d 23h 19m,,,,7d 6h 50m,
BWEBDEV-7647,,0d 0h 16m,3d 0h 46m,,0d 0h 40m,38d 4h 57m,,,,,
BWEBDEV-7646,,0d 0h 7m,,,0d 0h 37m,6d 4h 41m,,,,35d 1h 28m,
BWEBDEV-7644,,5d 0h 2m,0d 0h 0m,,0d 0h 1m,0d 0h 25m,,,,36d 6h 45m,
BWEBDEV-7643,,0d 0h 25m,0d 0h 15m,,,0d 6h 39m,,,,41d 0h 25m,
BWEBDEV-7642,,3d 5h 31m,,,0d 3h 21m,0d 16h 52m,,,,37d 8h 27m,
BWEBDEV-7640,,0d 0h 43m,,,0d 0h 6m,1d 2h 19m,,,,41d 0h 25m,
BWEBDEV-7639,,5d 22h 19m,,,0d 3h 10m,12d 18h 25m,,,,23d 8h 4m,
BWEBDEV-7636,,0d 21h 7m,0d 0h 1m,,5d 1h 49m,8d 0h 19m,,,,28d 5h 43m,
BWEBDEV-7635,,22d 1h 42m,12d 20h 25m,,0d 22h 22m,6d 8h 33m,,,,,
BWEBDEV-7633,,0d 1h 4m,0d 2h 40m,,0d 21h 18m,3d 21h 28m,,,,37d 6h 58m,
BWEBDEV-7631,,0d 3h 53m,0d 23h 26m,,0d 0h 13m,9d 18h 26m,,,,31d 8h 30m,
BWEBDEV-7630,,0d 2h 6m,0d 0h 0m,,0d 0h 1m,3d 19h 49m,,,,38d 8h 52m,
BWEBDEV-7628,,0d 4h 35m,0d 22h 4m,,3d 20h 19m,0d 6h 15m,,,,37d 1h 58m,
BWEBDEV-7627,,8d 23h 35m,0d 0h 33m,,1d 0h 21m,3d 0h 13m,,,,23d 8h 16m,5d 22h 28m
BWEBDEV-7626,,0d 0h 10m,0d 2h 51m,,0d 21h 28m,6d 2h 49m,,,,35d 4h 22m,
BWEBDEV-7625,,0d 12h 41m,1d 0h 46m,,0d 0h 7m,0d 2h 4m,,,,41d 6h 34m,
BWEBDEV-7624,,0d 0h 31m,0d 0h 0m,,0d 0h 7m,1d 17h 2m,,,,41d 8h 25m,
BWEBDEV-7623,,0d 16h 37m,0d 3h 2m,,,1d 6h 11m,,,,41d 0h 23m,
BWEBDEV-7621,,0d 23h 58m,0d 19h 48m,,2d 23h 35m,3d 23h 28m,,,,34d 7h 31m,
BWEBDEV-7620,,0d 17h 25m,1d 0h 33m,,0d 0h 10m,3d 3h 17m,,,,38d 5h 31m,
BWEBDEV-7618,,0d 0h 16m,0d 0h 1m,,0d 1h 22m,0d 1h 8m,,,,43d 1h 28m,
BWEBDEV-7617,,1d 2h 37m,6d 17h 35m,,4d 5h 27m,0d 0h 52m,,,,31d 2h 27m,
BWEBDEV-7616,,0d 2h 17m,0d 1h 43m,,,43d 1h 55m,,,,,
BWEBDEV-7615,,0d 4h 28m,0d 16h 28m,,0d 23h 19m,10d 0h 46m,,,,31d 8h 58m,
BWEBDEV-7613,,0d 6h 10m,0d 0h 1m,,0d 0h 16m,43d 1h 7m,,,,,
BWEBDEV-7612,,5d 4h 9m,0d 0h 24m,,0d 1h 31m,38d 2h 8m,,,,,
BWEBDEV-7610,,1d 21h 58m,0d 18h 3m,,17d 22h 8m,16d 3h 10m,,,,7d 7h 22m,
BWEBDEV-7608,,0d 0h 16m,0d 0h 10m,,,33d 17h 15m,,,,10d 8h 7m,
BWEBDEV-7607,,0d 0h 25m,0d 0h 18m,,0d 16h 53m,0d 2h 40m,,,,43d 6h 1m,
BWEBDEV-7606,,0d 0h 1m,0d 0h 10m,,,10d 0h 40m,,,,34d 1h 40m,
BWEBDEV-7604,,13d 17h 7m,0d 1h 1m,,0d 2h 40m,0d 5h 34m,,,,30d 0h 19m,
BWEBDEV-7602,,0d 17h 46m,1d 2h 6m,,5d 7h 5m,13d 17h 46m,,,,23d 6h 38m,
BWEBDEV-7601,,20d 22h 46m,1d 0h 55m,,0d 1h 31m,0d 1h 53m,,,,22d 1h 55m,
BWEBDEV-7600,,0d 3h 58m,0d 16h 49m,,1d 7h 16m,35d 18h 36m,,,,6d 6h 31m,
BWEBDEV-7599,,0d 1h 26m,0d 19h 11m,,1d 1h 26m,20d 0h 3m,,,,22d 7h 17m,
BWEBDEV-7598,,0d 1h 31m,1d 22h 51m,,0d 21h 26m,19d 0h 21m,,,,22d 7h 17m,
BWEBDEV-7597,,0d 1h 40m,,,2d 1h 4m,24d 17h 40m,,,,17d 9h 16m,
BWEBDEV-7596,,0d 2h 1m,,,0d 0h 1m,0d 0h 25m,,,,44d 3h 37m,
BWEBDEV-7595,,0d 2h 52m,0d 0h 21m,,1d 16h 58m,42d 10h 43m,,,,,
BWEBDEV-7594,,0d 21h 43m,0d 1h 34m,,6d 1h 0m,5d 22h 39m,,,,31d 8h 25m,
BWEBDEV-7593,,0d 0h 6m,,,0d 0h 10m,2d 23h 28m,,,,41d 8h 19m,
BWEBDEV-7592,,0d 22h 36m,0d 0h 19m,,6d 0h 11m,0d 2h 37m,,,,37d 6h 28m,
BWEBDEV-7591,,1d 22h 52m,0d 1h 49m,,4d 22h 39m,0d 4h 16m,,,,37d 4h 49m,
BWEBDEV-7590,,0d 1h 34m,0d 0h 6m,,0d 1h 31m,0d 10h 9m,,,,43d 20h 25m,
BWEBDEV-7589,,1d 4h 49m,0d 0h 6m,,1d 2h 52m,7d 19h 40m,,,,34d 6h 43m,
BWEBDEV-7587,,0d 17h 37m,10d 3h 28m,,2d 20h 42m,24d 0h 19m,,,,7d 6h 49m,
BWEBDEV-7586,,0d 0h 16m,2d 17h 25m,,0d 23h 22m,2d 23h 25m,,,,38d 8h 31m,
BWEBDEV-7581,,13d 16h 40m,1d 7h 48m,0d 0h 0m,1d 22h 13m,17d 20h 38m,,,,10d 7h 10m,
BWEBDEV-7579,,0d 0h 4m,0d 19h 37m,,0d 4h 39m,7d 20h 48m,,,,36d 5h 40m,
BWEBDEV-7578,,0d 0h 18m,,,0d 0h 24m,0d 17h 22m,,,,44d 8h 47m,
BWEBDEV-7577,,0d 0h 16m,0d 0h 0m,,0d 19h 22m,1d 4h 13m,,,,43d 3h 31m,
BWEBDEV-7575,,0d 0h 33m,2d 2h 16m,,,2d 0h 46m,,,,41d 0h 25m,
BWEBDEV-7574,,0d 1h 13m,2d 19h 16m,,8d 22h 34m,33d 9h 1m,,,,,
BWEBDEV-7573,,0d 23h 4m,0d 1h 25m,,21d 0h 26m,23d 3h 10m,,,,,
BWEBDEV-7571,,1d 3h 4m,0d 17h 19m,,0d 3h 21m,0d 3h 52m,,,,43d 1h 7m,
BWEBDEV-7570,,0d 1h 25m,2d 18h 7m,,0d 0h 12m,6d 4h 49m,,,,36d 4h 19m,
BWEBDEV-7569,,0d 2h 49m,0d 19h 36m,,0d 5h 43m,7d 17h 0m,,,,36d 8h 25m,
BWEBDEV-7567,,0d 2h 40m,0d 19h 6m,,2d 2h 13m,10d 21h 38m,,,,31d 8h 31m,
BWEBDEV-7566,,0d 0h 15m,0d 2h 16m,,0d 20h 22m,10d 0h 34m,,,,34d 6h 45m,
BWEBDEV-7565,,0d 23h 18m,0d 3h 55m,,0d 19h 23m,0d 23h 0m,,,,42d 8h 53m,
BWEBDEV-7564,,0d 3h 4m,2d 21h 46m,,,1d 5h 16m,,,,41d 0h 25m,
BWEBDEV-7563,,0d 0h 33m,0d 0h 0m,,0d 1h 40m,0d 3h 40m,,,,45d 1h 13m,
BWEBDEV-7562,,0d 4h 31m,0d 0h 0m,,0d 0h 12m,20d 22h 10m,,,,24d 4h 34m,
BWEBDEV-7561,,0d 1h 18m,0d 0h 0m,,0d 0h 13m,2d 20h 54m,,,,42d 9h 43m,
BWEBDEV-7560,,0d 0h 4m,0d 1h 7m,,,4d 2h 7m,,,,41d 4h 58m,
BWEBDEV-7558,,1d 1h 22m,0d 0h 4m,,6d 4h 19m,0d 19h 25m,,,,37d 8h 12m,
BWEBDEV-7556,,2d 13h 27m,0d 1h 28m,,2d 6h 34m,43d 1h 42m,,,,,
BWEBDEV-7553,,2d 18h 35m,0d 0h 3m,,2d 2h 49m,8d 22h 40m,,,,34d 6h 43m,
BWEBDEV-7552,,2d 18h 22m,0d 0h 0m,,0d 0h 49m,0d 0h 7m,,,,45d 7h 40m,
BWEBDEV-7549,,0d 0h 1m,0d 0h 42m,,0d 1h 10m,2d 21h 5m,,,,45d 5h 2m,
BWEBDEV-7548,,0d 0h 9m,,,0d 0h 4m,3d 20h 58m,,,,44d 7h 25m,
BWEBDEV-7547,,26d 6h 25m,,,0d 21h 51m,4d 20h 13m,,,,16d 4h 52m,
BWEBDEV-7546,,3d 3h 7m,0d 0h 0m,,7d 17h 19m,6d 0h 19m,,,,31d 9h 49m,
BWEBDEV-7544,,0d 1h 1m,0d 2h 10m,,0d 1h 42m,3d 20h 7m,,,,44d 6h 16m,
BWEBDEV-7543,,2d 23h 28m,0d 1h 46m,,0d 3h 27m,3d 20h 52m,,,,41d 5h 51m,
BWEBDEV-7542,,0d 4h 16m,,,4d 15h 13m,36d 5h 42m,,,,7d 7h 24m,
BWEBDEV-7541,,0d 15h 7m,0d 0h 7m,,0d 0h 28m,6d 3h 43m,,,,42d 4h 45m,
BWEBDEV-7537,,0d 1h 22m,0d 18h 48m,,0d 0h 19m,2d 21h 57m,,,,45d 7h 1m,
BWEBDEV-7536,,0d 23h 43m,2d 17h 15m,,11d 10h 53m,32d 16h 58m,,,,1d 4h 46m,
BWEBDEV-7535,,0d 19h 18m,0d 0h 1m,,0d 3h 37m,11d 18h 6m,,,,36d 8h 57m,
BWEBDEV-7534,,3d 16h 37m,0d 0h 49m,,0d 0h 13m,0d 1h 18m,,,,45d 7h 13m,
BWEBDEV-7532,,0d 16h 36m,0d 7h 24m,,0d 3h 7m,26d 19h 49m,,,,21d 3h 31m,
BWEBDEV-7530,,0d 2h 25m,,,0d 0h 19m,18d 20h 40m,,,,30d 3h 28m,
BWEBDEV-7529,,0d 0h 16m,0d 1h 52m,,0d 0h 13m,18d 21h 7m,,,,30d 3h 30m,
BWEBDEV-7528,,0d 2h 38m,0d 0h 1m,,0d 19h 18m,28d 0h 58m,,,,20d 4h 7m,
BWEBDEV-7527,,0d 0h 22m,0d 0h 0m,,0d 1h 58m,28d 21h 22m,,,,20d 3h 28m,
BWEBDEV-7526,,0d 0h 49m,,,0d 3h 43m,18d 19h 36m,,,,30d 3h 8m,
BWEBDEV-7525,,0d 1h 43m,0d 0h 0m,,0d 20h 53m,3d 20h 15m,,,,44d 8h 25m,
BWEBDEV-7524,,0d 0h 31m,0d 0h 0m,,0d 1h 37m,18d 21h 43m,,,,30d 3h 28m,
BWEBDEV-7523,,0d 0h 3m,0d 18h 52m,,,11d 5h 23m,,,,37d 3h 7m,
BWEBDEV-7522,,0d 0h 9m,0d 0h 7m,,0d 0h 13m,11d 23h 22m,,,,37d 3h 40m,
BWEBDEV-7521,,0d 0h 13m,0d 0h 25m,,0d 0h 10m,11d 23h 8m,,,,37d 3h 43m,
BWEBDEV-7520,,0d 0h 18m,0d 0h 0m,,0d 0h 9m,11d 23h 37m,,,,37d 3h 40m,
BWEBDEV-7519,,3d 20h 32m,0d 2h 43m,,3d 2h 32m,13d 16h 49m,,,,28d 9h 7m,
BWEBDEV-7517,,0d 0h 1m,,,0d 0h 24m,11d 20h 52m,,,,37d 6h 37m,
BWEBDEV-7940,,1d 19h 46m,0d 0h 54m,25d 1h 32m,1d 20h 25m,19d 0h 53m,,,,1d 8h 40m,
BWEBDEV-7516,,0d 0h 16m,0d 0h 7m,,0d 0h 6m,11d 21h 18m,,,,37d 6h 37m,
BWEBDEV-7515,,0d 1h 18m,0d 2h 43m,,0d 22h 10m,0d 1h 13m,,,,48d 1h 15m,
BWEBDEV-7514,,0d 0h 1m,0d 0h 7m,,0d 20h 28m,12d 6h 25m,,,,36d 1h 52m,
BWEBDEV-7513,,0d 0h 7m,0d 0h 31m,,1d 0h 18m,6d 19h 19m,,,,41d 8h 57m,
BWEBDEV-7512,,0d 3h 1m,0d 0h 12m,,0d 17h 15m,0d 0h 52m,,,,48d 9h 2m,
BWEBDEV-7511,,0d 0h 7m,0d 21h 58m,,4d 7h 13m,2d 19h 25m,,,,41d 5h 49m,
BWEBDEV-7509,,0d 0h 4m,0d 0h 10m,,1d 1h 7m,0d 3h 22m,,,,48d 2h 7m,
BWEBDEV-7508,,0d 0h 49m,0d 0h 0m,,0d 20h 58m,3d 7h 58m,,,,45d 1h 57m,
BWEBDEV-7507,,0d 23h 19m,4d 1h 5m,,0d 3h 13m,12d 19h 23m,,,,31d 8h 58m,
BWEBDEV-7506,,1d 0h 4m,0d 0h 0m,,0d 1h 25m,20d 21h 26m,,,,27d 9h 4m,
BWEBDEV-7505,,3d 22h 20m,1d 2h 7m,,0d 3h 13m,16d 19h 16m,,,,27d 9h 4m,
BWEBDEV-7504,,0d 1h 31m,0d 0h 1m,,0d 0h 39m,22d 3h 1m,,,,27d 3h 25m,
BWEBDEV-7503,,0d 0h 10m,1d 0h 43m,,3d 21h 4m,7d 1h 40m,,,,37d 9h 31m,
BWEBDEV-7502,,0d 0h 42m,0d 0h 0m,,0d 0h 7m,0d 5h 31m,,,,49d 3h 19m,
BWEBDEV-7501,,0d 12h 16m,0d 0h 19m,,0d 1h 49m,5d 1h 45m,,,,44d 2h 31m,
BWEBDEV-7499,,0d 15h 37m,0d 0h 4m,,0d 0h 1m,0d 1h 42m,,,,49d 7h 19m,
BWEBDEV-7498,,0d 15h 45m,,,0d 6h 15m,41d 19h 16m,,,,7d 7h 30m,
BWEBDEV-7497,,0d 0h 1m,0d 0h 7m,,0d 0h 16m,0d 18h 37m,,,,49d 7h 2m,
BWEBDEV-7496,,0d 18h 22m,0d 0h 6m,,0d 0h 0m,0d 2h 36m,,,,49d 6h 9m,
BWEBDEV-7495,,0d 0h 49m,0d 19h 19m,,0d 0h 13m,6d 1h 7m,,,,43d 5h 57m,
BWEBDEV-7494,,9d 2h 1m,9d 17h 19m,,0d 5h 4m,8d 19h 46m,,,,22d 7h 19m,
BWEBDEV-7493,,0d 0h 55m,0d 17h 37m,,0d 2h 46m,0d 0h 49m,,,,49d 5h 28m,
BWEBDEV-7492,,0d 0h 28m,0d 0h 12m,,0d 0h 12m,29d 20h 28m,,,,20d 6h 37m,
BWEBDEV-7491,,0d 1h 11m,0d 0h 0m,,0d 20h 30m,12d 22h 1m,,,,36d 8h 23m,
BWEBDEV-7490,,0d 1h 34m,0d 19h 36m,,0d 0h 51m,28d 23h 46m,,,,20d 6h 25m,
BWEBDEV-7489,,0d 1h 43m,0d 0h 43m,,0d 0h 4m,29d 19h 23m,,,,20d 6h 34m,
BWEBDEV-7488,,0d 0h 18m,0d 0h 46m,,0d 18h 1m,19d 6h 4m,,,,30d 3h 28m,
BWEBDEV-7487,,0d 23h 22m,0d 1h 21m,,0d 8h 49m,17d 11h 51m,,,,31d 8h 7m,
BWEBDEV-7485,,0d 0h 54m,0d 21h 1m,,0d 3h 22m,0d 21h 49m,,,,48d 7h 4m,
BWEBDEV-7483,,0d 0h 4m,,,0d 0h 15m,0d 1h 6m,,,,50d 4h 55m,
BWEBDEV-7482,,0d 0h 21m,0d 1h 21m,,0d 19h 53m,6d 23h 50m,,,,42d 8h 55m,
BWEBDEV-7481,,0d 0h 1m,0d 1h 19m,,0d 0h 30m,1d 21h 31m,,,,48d 7h 34m,
BWEBDEV-7480,,0d 0h 31m,0d 0h 1m,,0d 0h 40m,5d 22h 54m,,,,44d 7h 9m,
BWEBDEV-7479,,0d 0h 34m,0d 2h 13m,,0d 0h 37m,0d 19h 0m,,,,49d 9h 5m,
BWEBDEV-7478,,0d 0h 3m,0d 0h 0m,,0d 22h 15m,4d 21h 1m,,,,44d 12h 40m,
BWEBDEV-7476,,0d 1h 4m,0d 0h 37m,,0d 3h 10m,0d 23h 28m,,,,49d 4h 12m,
BWEBDEV-7475,,0d 0h 7m,1d 2h 11m,,5d 1h 30m,0d 3h 4m,,,,44d 1h 46m,
BWEBDEV-7474,,0d 2h 49m,1d 2h 25m,0d 0h 1m,0d 2h 15m,7d 20h 24m,,,,41d 5h 51m,
BWEBDEV-7473,,0d 16h 7m,0d 5h 19m,,3d 19h 5m,46d 7h 34m,,,,,
BWEBDEV-7472,,0d 15h 46m,0d 0h 9m,,0d 4h 50m,0d 22h 43m,,,,49d 5h 31m,
BWEBDEV-7471,,0d 0h 10m,0d 16h 37m,,0d 0h 25m,0d 1h 19m,,,,50d 6h 47m,
BWEBDEV-7469,,0d 1h 26m,0d 0h 0m,,0d 19h 1m,,,,,50d 7h 34m,
BWEBDEV-7468,,0d 21h 49m,0d 0h 0m,,0d 1h 11m,1d 1h 34m,,,,49d 3h 46m,
BWEBDEV-7467,,0d 0h 9m,0d 20h 31m,,0d 4h 49m,7d 19h 1m,,,,42d 7h 55m,
BWEBDEV-7466,,0d 0h 10m,0d 0h 0m,,0d 0h 28m,23d 2h 7m,,,,28d 1h 40m,
BWEBDEV-7465,,0d 0h 9m,0d 22h 43m,,0d 1h 57m,0d 3h 0m,,,,50d 3h 40m,
BWEBDEV-7464,,0d 0h 10m,0d 1h 53m,,0d 0h 51m,0d 1h 34m,,,,51d 3h 1m,
BWEBDEV-7463,,0d 16h 51m,0d 1h 43m,,2d 4h 46m,11d 0h 4m,,,,38d 2h 45m,
BWEBDEV-7462,,0d 0h 6m,0d 17h 45m,,0d 0h 22m,0d 3h 57m,,,,51d 4h 20m,
BWEBDEV-7461,,0d 0h 12m,0d 18h 41m,,0d 0h 55m,10d 0h 58m,,,,41d 5h 49m,
BWEBDEV-7460,,0d 0h 6m,0d 0h 25m,,0d 0h 43m,0d 19h 40m,,,,51d 6h 37m,
BWEBDEV-7459,,0d 0h 1m,0d 0h 27m,,0d 1h 16m,7d 19h 34m,,,,44d 6h 19m,
BWEBDEV-7458,,0d 0h 7m,0d 1h 46m,,1d 21h 46m,1d 1h 22m,,,,49d 2h 45m,
BWEBDEV-7457,,0d 0h 10m,0d 0h 6m,,0d 21h 19m,26d 21h 52m,,,,24d 8h 49m,
BWEBDEV-7456,,0d 0h 55m,,,0d 0h 37m,37d 21h 31m,,,,14d 6h 15m,
BWEBDEV-7455,,0d 0h 13m,0d 2h 46m,,0d 0h 3m,52d 3h 17m,,,,,
BWEBDEV-7454,,0d 2h 40m,0d 0h 3m,,3d 2h 25m,0d 22h 49m,,,,48d 2h 24m,
BWEBDEV-7453,,0d 0h 4m,0d 1h 7m,,0d 1h 55m,0d 21h 41m,,,,51d 5h 57m,
BWEBDEV-7452,,0d 0h 22m,,,0d 5h 22m,2d 22h 46m,,,,49d 2h 20m,
BWEBDEV-7450,,0d 21h 51m,0d 4h 24m,,0d 21h 18m,1d 1h 55m,,,,49d 5h 43m,
BWEBDEV-7449,,0d 0h 6m,0d 4h 42m,,0d 0h 25m,24d 23h 22m,,,,27d 3h 49m,
BWEBDEV-7448,,0d 0h 15m,0d 0h 18m,,0d 0h 18m,0d 3h 52m,,,,52d 3h 52m,
BWEBDEV-7447,,0d 17h 43m,1d 1h 30m,,0d 5h 57m,1d 20h 15m,,,,49d 6h 49m,
BWEBDEV-7446,,0d 0h 37m,0d 0h 15m,,2d 20h 27m,5d 4h 49m,,,,47d 1h 34m,
BWEBDEV-7445,,0d 0h 31m,5d 3h 4m,,0d 14h 43m,42d 0h 6m,,,,7d 9h 16m,
BWEBDEV-7444,,0d 0h 1m,2d 18h 52m,,0d 0h 49m,30d 6h 1m,,,,22d 2h 1m,
BWEBDEV-7443,,0d 0h 1m,,,,5d 21h 5m,,,,49d 6h 55m,
BWEBDEV-7442,,0d 0h 15m,0d 2h 31m,,0d 0h 13m,9d 18h 33m,,,,45d 8h 46m,
BWEBDEV-7441,,0d 0h 10m,4d 2h 49m,,0d 0h 0m,0d 0h 0m,,,,51d 4h 22m,
BWEBDEV-7440,,0d 4h 55m,0d 0h 3m,,2d 17h 35m,20d 23h 53m,,,,31d 9h 10m,
BWEBDEV-7439,,0d 0h 46m,0d 0h 25m,,0d 1h 49m,0d 2h 52m,,,,55d 3h 13m,
BWEBDEV-7437,,1d 22h 43m,0d 3h 58m,,0d 2h 58m,3d 18h 28m,,,,51d 8h 30m,
BWEBDEV-7436,,0d 0h 43m,0d 2h 31m,,0d 16h 45m,5d 4h 4m,,,,52d 3h 7m,
BWEBDEV-7434,,0d 2h 21m,0d 0h 1m,,0d 0h 4m,5d 20h 41m,,,,52d 5h 43m,
BWEBDEV-7433,,0d 0h 52m,0d 21h 23m,,2d 2h 40m,6d 2h 30m,,,,49d 3h 19m,
BWEBDEV-7432,,0d 7h 19m,5d 14h 52m,,3d 2h 20m,0d 1h 43m,,,,49d 4h 43m,
BWEBDEV-7431,,0d 1h 11m,0d 2h 32m,,0d 0h 0m,26d 22h 25m,,,,31d 5h 16m,
BWEBDEV-7427,,0d 6h 55m,,,0d 0h 7m,3d 8h 7m,,,,55d 2h 46m,
BWEBDEV-7426,,0d 10h 22m,1d 4h 52m,,1d 22h 34m,0d 1h 19m,,,,55d 4h 45m,
BWEBDEV-7423,,0d 15h 46m,0d 0h 1m,,0d 0h 27m,34d 2h 34m,,,,24d 7h 51m,
BWEBDEV-7422,,0d 0h 22m,0d 0h 0m,,0d 17h 30m,6d 1h 18m,,,,52d 7h 39m,
BWEBDEV-7420,,0d 1h 1m,0d 1h 52m,,7d 17h 46m,45d 5h 1m,,,,6d 2h 37m,
BWEBDEV-7419,,0d 0h 24m,0d 2h 46m,,1d 19h 17m,4d 23h 7m,,,,52d 8h 12m,
BWEBDEV-7417,,1d 7h 7m,2d 15h 38m,,0d 1h 15m,12d 4h 11m,,,,43d 2h 31m,
BWEBDEV-7413,,0d 1h 57m,,,0d 21h 18m,6d 22h 13m,,,,51d 9h 42m,
BWEBDEV-7411,,0d 3h 32m,0d 0h 0m,,0d 0h 0m,6d 18h 26m,,,,52d 9h 46m,
BWEBDEV-7410,,0d 4h 52m,0d 0h 28m,,4d 16h 10m,17d 1h 58m,,,,37d 8h 40m,
BWEBDEV-7408,,5d 14h 22m,0d 0h 42m,,11d 23h 33m,3d 14h 10m,,,,43d 20h 25m,
BWEBDEV-7407,,5d 20h 43m,,,1d 1h 0m,7d 4h 0m,,,,51d 2h 58m,
BWEBDEV-7405,,6d 20h 40m,0d 0h 30m,,7d 5h 4m,2d 22h 49m,,,,48d 4h 7m,
BWEBDEV-7404,,0d 1h 1m,5d 20h 3m,,0d 6h 5m,6d 18h 4m,,,,52d 8h 34m,
BWEBDEV-7402,,9d 23h 7m,0d 3h 46m,,0d 2h 31m,12d 20h 7m,,,,42d 6h 46m,
BWEBDEV-7401,,0d 15h 13m,6d 1h 45m,,0d 2h 51m,17d 22h 28m,,,,41d 4h 42m,
BWEBDEV-7398,,0d 0h 12m,0d 16h 52m,,0d 0h 19m,12d 22h 28m,,,,52d 9h 49m,
BWEBDEV-7397,,0d 0h 13m,34d 17h 40m,,1d 7h 31m,5d 17h 15m,,,,24d 8h 30m,
BWEBDEV-7393,,0d 0h 4m,0d 22h 10m,,1d 14h 16m,27d 7h 34m,,,,36d 9h 4m,
BWEBDEV-7392,,0d 0h 55m,10d 22h 52m,,0d 2h 49m,18d 18h 22m,0d 0h 0m,,,36d 8h 58m,
BWEBDEV-7390,,0d 2h 42m,0d 0h 46m,,1d 0h 43m,16d 0h 3m,,,,49d 3h 5m,
BWEBDEV-7389,,0d 2h 22m,0d 3h 27m,,0d 17h 0m,12d 23h 45m,,,,52d 8h 50m,
BWEBDEV-7388,,0d 5h 49m,0d 17h 40m,,6d 1h 46m,22d 21h 16m,,,,36d 9h 0m,
BWEBDEV-7382,,2d 14h 58m,0d 20h 10m,,0d 4h 43m,17d 0h 52m,,,,48d 2h 7m,
BWEBDEV-7381,,2d 11h 36m,0d 4h 37m,,0d 0h 27m,13d 16h 37m,,,,52d 9h 46m,
BWEBDEV-7378,,2d 17h 58m,0d 4h 10m,,38d 1h 40m,0d 21h 58m,,,,27d 4h 36m,
BWEBDEV-7373,,0d 0h 3m,0d 0h 0m,,0d 0h 3m,16d 20h 41m,,,,52d 9h 13m,
BWEBDEV-7372,,3d 3h 15m,0d 22h 13m,,0d 1h 16m,12d 19h 22m,,,,52d 8h 35m,
BWEBDEV-7371,,3d 22h 50m,7d 5h 1m,,2d 22h 19m,14d 5h 22m,,,,41d 0h 23m,
BWEBDEV-7367,,0d 0h 15m,3d 21h 25m,,0d 5h 40m,29d 11h 25m,,,,36d 10h 40m,
BWEBDEV-7366,,0d 23h 45m,3d 16h 7m,,11d 6h 58m,22d 18h 22m,,,,31d 8h 55m,
BWEBDEV-7362,,1d 0h 22m,3d 1h 12m,,0d 0h 33m,14d 19h 8m,,,,51d 7h 16m,
BWEBDEV-7361,,0d 1h 16m,0d 0h 0m,,4d 19h 46m,55d 22h 49m,,,,9d 8h 49m,
BWEBDEV-7360,,1d 0h 52m,0d 2h 0m,,2d 17h 34m,13d 23h 58m,,,,52d 8h 35m,
BWEBDEV-7358,,0d 3h 46m,0d 19h 28m,,0d 5h 7m,17d 18h 38m,,,,51d 7h 2m,
BWEBDEV-7357,,0d 1h 28m,0d 0h 28m,,0d 1h 55m,20d 19h 7m,,,,49d 7h 16m,
BWEBDEV-7356,,3d 21h 16m,0d 4h 52m,,8d 0h 25m,5d 18h 35m,,,,52d 9h 16m,
BWEBDEV-7352,,1d 4h 37m,2d 21h 50m,,7d 21h 31m,9d 7h 13m,,,,49d 0h 31m,
BWEBDEV-7351,,0d 0h 54m,0d 0h 1m,,3d 1h 50m,22d 21h 31m,,,,44d 7h 28m,
BWEBDEV-7348,,0d 0h 25m,0d 2h 43m,,0d 2h 25m,17d 18h 19m,,,,52d 8h 9m,
BWEBDEV-7341,,5d 0h 13m,0d 3h 19m,,0d 0h 0m,20d 20h 19m,,,,45d 3h 5m,
BWEBDEV-7340,,0d 0h 25m,0d 0h 39m,,5d 20h 16m,13d 4h 15m,,,,52d 1h 24m,
BWEBDEV-7336,,0d 21h 13m,0d 0h 1m,,0d 3h 55m,14d 21h 56m,,,,55d 5h 55m,
BWEBDEV-7335,,4d 20h 4m,0d 1h 7m,,7d 6h 3m,8d 18h 31m,,,,50d 7h 17m,
BWEBDEV-7333,,0d 21h 28m,0d 0h 1m,,0d 1h 8m,18d 2h 30m,,,,52d 4h 50m,
BWEBDEV-7332,,0d 0h 13m,12d 20h 55m,,0d 1h 11m,13d 0h 53m,,,,45d 6h 58m,
BWEBDEV-7331,,0d 0h 27m,0d 21h 58m,,0d 2h 22m,17d 19h 52m,,,,52d 9h 46m,
BWEBDEV-7330,,0d 1h 25m,1d 3h 51m,,0d 17h 30m,20d 8h 6m,,,,49d 0h 35m,
BWEBDEV-7322,,19d 20h 52m,35d 3h 49m,,1d 19h 15m,15d 8h 16m,,,,,
BWEBDEV-7316,,0d 3h 13m,5d 21h 7m,,0d 1h 28m,29d 20h 22m,,,,36d 8h 57m,
BWEBDEV-7310,,0d 0h 55m,0d 2h 4m,,0d 5h 9m,16d 17h 18m,,,,55d 8h 0m,
BWEBDEV-7309,,1d 21h 1m,0d 0h 48m,,0d 0h 40m,18d 23h 40m,,,,52d 2h 20m,
BWEBDEV-7305,,0d 0h 13m,1d 23h 22m,,0d 19h 18m,15d 1h 55m,,,,55d 5h 52m,
BWEBDEV-7302,,0d 0h 51m,0d 18h 4m,,0d 3h 19m,23d 20h 43m,,,,48d 8h 25m,
BWEBDEV-7301,,0d 0h 51m,0d 0h 9m,,0d 0h 28m,41d 19h 16m,,,,31d 7h 31m,
BWEBDEV-7300,,0d 0h 40m,7d 19h 58m,,0d 0h 6m,22d 3h 22m,,,,43d 5h 4m,
BWEBDEV-7283,,0d 1h 4m,2d 23h 12m,,4d 20h 5m,15d 23h 41m,,,,52d 8h 4m,
BWEBDEV-7279,,0d 23h 33m,2d 22h 19m,,1d 6h 43m,20d 15h 52m,,,,50d 10h 25m,
BWEBDEV-7277,,20d 22h 10m,3d 2h 15m,,20d 23h 34m,31d 3h 34m,,,,0d 4h 13m,
BWEBDEV-7268,,21d 17h 46m,4d 4h 9m,,43d 21h 43m,7d 3h 7m,,,,0d 4h 13m,
BWEBDEV-7256,,22d 1h 36m,0d 0h 1m,,0d 3h 55m,18d 15h 55m,,,,36d 9h 0m,
BWEBDEV-7247,,0d 18h 6m,7d 0h 20m,,0d 5h 17m,18d 17h 30m,,,,51d 6h 45m,
BWEBDEV-7246,,5d 23h 7m,0d 17h 4m,,1d 23h 16m,20d 8h 6m,,,,49d 0h 31m,
BWEBDEV-7236,,0d 0h 58m,0d 18h 22m,,0d 0h 48m,21d 22h 42m,,,,55d 9h 2m,
BWEBDEV-7232,,0d 20h 51m,1d 3h 49m,,33d 20h 7m,0d 6h 20m,,,,42d 2h 40m,
BWEBDEV-7231,,0d 22h 13m,0d 0h 13m,,11d 13h 43m,24d 8h 51m,,,,41d 9h 0m,
BWEBDEV-7227,,5d 6h 12m,0d 19h 7m,,6d 17h 25m,17d 5h 28m,,,,48d 8h 25m,
BWEBDEV-7225,,13d 15h 10m,6d 1h 31m,,0d 23h 48m,8d 0h 58m,,,,50d 6h 28m,
BWEBDEV-7223,,2d 16h 13m,,,0d 4h 10m,24d 22h 22m,,,,51d 6h 43m,
BWEBDEV-7219,,0d 0h 58m,24d 0h 28m,,2d 20h 9m,15d 21h 10m,,,,36d 9h 0m,
BWEBDEV-7207,,0d 20h 51m,1d 3h 4m,,1d 21h 58m,35d 3h 21m,,,,41d 0h 31m,
BWEBDEV-7204,,0d 2h 32m,0d 17h 40m,,6d 5h 24m,20d 19h 52m,,,,52d 6h 43m,
BWEBDEV-7203,,0d 1h 37m,0d 0h 0m,,0d 0h 1m,43d 17h 49m,,,,36d 8h 53m,
BWEBDEV-7192,,2d 13h 13m,0d 1h 25m,,0d 7h 7m,27d 19h 47m,,,,52d 5h 27m,
BWEBDEV-7190,,3d 20h 45m,0d 18h 53m,,0d 1h 55m,46d 23h 37m,,,,31d 8h 42m,
BWEBDEV-7185,,4d 1h 37m,0d 0h 43m,,21d 19h 30m,5d 4h 2m,,,,52d 3h 7m,
BWEBDEV-7184,,3d 20h 35m,6d 10h 40m,,3d 17h 55m,13d 19h 18m,,,,55d 9h 19m,
BWEBDEV-7181,,0d 1h 23m,2d 21h 54m,,0d 0h 18m,43d 22h 7m,,,,36d 8h 47m,
BWEBDEV-7169,,4d 22h 32m,5d 18h 39m,,22d 6h 19m,2d 17h 17m,,,,48d 8h 52m,
BWEBDEV-7157,,0d 0h 10m,0d 0h 1m,,28d 21h 55m,23d 23h 32m,,,,31d 8h 42m,
BWEBDEV-7149,,0d 16h 46m,0d 2h 22m,,4d 17h 55m,59d 2h 22m,,,,20d 8h 52m,
BWEBDEV-7144,,1d 23h 13m,2d 18h 47m,,3d 4h 28m,28d 3h 27m,,,,49d 0h 32m,
BWEBDEV-7131,,0d 1h 58m,0d 16h 37m,,4d 23h 15m,24d 22h 58m,,,,55d 9h 20m,
BWEBDEV-7116,,18d 6h 7m,10d 1h 5m,,2d 18h 57m,20d 21h 38m,,,,34d 7h 42m,
BWEBDEV-7110,,3d 4h 7m,17d 3h 43m,,0d 20h 33m,28d 19h 47m,,,,36d 9h 0m,
BWEBDEV-7108,,1d 19h 13m,0d 21h 43m,,1d 7h 18m,30d 14h 55m,,,,52d 8h 40m,
BWEBDEV-7105,,0d 18h 4m,0d 0h 4m,,0d 0h 7m,49d 21h 50m,,,,36d 9h 6m,
BWEBDEV-7104,,0d 17h 53m,0d 0h 0m,,0d 0h 13m,49d 22h 4m,,,,36d 9h 6m,
BWEBDEV-7102,,6d 15h 49m,0d 2h 32m,,0d 0h 19m,28d 1h 1m,,,,52d 5h 47m,
BWEBDEV-7091,,0d 0h 25m,0d 2h 34m,,0d 0h 12m,79d 20h 28m,,,,7d 3h 26m,
BWEBDEV-7082,,14d 0h 45m,1d 2h 25m,,0d 1h 13m,23d 19h 10m,,,,48d 6h 49m,
BWEBDEV-7058,,0d 1h 37m,0d 1h 46m,,0d 0h 34m,41d 19h 51m,,,,48d 8h 27m,
BWEBDEV-7053,,0d 19h 58m,0d 0h 0m,,0d 0h 22m,39d 0h 25m,,,,52d 5h 31m,
BWEBDEV-7046,,0d 22h 46m,3d 1h 22m,,3d 0h 49m,35d 2h 8m,,,,49d 0h 34m,
BWEBDEV-7045,,6d 0h 58m,0d 0h 31m,,0d 19h 13m,36d 3h 4m,,,,48d 4h 43m,
BWEBDEV-7020,,0d 2h 17m,0d 3h 16m,,0d 18h 46m,81d 21h 50m,,,,9d 8h 30m,
BWEBDEV-7019,,0d 2h 19m,0d 2h 52m,,,82d 17h 15m,,,,9d 8h 15m,
BWEBDEV-7000,,0d 1h 22m,1d 0h 6m,,15d 16h 6m,26d 1h 58m,,,,50d 7h 2m,
BWEBDEV-6997,,2d 2h 1m,0d 21h 0m,,5d 18h 20m,32d 2h 19m,,,,52d 7h 40m,
BWEBDEV-6992,,1d 22h 7m,0d 0h 0m,,0d 2h 34m,38d 21h 28m,,,,52d 8h 9m,
BWEBDEV-6985,,2d 15h 43m,6d 3h 52m,,6d 23h 7m,32d 21h 34m,,,,45d 7h 42m,
BWEBDEV-6964,,0d 0h 34m,0d 5h 10m,,1d 0h 10m,45d 23h 49m,,,,48d 2h 4m,
BWEBDEV-6959,,2d 18h 37m,0d 0h 25m,,4d 4h 13m,48d 18h 10m,,,,41d 9h 7m,
BWEBDEV-6938,,3d 22h 16m,8d 2h 22m,,3d 3h 27m,51d 19h 39m,,,,31d 6h 28m,
BWEBDEV-6915,,2d 4h 31m,0d 0h 1m,,3d 22h 13m,41d 15h 21m,,,,52d 11h 52m,
BWEBDEV-6906,,1d 21h 40m,0d 20h 34m,,0d 5h 40m,87d 23h 34m,,,,9d 2h 4m,
BWEBDEV-6897,,12d 23h 16m,3d 5h 10m,,34d 1h 42m,0d 16h 46m,,,,49d 7h 40m,
BWEBDEV-6893,,16d 23h 38m,,,0d 11h 37m,8d 1h 25m,,,,71d 19h 43m,
BWEBDEV-6890,,0d 21h 58m,1d 19h 16m,,26d 20h 58m,71d 10h 31m,,,,,
BWEBDEV-6864,,16d 2h 52m,27d 0h 47m,,8d 18h 24m,13d 2h 23m,,,,36d 6h 22m,
BWEBDEV-6807,,0d 1h 18m,0d 17h 7m,,0d 0h 55m,57d 0h 5m,,,,50d 7h 20m,
BWEBDEV-6804,,0d 2h 10m,0d 17h 37m,,0d 3h 22m,95d 19h 33m,,,,10d 8h 15m,
BWEBDEV-6639,,5d 3h 52m,13d 20h 34m,,3d 5h 32m,51d 18h 40m,,,,45d 4h 15m,
BWEBDEV-6512,,46d 4h 5m,3d 23h 5m,,3d 1h 16m,36d 17h 0m,,,,36d 8h 49m,
BWEBDEV-6173,,54d 22h 7m,19d 18h 28m,,0d 2h 28m,28d 20h 38m,,,,44d 8h 47m,
BWEBDEV-5845,,75d 1h 1m,1d 2h 16m,,15d 3h 16m,45d 14h 42m,,,,31d 8h 19m,
BWEBDEV-5580,,89d 5h 34m,41d 18h 4m,,0d 1h 3m,1d 21h 32m,,,,50d 9h 7m,0d 2h 7m
BWEBDEV-5562,,0d 1h 6m,,,3d 0h 7m,164d 23h 7m,,,,15d 6h 7m,
BWEBDEV-5100,,100d 2h 13m,0d 18h 6m,,27d 7h 25m,56d 16h 52m,,,,37d 8h 45m,
BWEBDEV-4928,,149d 0h 3m,2d 7h 46m,,16d 22h 38m,17d 17h 31m,,,,48d 9h 54m,
BWEBDEV-4824,,61d 1h 16m,1d 2h 18m,,0d 16h 49m,0d 0h 37m,,,,50d 9h 16m,131d 20h 52m
BWEBDEV-369,1/5/26,0d 2h 49m,,,,,,0d 0h 0m,455d 2h 1m,52d 4h 58m,
BWEBDEV-368,1/5/26,0d 2h 51m,,,,,,0d 0h 0m,455d 2h 0m,52d 5h 1m,
,,2d 10h 21m,1d 5h 53m,8d 8h 31m,1d 18h 17m,10d 8h 0m,0d 0h 32m,0d 0h 0m,455d 2h 0m,26d 15h 20m,45d 23h 9m