Type,Key,Summary,Resolution Date,Funnel,Backlog,Open,Investigation,Ready for Refinement,On Hold,Analysing,Implementing,In Deployment,In Development,Ready for test,In Testing,Refined,Waiting for acceptance,Done,Cancelled,Abandoned,Funnel to Done,Implementing to Done
,,Average time taken (from table),,1163.46h,512.72h,444.54h,0.00h,491.95h,385.65h,1152.22h,1316.46h,60.69h,270.47h,39.26h,36.49h,176.82h,76.42h,1988.87h,3509.38h,2316.87h,2890.54h,601.53h
,VDE19-574,Spring Boot 4 migration,,0.37h,,,,,,48.22h,,,,,,,,,,,48.58h,0.00h
,VDE19-573,0. [TIDY: Central Disposal] Unify Data archiving solutions (ARCH and Lexus DB's),,140.07h,,,,,,,,,,,,,,,,,140.07h,0.00h
,VDE19-572,3.6. [TIDY: Central Disposal] Disposing the Data >> Nostro Account Agreements,,140.23h,,,,,,,,,,,,,,,,,140.23h,0.00h
,VDE19-571,3.5. [TIDY: Central Disposal] Disposing the Data >> SWIFT Services,,140.32h,,,,,,,,,,,,,,,,,140.32h,0.00h
,VDE19-570,3.4. [TIDY: Central Disposal] Disposing the Data >> Account Alias Agreements,,140.40h,,,,,,,,,,,,,,,,,140.40h,0.00h
,VDE19-569,3.3. [TIDY: Central Disposal] Disposing the Data >> Bank Defined Payments (LV),,140.47h,,,,,,,,,,,,,,,,,140.47h,0.00h
,VDE19-568,3.2. [TIDY: Central Disposal] Disposing the Data >> Standing Order Agreements,,140.57h,,,,,,,,,,,,,,,,,140.57h,0.00h
,VDE19-567,Migrating Payments Baltics owned Andromeda applications to Spring Boot 4,,165.62h,,,,,,,,,,,,,,,,,165.62h,0.00h
,VDE19-564,1. [TIDY: Central Disposal] Filter out & collect Payment Agreement Disposal Messages from MDM,,140.73h,,,,,,67.63h,,,,,,,,,,,208.37h,0.00h
,VDE19-563,2. [TIDY: Central Disposal] Processing of Payment Agreement Disposal Messages,,208.58h,,,,,,,,,,,,,,,,,208.58h,0.00h
,VDE19-562,3.1. [TIDY: Central Disposal] Disposing the Data >> Giro Agreements (LT),,208.98h,,,,,,,,,,,,,,,,,208.98h,0.00h
,VDE19-561,4. [TIDY: Central Disposal] Provide Data disposal results to MDM,,209.90h,,,,,,,,,,,,,,,,,209.90h,0.00h
,VDE19-560,5. [TIDY: Central Disposal] Retention management in back-ups,,210.55h,,,,,,,,,,,,,,,,,210.55h,0.00h
,VDE19-559,6. [TIDY: Central Disposal] Maintenance: monitoring & error handling process for Data Disposal,,211.12h,,,,,,,,,,,,,,,,,211.12h,0.00h
,VDE19-556,[IPR] iBank adjustments for Milestone 2 (All SGW payments moved to new processing flow),,2.40h,,,,,,355.13h,,,,,,,,,,,357.53h,0.00h
,VDE19-555,2.1. [TIDY Agr Summ] refactoring & improvements of initial Architectural solution,,0.08h,,,,,,380.17h,,,,,,,,,,,380.25h,0.00h
,VDE19-551,Adapt FP and Homebank (MT) to annual changes,,0.13h,,,,,,482.13h,,,,,,,,,,,482.27h,0.00h
,VDE19-546,[Greenfield migration] Containers Brownfield migration to Greenfield,,0.55h,143.12h,,,,,0.03h,360.08h,,,,,,,,,,503.78h,360.08h
,VDE19-545,TEST: [TPH] Testing using PROD data,,,,0.08h,,,,506.53h,,,,,,,,,,,506.62h,0.00h
,VDE19-543,Go-live activities,,716.05h,,,,,,,,,,,,,,,,,716.05h,0.00h
,VDE19-542,Clean up vulnerability list for services belonging to Baltic Payments STAGE-2,,88.70h,336.78h,,,,,0.02h,313.42h,,,,,,,,,,738.92h,313.42h
,VDE19-541,[Skyvault] Transition / Migration Testing,,741.62h,,,,,,,,,,,,,,,,,741.62h,0.00h
,VDE19-540,[Skyvault] Feasibility Testing,,507.55h,,,,,,234.10h,,,,,,,,,,,741.65h,0.00h
,VDE19-539,[Skyvault] Setup of parallel environments in Azure,,741.87h,,,,,,,,,,,,,,,,,741.87h,0.00h
,VDE19-538,8. [TIDY Agr Summ] Payment Products Data quality improvements & one-time Data cleaning // Phase 2,,430.95h,0.00h,,,,,121.83h,189.73h,,,,,,,,,,742.52h,189.73h
,VDE19-537,Enabler: [Skyvault migration] Onboard to Skyvault as an Andromeda Application,,503.37h,,,,,,306.77h,,,,,,,,,,,810.13h,0.00h
,VDE19-536,"Knowledge Transfer (from consultants to FTE, from Solaris to other teams)",,860.00h,,,,,,,,,,,,,,,,,860.00h,0.00h
,VDE19-535,Orion: production bugs & small enhancements,,882.60h,,,,,,,,,,,,,,,,,882.60h,0.00h
,VDE19-534,Void: production bugs & small enhancements,,883.47h,,,,,,,,,,,,,,,,,883.47h,0.00h
,VDE19-533,SmartPay - Enabler(SLA): production bugs & small enhancements,,816.77h,0.00h,,,,,0.02h,66.80h,,,,,,,,,,883.58h,66.80h
,VDE19-532,e-Pay: production bugs & small enhancements,,906.93h,,,,,,,,,,,,,,,,,906.93h,0.00h
,VDE19-531,ChillPay: production bugs & small enhancements,,907.15h,,,,,,,,,,,,,,,,,907.15h,0.00h
,VDE19-530,Enabler: [TIDY Agr Summ] Loro accounting // W670,,1.10h,,,,,,978.28h,,,,,,,,,,,979.38h,0.00h
,VDE19-529,Enabler: [TIDY Agr Summ] Nostro accounting // W670,3/20/26,0.15h,0.00h,,,,,25.35h,0.00h,,,,,,,978.25h,,,25.50h,0.00h
,VDE19-527,[IPR] Batch Handler refactoring,,145.70h,0.00h,,,,,0.00h,911.53h,,,,,,,,,,1057.23h,911.53h
,VDE19-526,Callisto: production bugs & small enhancements,,1242.85h,,,,,,,,,,,,,,,,,1242.85h,0.00h
,VDE19-525,[ISO20022] SWIFT Agreement validation,,257.18h,161.82h,,,,,246.35h,673.02h,,,,,,,,,,1338.37h,673.02h
,VDE19-524,Placeholder: [TPH] Card payments and POS payouts to merchants,,1364.92h,,,,,,,,,,,,,,,,,1364.92h,0.00h
,VDE19-522,[ISO20022] MX Payment Flow - End to End Testing,,1530.20h,,,,,,,,,,,,,,,,,1530.20h,0.00h
,VDE19-521,[ISO20022] MX Payment Flow support in Batch Handler,,17.38h,160.92h,,,,,679.73h,673.02h,,,,,,,,,,1531.05h,673.02h
,VDE19-519,[IPR] Modify filter criteria for delivering Payment order status update from Core DB,,1532.00h,,,,,,,,,,,,,,,,,1532.00h,0.00h
,VDE19-517,Proprietary party ID removal from International payments,,1652.27h,,,,,,73.43h,,,,,,,,,,,1725.70h,0.00h
,VDE19-516,[TPH] DB sync setup in PPTE and GATE,,1822.72h,,,,,,,,,,,,,,,,,1822.72h,0.00h
,VDE19-515,49. E-Invoice SOA History Page,3/26/26,115.38h,0.00h,0.00h,,,,0.12h,880.77h,0.00h,,,,,,841.02h,,,996.27h,880.77h
,VDE19-514,48. E-Invoice Application History Page,3/6/26,116.07h,0.00h,0.00h,,,,0.10h,403.48h,0.00h,,,,,,1318.32h,,,519.65h,403.48h
,VDE19-513,47. E-Invoice Automated Payment History Page,3/31/26,117.82h,0.00h,0.10h,,,,0.08h,1004.25h,0.15h,,,,,,717.42h,,,1122.40h,1004.40h
,VDE19-512,44. E-Invoice ApplicationsAndAgreements Edit Page,4/1/26,126.17h,0.00h,0.00h,,,,0.08h,881.05h,146.43h,,,,,,694.33h,,,1153.73h,1027.48h
,VDE19-511,43. E-Invoice SOA Edit Page,3/20/26,131.17h,0.00h,0.05h,,,,0.08h,716.68h,21.57h,,,,,,983.58h,,,869.55h,738.25h
,VDE19-510,42. E-Invoice Applications and Agreements Details Page,3/27/26,131.47h,0.00h,0.02h,,,,0.08h,811.83h,168.45h,,,,,,813.57h,,,1111.85h,980.28h
,VDE19-509,41. E-Invoice Archive Page,3/6/26,131.75h,0.00h,0.02h,,,,0.07h,403.53h,0.00h,,,,,,1318.33h,,,535.37h,403.53h
,VDE19-508,39. E-Invoice Transaction View Page,3/26/26,132.45h,0.00h,0.18h,,,,0.02h,881.18h,0.00h,,,,,,840.80h,0.03h,,1013.83h,881.18h
,VDE19-520,30. Information about international settlements EE,3/20/26,539.52h,0.00h,,,,,0.00h,311.23h,21.57h,,,,,,983.58h,,,872.32h,332.80h
,VDE19-506,Enabler: [TPH][Outgoing payments] Pre-Production & Go Live activities,,1920.22h,,,,,,,,,,,,,,,,,1920.22h,0.00h
,VDE19-505,TEST: [TPH][REGRESSION][Outgoing payments] IL API Test Automation,,1920.25h,,,,,,,,,,,,,,,,,1920.25h,0.00h
,VDE19-504,TEST: [TPH][EndToEnd] Outgoing customer pacs.008 payment AGENT CHARGES camt.106,,1920.28h,,,,,,,,,,,,,,,,,1920.28h,0.00h
,VDE19-503,TEST: [TPH][EndToEnd] Outgoing bank-to-bank pacs.009 payment EXCEPTIONS,,1920.30h,,,,,,,,,,,,,,,,,1920.30h,0.00h
,VDE19-502,TEST: [TPH][EndToEnd] Outgoing bank-to-bank pacs.009 payment MAIN,,1920.37h,,,,,,,,,,,,,,,,,1920.37h,0.00h
,VDE19-501,TEST: [TPH][EndToEnd] Outgoing bank-to-bank pacs.009 payment HAPPY PATH,,1920.47h,,,,,,,,,,,,,,,,,1920.47h,0.00h
,VDE19-500,TEST: [TPH][EndToEnd] Outgoing customer pacs.008 payment EXCEPTIONS,,1920.52h,,,,,,,,,,,,,,,,,1920.52h,0.00h
,VDE19-499,TEST: [TPH][EndToEnd] Outgoing customer pacs.008 payment MAIN,,1920.55h,,,,,,,,,,,,,,,,,1920.55h,0.00h
,VDE19-498,TEST: [TPH][EndToEnd] Outgoing customer pacs.008 payment HAPPY PATH,,1920.58h,,,,,,,,,,,,,,,,,1920.58h,0.00h
,VDE19-496,Enabler: [TPH] [Outgoing payments] [MAINT] Service Offering review (Recovery plan & BCP & SPOF..),,1986.87h,,,,,,,,,,,,,,,,,1986.87h,0.00h
,VDE19-495,Enabler [TPH] [Outgoing payments] Create system documentation in WIKI and update W670 Service Offering,,1986.90h,,,,,,,,,,,,,,,,,1986.90h,0.00h
,VDE19-494,"Enabler [TPH] [Outgoing payments] container for vulnerabilities, tech debt and other small improvements",,1986.93h,,,,,,,,,,,,,,,,,1986.93h,0.00h
,VDE19-492,[TPH] [Outgoing payments] Monitoring / Logging setup for TPH (all environments),,1987.97h,,,,,,,,,,,,,,,,,1987.97h,0.00h
,VDE19-487,[TPH] GATE environment setup,,367.88h,,,,,,1865.07h,,,,,,,,,,,2232.95h,0.00h
,VDE19-483,[TPH] TPH Access Rights Management,,0.27h,0.22h,,,,,0.23h,2277.70h,,,,,,,,,,2278.42h,2277.70h
,VDE19-482,[TPH] IT Maintenance,,0.52h,,,,,,2278.48h,,,,,,,,,,,2279.00h,0.00h
,VDE19-481,[TPH] Greenfield migration,3/25/26,238.57h,0.45h,,,,,1223.53h,0.02h,0.00h,,,,,,863.48h,,,1462.57h,0.02h
,VDE19-489,7. E-Invoices Page,2/17/26,375.70h,0.00h,,,,,0.03h,0.00h,266.18h,,,,,,1722.10h,,,641.92h,266.18h
,VDE19-480,"[TPH] Migration of API tests, integration, TPH from Bitbucket to GitHub",,507.05h,,,,,,1867.45h,,,,,,,,,,,2374.50h,0.00h
,VDE19-479,[IPR] VoP in list of payments and files - cleanup and improvements,,1028.70h,1009.00h,,,,,359.42h,,,,,,,,,,,2397.12h,0.00h
,VDE19-478,[IPR] End-To-End test for New Payment processing flow of signed files in SGW,,904.17h,814.82h,,,,,698.37h,,,,,,,,,,,2417.35h,0.00h
,VDE19-477,Enabler: [TPH] Outgoing Bank-To-Bank processing analysis and business configuration,,2418.48h,,,,,,,,,,,,,,,,,2418.48h,0.00h
,VDE19-476,[ISO20022] MX Payments Reporting in MT940/942,,2236.75h,,,,,,188.20h,,,,,,,,,,,2424.95h,0.00h
,VDE19-475,[ISO20022] VoP for MX Payments,4/28/26,2376.15h,,,,,,,,,,,,,,,48.83h,,2376.15h,0.00h
,VDE19-474,[ISO20022] Fraud Screening for MX Payments,,2086.30h,,,,,,338.72h,,,,,,,,,,,2425.02h,0.00h
,VDE19-473,[ISO20022] Instant Payment Limit for MX Payments,,2376.25h,,,,,,48.82h,,,,,,,,,,,2425.07h,0.00h
,VDE19-472,[ISO20022] Status Reporting for MX payments,,773.87h,834.72h,,,,,816.58h,,,,,,,,,,,2425.17h,0.00h
,VDE19-471,[ISO20022] MX Payment Data Validation and Enrichment,4/23/26,773.88h,186.92h,,,,,767.30h,366.62h,160.20h,,,,,,170.27h,,,2254.92h,526.82h
,VDE19-470,[ISO20022] MX Payment flow Orchestration,,2021.20h,,,,,,404.08h,,,,,,,,,,,2425.28h,0.00h
,VDE19-469,[ISO20022] MX Payments Manual Exception Handling,,2425.40h,,,,,,,,,,,,,,,,,2425.40h,0.00h
,VDE19-468,[ISO20022] Changes in Messaging (ISO Exchange),,774.17h,215.22h,,,,,763.13h,673.03h,,,,,,,,,,2425.55h,673.03h
,VDE19-467,[ISO20022] Adjust Contract Management for Swift Services,,2425.72h,,,,,,,,,,,,,,,,,2425.72h,0.00h
,VDE19-466,Clean up vulnerability list for services belonging to Baltic Payments,3/30/26,401.78h,0.00h,,,,,0.02h,1421.00h,0.00h,,,,,,738.92h,,,1822.80h,1421.00h
,VDE19-463,[TPH][MQ][ROMA CONF][MT991] MQ and RoMa conf to send message MT991 to SAA,3/23/26,22.15h,0.00h,,,,,694.37h,934.23h,0.00h,,,,,,913.38h,,,1650.75h,934.23h
,VDE19-462,SWIFT MX Standard Release 2026 changes,,1779.62h,,,,,,813.25h,,,,,,,,,,,2592.87h,0.00h
,VDE19-486,40. Received E-Invoices Page,3/23/26,451.20h,0.00h,,,,,0.02h,1349.08h,0.00h,,,,,,906.08h,,,1800.30h,1349.08h
,VDE19-461,Migration of old Notification AQ messages to Notification Dispatcher,,2707.18h,,,,,,,,,,,,,,,,,2707.18h,0.00h
,VDE19-460,Payment priority selection in iBank,,2730.92h,,,,,,,,,,,,,,,,,2730.92h,0.00h
,VDE19-459,Supporting structured remittance information in international payments,,2735.70h,,,,,,,,,,,,,,,,,2735.70h,0.00h
,VDE19-458,Unstructured address removal changes,,2400.40h,,,,,,336.48h,,,,,,,,,,,2736.88h,0.00h
,VDE19-457,Payment systems Q4 2026 release,,1923.52h,,,,,,813.38h,,,,,,,,,,,2736.90h,0.00h
,VDE19-455,"T2, RT1 and TIPS Q2 2026 release",,1368.42h,119.23h,,,,,552.30h,697.10h,,,,,,,,,,2737.05h,697.10h
,VDE19-439,Enabler [SLA]: prod BUG fixes & small improvements // 2025,1/15/26,1.37h,0.00h,,,,,0.00h,0.00h,399.97h,,,,,,2521.35h,,,401.33h,399.97h
,VDE19-444,Enabler: [TIDY Agr Summ] Baltic Payments R&D // W045,,3068.47h,,,,,,,,,,,,,,,,,3068.47h,0.00h
,VDE19-443,Enabler: [TIDY Agr Summ] Baltic Payment Order Management // W991,,3068.52h,,,,,,,,,,,,,,,,,3068.52h,0.00h
,VDE19-442,Enabler: [TIDY Agr Summ] Baltic Payments Batch Handling // W990,,3068.55h,,,,,,,,,,,,,,,,,3068.55h,0.00h
,VDE19-441,Enabler: [TIDY Agr Summ] Baltic Payment event streaming // W981,,3068.63h,,,,,,,,,,,,,,,,,3068.63h,0.00h
,VDE19-493,18. Legacy Defined Payments Form,2/10/26,1300.88h,,0.03h,,,,,,,,,,,,,1891.22h,,1300.92h,0.00h
,VDE19-557,Future improvements in iBank,,2855.85h,0.00h,,,,,0.00h,360.52h,,,,,,,,,,3216.37h,360.52h
,VDE19-437,[IPR] ensure proper observability of business processes running on Payment flow manager,,2490.37h,0.00h,,,,,340.03h,405.97h,,,,,,,,,,3236.37h,405.97h
,VDE19-435,[IPR] Testing Findings/BUG's of payment order from SGW channel,,714.42h,0.00h,,,,,819.35h,1892.40h,,,,,,,,,,3426.17h,1892.40h
,VDE19-436,[TPH] HomeProfile setup in TPH,,0.12h,,19.48h,0.00h,,,3409.38h,,,,,,,,,,,3428.98h,0.00h
,VDE19-440,Enabler: [TIDY Agr Summ] Homebank // W715,,496.13h,,,,,,3170.57h,,,,,,,,,,,3666.70h,0.00h
,VDE19-434,[IPR] Setup Flow Manager tests environment in Azure,3/10/26,5.37h,0.00h,,,,,1821.33h,673.53h,0.00h,,,,,,1219.17h,,,2500.23h,673.53h
,VDE19-490,10. Giro Payment With Code Page,3/6/26,637.80h,0.00h,1481.52h,,,,0.02h,403.65h,0.00h,,,,,,1318.30h,,,2522.98h,403.65h
,VDE19-454,5. Giro and Cart of Payments Page,3/6/26,1094.20h,0.00h,583.63h,,,,0.00h,862.17h,0.00h,,,,,,1393.07h,,,2540.00h,862.17h
,VDE19-433,[IPR] ensure possibility for Payment flow manager to consume Teleagreement limits using external service,,4007.37h,,,,,,,,,,,,,,,,,4007.37h,0.00h
,VDE19-518,28. E-Invoice Applications and Agreements Page,3/20/26,266.75h,0.00h,2448.75h,,,,0.00h,332.85h,0.00h,,,,,,983.57h,,,3048.35h,332.85h
,VDE19-450,4. Giro Payment Details Page,3/20/26,,,704.22h,,,,,2392.05h,21.53h,,,,,,983.60h,,,3117.80h,2413.58h
,VDE19-429,MVP4 BPAY repository migration to GitHub [leftovers],,0.03h,4101.42h,,,,,0.97h,,,,,,,,,,,4102.42h,0.00h
,VDE19-428,MVP3 BPAY repository migration to GitHub [andromeda],,0.00h,4101.75h,,,,,0.67h,,,,,,,,,,,4102.42h,0.00h
,VDE19-427,MVP2 BPAY repository migration to GitHub [custom pipeline],,0.65h,4102.50h,,,,,0.00h,,,,,,,,,,,4103.15h,0.00h
,VDE19-426,MVP1 BPAY repository migration to GitHub [no pipeline],,2.17h,4102.53h,,,,,1.02h,,,,,,,,,,,4105.72h,0.00h
,VDE19-491,17. Giro Payment Without Code Page,11/20/25,637.23h,0.00h,0.05h,,313.07h,,0.00h,403.70h,0.00h,23.93h,0.60h,20.50h,,,2776.00h,,,1399.08h,448.73h
,VDE19-424,"Close ISO20022_MIG_V1.13 and Telehansa (PB, 6)",,4222.93h,,,,,,44.80h,,,,,,,,,,,4267.73h,0.00h
,VDE19-447,9. Giro Payment Signing Page,12/11/25,947.02h,0.00h,0.00h,,672.57h,92.13h,0.00h,936.98h,0.00h,,93.72h,122.75h,,,1473.22h,,,2865.17h,1153.45h
,VDE19-423,[CORE DB] Comparison report improvements,3/25/26,480.20h,395.23h,,,,,1619.27h,984.18h,0.02h,,,,,,864.73h,,,3478.90h,984.20h
,VDE19-422,VAT Law changes in LT for SWIFT service new attribute Procurement Number,12/17/25,857.83h,,,,,,293.68h,,,,,,,,,3211.22h,,1151.52h,0.00h
,VDE19-421,BPAY autotest codebase refactoring & optimisation,1/20/26,23.58h,1536.10h,,,,,456.93h,,,,,,,,,2400.08h,,2016.62h,0.00h
,VDE19-420,Automated test capabilities for Payments Baltics services,,504.35h,1373.10h,,,,,0.00h,2563.07h,,,,,,,,,,4440.52h,2563.07h
,VDE19-419,[TPH] Payment Reference Data Management,,2281.20h,0.00h,,,,,311.65h,1847.72h,,,,,,,,,,4440.57h,1847.72h
,VDE19-453,2. Payment History Page,1/29/26,1075.05h,0.00h,1119.68h,,,,0.00h,74.15h,0.00h,,,,74.12h,,2181.22h,,,2343.00h,148.27h
,VDE19-485,34. Defined International Payments Form,3/27/26,1098.50h,0.00h,1178.18h,,,,0.00h,1414.43h,27.22h,,,,,,813.57h,,,3718.33h,1441.65h
,VDE19-418,TEST: [TPH][EndToEnd] Skyvault Core - Regression Testing,,24.03h,,,,,,4511.37h,,,,,,,,,,,4535.40h,0.00h
,VDE19-451,23. Standing Orders Page,3/20/26,948.53h,0.00h,20.55h,,996.98h,0.00h,0.00h,1250.12h,21.53h,,,,316.52h,,983.60h,,,3554.23h,1588.17h
,VDE19-507,26. Standing Orders List Page,3/6/26,135.00h,0.00h,20.60h,,343.52h,,0.02h,403.65h,1.73h,,,,,,1316.57h,,2316.87h,904.52h,405.38h
,VDE19-484,29. Standing Order Application Page,3/30/26,300.23h,0.00h,1998.98h,,,,0.00h,1510.68h,0.00h,,,,,,744.50h,,,3809.90h,1510.68h
,VDE19-417,Payments Baltics repos & pipelines migration to GitHub,11/10/25,162.65h,,,,,,291.80h,,,,,,,,,4101.33h,,454.45h,0.00h
,VDE19-449,6. LV Bank Defined Payment Page,11/5/25,1079.95h,0.00h,21.85h,,318.78h,,0.03h,937.05h,1.92h,,,,,42.78h,2155.87h,,,2402.37h,981.75h
,VDE19-446,8. Defined Payments (Smart Defined) Page,2/17/26,983.77h,0.00h,96.82h,,388.87h,670.53h,0.00h,533.30h,0.00h,144.73h,,1.25h,139.83h,,1722.08h,,,2959.10h,819.12h
,VDE19-416,[IPR] Preparations to activate Batch handler in production environment,,309.78h,0.00h,,,,,2208.02h,2184.53h,,,,,,,,,,4702.33h,2184.53h
,VDE19-415,[IPR] Configure defined process of payment order from iBank orchestration in payment flow manager,,2016.58h,,,,,,2755.97h,,,,,,,,,,,4772.55h,0.00h
,VDE19-448,15. List of Payments Page,12/3/25,946.25h,0.00h,266.30h,,409.83h,,0.00h,0.02h,0.00h,625.88h,,1.48h,,,2598.15h,,,2249.77h,627.38h
,VDE19-410,[IPR] Implement BH flow to manage batch payments from iBank,,0.07h,,,,,,4920.38h,,,,,,,,,,,4920.45h,0.00h
,VDE19-409,VAT Law changes in LT for SWIFT service,1/15/26,382.88h,0.00h,,,,,453.90h,840.75h,741.68h,,,,,,2521.32h,,,2419.22h,1582.43h
,VDE19-407,[Dyn] Dynasty decommissioning (closing gaps),,5036.73h,,,,,,,,,,,,,,,,,5036.73h,0.00h
,VDE19-497,22. E-Invoice Application Page,10/31/25,264.28h,0.00h,233.80h,,,2.73h,0.02h,810.50h,49.23h,314.05h,23.45h,,,165.17h,3147.00h,,,1863.23h,1362.40h
,VDE19-404,System cleanup after TH/THN tables not used for Foreign payment processing,,0.57h,2712.22h,,,,,2377.93h,,,,,,,,,,,5090.72h,0.00h
,VDE19-445,1. Domestic/SEPA Payments Form Accessibility Page,3/6/26,1116.15h,0.00h,429.35h,,,1162.85h,0.00h,936.88h,1.80h,243.77h,,,,,1316.73h,,,3890.80h,1182.45h
,VDE19-452,3. International Payment Page,10/9/25,1006.22h,0.00h,331.13h,,,,0.03h,1343.97h,5.42h,,,,,21.32h,2470.27h,,,2708.08h,1370.70h
,VDE19-403,[TPH] Payment xsd to new version 010,1/20/26,0.25h,0.00h,,,,,2833.70h,0.00h,0.00h,,,,,,2400.15h,,,2833.95h,0.00h
,VDE19-401,[TPH] User roles - access rights management OUT,,5279.77h,,,,,,,,,,,,,,,,,5279.77h,0.00h
,VDE19-400,Reporting adjustments because of LT emergency flow payments/returns,,0.00h,,,,,,5372.68h,,,,,,,,,,,5372.68h,0.00h
,VDE19-393,[IPR] Extend FLM with VoP Validation and Execute-or-Reject Logic for Signed SGW Payments,,2188.30h,,,,,,3213.72h,,,,,,,,,,,5402.02h,0.00h
,VDE19-399,[AA] Payments ibank pages implementation <100 visits / month,3/26/26,1469.47h,0.00h,,,,,2925.72h,475.50h,0.00h,,,,,,841.00h,,,4870.68h,475.50h
,VDE19-390,TEST: [TPH][EndToEnd] Incoming bank-to-bank pacs.009 payment EXCEPTIONS,,5587.80h,,,,,,192.85h,,,,,,,,,,,5780.65h,0.00h
,VDE19-389,TEST: [TPH][EndToEnd] Incoming bank-to-bank pacs.009 payment HAPPY PATH,,585.03h,,,,,,5197.35h,,,,,,,,,,,5782.38h,0.00h
,VDE19-384,Bulking/debulking financial messages during LT emergency,,5905.65h,,,,,,,,,,,,,,,,,5905.65h,0.00h
,VDE19-397,[Fitness] Payments ibank pages with <100 visits / month closure,,5023.83h,0.00h,,,,,0.00h,881.62h,0.23h,,,,,,,,,5905.68h,881.85h
,VDE19-382,Integration with CentroLink clearing for LT emergency,,145.75h,,,,,,5759.98h,,,,,,,,,,,5905.73h,0.00h
,VDE19-381,[IPR] Payment order data manager functional improvement for full functionality launch,,464.07h,1225.68h,,,,,1506.35h,2711.02h,,,,,,,,,,5907.12h,2711.02h
,VDE19-396,[AA] Payments ibank pages implementation +100 visits / month,4/1/26,1703.92h,0.00h,,,,,0.05h,3547.77h,0.00h,,,,,,694.47h,,,5251.73h,3547.77h
,VDE19-395,[AA] Payments ibank pages implementation +10K visits / month (critical),3/20/26,520.50h,0.00h,,,,,0.07h,4446.27h,0.00h,,,,,,979.87h,,,4966.83h,4446.27h
,VDE19-378,[IPR RB] Refactoring of Payment Party Identifier changes,11/12/25,1991.15h,,,,,,,,,,,,,,,4052.93h,,1991.15h,0.00h
,VDE19-377,[IPR] Prod Bug fixes & improvements after 5th of Oct Go-Live,2/13/26,0.17h,1105.87h,,,,,0.05h,3120.43h,0.00h,,,,,,1822.00h,,,4226.52h,3120.43h
,VDE19-376,[IPR] Testing of defined process of payment order from SGW channel,,1630.87h,0.00h,,,,,3356.90h,1078.93h,,,,,,,,,,6066.70h,1078.93h
,VDE19-375,[IPR] VOP Manually created mass/salary payments in iBank,3/2/26,142.82h,0.00h,,,,,1894.33h,2634.85h,0.00h,,,,,,1418.17h,,,4672.00h,2634.85h
,VDE19-374,[IPR] VOP Import of mass/salary file in iBank,8/20/25,18.57h,,,,,,,,,,,,,,,6071.73h,,18.57h,0.00h
,VDE19-373,[IPR] [Enabler] Technical investigation & system improvements after going live,,6094.98h,,,,,,,,,,,,,,,,,6094.98h,0.00h
,VDE19-372,[IPR] Flow Manager production setup,,3384.20h,0.00h,,,,,963.83h,1747.28h,,,,,,,,,,6095.32h,1747.28h
,VDE19-371,[IPR] VOP Mandatory Testing with EBA Clearing,10/1/25,577.13h,0.00h,,,,,0.00h,453.98h,,,,,,,5065.13h,,,1031.12h,453.98h
,VDE19-369,TEST: [TPH][EndToEnd] Incoming customer pacs.008 payment AGENT CHARGES camt.106,,1064.48h,,,,,,5197.40h,,,,,,,,,,,6261.88h,0.00h
,VDE19-368,TEST: [TPH][EndToEnd] Incoming customer pacs.008 payment EXCEPTIONS,,1064.58h,,,,,,5197.37h,,,,,,,,,,,6261.95h,0.00h
,VDE19-364,TEST: [TPH][EndToEnd] Incoming customer pacs.008 payment HAPPY PATH,3/30/26,1065.75h,0.00h,,,,,0.00h,4454.53h,,,,,,,742.87h,,,5520.28h,4454.53h
,VDE19-363,Payments execution during LT emergency,,524.32h,,,,,,5759.95h,,,,,,,,,,,6284.27h,0.00h
,VDE19-362,"Liquidity management, payments reconciliation during LT emergency",,884.97h,,,,,,5399.33h,,,,,,,,,,,6284.30h,0.00h
,VDE19-361,[IPR] Implement recovery process for BH worker,,195.68h,692.88h,,,,,1704.38h,3696.27h,,,,,,,,,,6289.22h,3696.27h
,VDE19-356,[IPR] Implement monitoring for BH and recovery process for BH tracker,,551.67h,0.00h,,,,,2231.73h,4510.28h,,,,,,,,,,7293.68h,4510.28h
,VDE19-355,[payment-services] create gRPC endpoint for VoP check,6/27/25,0.05h,,,,,,,,,,,,,,,7370.28h,,0.05h,0.00h
,VDE19-354,[IPR] Payment order data manager functional improvement for piloting stage,11/11/25,1465.62h,175.33h,,,,,306.72h,1366.53h,0.00h,,,,,,4075.83h,,,3314.20h,1366.53h
,VDE19-351,Migration of BPAY Ivy repositories to Artifactory,1/13/26,0.00h,2350.90h,,,,,120.38h,2289.70h,0.00h,,,,,,2561.40h,,,4760.98h,2289.70h
,VDE19-350,Enabler: [TPH] [MAINT] [PROD] Technical configuration,4/22/26,7224.77h,0.00h,,,,,168.45h,0.00h,0.00h,,,,,,191.85h,,,7393.22h,0.00h
,VDE19-349,TEST: [TPH] End-to-end Automation,,1157.78h,0.00h,,,,,0.00h,6427.63h,,,,,,,,,,7585.42h,6427.63h
,VDE19-348,[TPH BB IL] - Bookings service improvements,,2429.92h,0.00h,,,,,109.55h,5087.82h,,,,,,,,,,7627.28h,5087.82h
,VDE19-347,Enabler [Skyvault migration] BPAY services performance test on Skyvault and configuration tuning,,3218.02h,,,,,,4410.57h,,,,,,,,,,,7628.58h,0.00h
,VDE19-346,Enabler [Skyvault migration] Latency performance test and configuration tuning,1/12/26,67.18h,0.00h,,,,,4969.55h,0.00h,,,,,,,2591.97h,,,5036.73h,0.00h
,VDE19-345,Emergency Act LV testing,7/10/25,73.42h,142.63h,,,,,0.00h,361.57h,,,,,,,7056.55h,,,577.62h,361.57h
,VDE19-343,[IPR RB] Payment Party Identifier changes // iBank,10/22/25,0.03h,0.00h,,,,,216.47h,1699.75h,1300.52h,,,,,,4557.72h,,,3216.77h,3000.27h
,VDE19-342,EURO1 - Mandatory testing of new Usage Guidelines,11/24/25,0.22h,680.93h,,,,,1654.60h,1675.97h,,,,,,,3766.40h,,,4011.72h,1675.97h
,VDE19-341,[IPR] FLM holder channel impact on surrounding applications,1/16/26,2563.38h,0.00h,,,,,2544.45h,197.97h,0.02h,,,,,,2490.95h,,,5305.82h,197.98h
,VDE19-340,[IPR] Integration with Payment Limit service,10/23/25,0.63h,0.00h,,,,,1511.50h,1801.58h,41.28h,,,,,,4537.17h,,,3355.00h,1842.87h
,VDE19-339,[IPR RB] Mandatory User Acceptance Test >> STEP2,9/19/25,119.28h,1225.57h,,,,,675.88h,523.52h,,,,,,,5353.57h,,,2544.25h,523.52h
,VDE19-338,Enabler: [Skyvault migration] Application regression &performance testing,,2.18h,,,,,,7914.70h,,,,,,,,,,,7916.88h,0.00h
,VDE19-337,TARGET & EURO1 yearly releases 2025 - prio 2,1/12/26,0.10h,3696.82h,,,,,1627.77h,,,,,,,,,2592.95h,,5324.68h,0.00h
,VDE19-398,"Replace legacy ""h:table"" with ""ui-table"" component",11/5/25,,476.95h,2378.12h,,,,821.15h,22.18h,0.10h,,,,,,4220.05h,,,3698.50h,22.28h
,VDE19-336,[ISO] SWIFT Standard Release 2025 changes - prio 2,2/5/26,0.62h,5902.75h,,,,,0.12h,,,,,,,,,2015.53h,,5903.48h,0.00h
,VDE19-333,[IPR] Receive fraud screening result,,2336.28h,0.00h,,,,,2707.97h,2903.53h,,,,,,,,,,7947.78h,2903.53h
,VDE19-332,[IPR] VoP in payments services for channels consumption,6/18/25,330.52h,,,,,,285.85h,,,,,,,,,7586.13h,,616.37h,0.00h
,VDE19-330,[TPH BB IL] - Funds Update API improvements,1/27/26,0.20h,0.00h,,,,,2108.95h,4036.03h,0.02h,,,,,,2229.03h,,,6145.20h,4036.05h
,VDE19-329,[TPH BB IL] Create DP TPH State Sync app to clean up mismatches of data,3/23/26,1438.58h,0.00h,,,,,1223.22h,4801.27h,0.00h,,,,,,913.33h,,,7463.07h,4801.27h
,VDE19-327,[IPR] Introduce VoP check in LT Giro and payment cart in LT iBank Private,,526.45h,,2.80h,,,,7919.12h,,,,,,,,,,,8448.37h,0.00h
,VDE19-326,"Enabler [TPH] container for vulnerabilities, tech debt and other small improvements",,8448.63h,,,,,,,,,,,,,,,,,8448.63h,0.00h
,VDE19-325,[IPR] ensure possibility for Payment flow manager to request intrabank mass payment debiting/crediting from EPE,2/17/26,6817.57h,,,,,,,,,,,,,,,1721.62h,,6817.57h,0.00h
,VDE19-324,[IPR] ensure possibility for Payment flow manager to process and store mass payment header,3/10/26,406.13h,0.00h,,,,,4420.08h,2493.83h,0.00h,,,,,,1219.22h,,,7320.05h,2493.83h
,VDE19-323,[IPR] Reserve DP_ID and use it for business key at Flow Manager entry point,8/20/25,305.78h,,,,,,2166.27h,,,,,,,,,6067.40h,,2472.05h,0.00h
,VDE19-322,[IPR] Provide Payment order status update from Core DB to dedicated KAFKA topic,12/15/25,163.90h,2513.55h,,,,,2333.13h,266.98h,0.05h,,,,,,3262.60h,,,5277.62h,267.03h
,VDE19-321,[IPR] ensure possibility for Payment flow manager to process Payment order status update from CORE DB,2/3/26,406.97h,3115.08h,,,,,2089.60h,863.72h,0.00h,,,,,,2064.85h,,,6475.37h,863.72h
,VDE19-320,[TPH] Payment xsd new version 009 and XML payload to JSON,6/3/25,482.10h,20.58h,,,,,0.10h,454.38h,0.03h,,,,,,7946.62h,,,957.20h,454.42h
,VDE19-319,"[IPR RB] Payment Party Identifier changes // DB, Star & other",9/25/25,263.10h,0.00h,,,,934.00h,2524.27h,211.62h,,5209.53h,,3932.98h,2735.88h,,,,,,
,VDE19-316,[IPR] ensure possibility for Payment flow manager to decide on payment priority and out-channel using external service,10/29/25,962.27h,0.00h,,,,3408.27h,672.68h,0.02h,,4391.60h,,5043.23h,672.70h,,,,,,
,VDE19-315,[TPH] [CONFIG] [TPH DB] Roll-back and Replica,3/11/26,0.02h,2711.75h,,,,44.65h,5521.07h,0.02h,,1201.20h,,8277.50h,5521.08h,,,,,,
,VDE19-314,[TPH][Ibank] Provide outgoing payment message copy in iBank,,0.45h,,,,,9546.73h,,,,,,9547.18h,0.00h,,,,,,
,VDE19-313,[IPR RB] Implement the hybrid postal addresses format in FP,9/25/25,377.53h,454.50h,,,,1659.27h,1732.58h,162.12h,,5209.22h,,4386.00h,1894.70h,,,,,,
,VDE19-312,[IPR RB] Implement the hybrid postal addresses format for all payments types in iBank,11/8/25,645.55h,0.00h,,,,1391.30h,1699.70h,1704.55h,,4154.15h,,5441.10h,3404.25h,,,,,,
,VDE19-311,POC – Verify possibility to Deploy and run WebSphere Liberty application on Azure.,6/3/25,0.48h,1004.43h,,,,118.53h,533.95h,,,,7940.43h,1657.40h,533.95h,,,,,,
,VDE19-310,[IPR] Enabler: analyze new requirements to implement VoP check into Payment initiation forms,5/15/25,1367.42h,,,,,,,,,,8402.00h,1367.42h,0.00h,,,,,,
,VDE19-309,[IPR] (ON-HOLD) Introduce VoP check into e-invoice manual and automated payments in iBank,5/13/25,1362.65h,,,,,,,,,,8449.93h,1362.65h,0.00h,,,,,,
,VDE19-308,[IPR] iBank files: Introduce VoP verification and visualization for customers and ensure VoP OptOut / Opt In,2/20/26,2062.52h,0.00h,,,,4053.40h,2039.70h,0.00h,,1657.05h,,8155.62h,2039.70h,,,,,,
,VDE19-307,[IPR] Introduce VoP check into 'List of payments' in iBank Private and Business PB,3/19/26,1389.12h,0.02h,,,,3141.63h,4273.17h,0.00h,,1008.82h,,8803.93h,4273.17h,,,,,,
,VDE19-306,STAR: Beneficiary bank name is not retrieved from the system for SEPA cross border payments,,9883.53h,,,,,,,,,,,9883.53h,0.00h,,,,,,
,VDE19-304,[ISO] SWIFT Standard Release 2025 changes - prio 1,11/24/25,1104.63h,808.97h,,,,579.22h,3627.97h,0.00h,,3766.85h,,6120.78h,3627.97h,,,,,,
,VDE19-328,[TPH] [DEV] TPH component monitoring,9/8/25,,0.00h,3.00h,1434.40h,2.92h,671.40h,2112.02h,0.00h,46.53h,5613.58h,,4270.27h,2158.55h,,,,,,
,VDE19-303,"Swedbank Estonia Address Update: Payment blanks, Terms and Conditions etc",9/15/25,4530.33h,,,,,,,,,,5451.05h,4530.33h,0.00h,,,,,,
,VDE19-302,[IPR RB] Mandatory User Acceptance Test >> RT1,9/17/25,2424.80h,44.27h,,,,455.23h,1655.95h,,,5402.92h,,4580.25h,1655.95h,,,,,,
,VDE19-301,[IPR] Clean up after GO-LIVE,1/5/26,4582.70h,47.43h,,,,647.47h,770.57h,1185.28h,,2750.45h,,7233.45h,1955.85h,,,,,,
,VDE19-300,[IPR] Improve Payment services to expose required functionality for payment flow manager,1/15/26,409.62h,0.00h,,,,1272.80h,5109.08h,741.18h,,2521.98h,,7532.68h,5850.27h,,,,,,
,VDE19-394,[AA] Payments documents implementation in STAR & iBank,4/13/26,4679.30h,356.85h,,,,650.55h,4005.40h,0.00h,,408.05h,,9692.10h,4005.40h,,,,,,
,VDE19-299,[TPH] [Proscan] PACS.009 COV screening,5/30/25,0.57h,150.28h,,,,1941.87h,,,,,8035.25h,2092.72h,0.00h,,,,,,
,VDE19-298,New VAT rate in Estonia // 01.07.2025,5/8/25,2.12h,836.23h,,,,0.13h,406.02h,308.10h,,8570.83h,,1552.60h,714.12h,,,,,,
,VDE19-297,[IPR] ensure possibility for Payment flow manager to notify customer using notification center service,,7415.32h,51.98h,,,,2683.37h,,,,,,10150.67h,0.00h,,,,,,
,VDE19-295,[IPR] ensure possibility for Payment flow manager to exchange foreign currency using external service,11/24/25,5.80h,1636.72h,,,,4241.58h,502.70h,0.00h,,3767.23h,,6386.80h,502.70h,,,,,,
,VDE19-294,[IPR] ensure possibility for Payment flow manager to enrich payment order with customer data using external service,8/21/25,509.98h,0.00h,,,,2733.92h,864.15h,0.00h,,6046.15h,,4108.05h,864.15h,,,,,,
,VDE19-293,[IPR] ensure possibility for Payment flow manager to enrich payment order with account data using external service,8/29/25,5.80h,0.00h,,,,3213.30h,1076.32h,0.00h,,5858.83h,,4295.42h,1076.32h,,,,,,
,VDE19-290,TEST: [TPH][REGRESSION] IL API Test Automation,,8273.43h,,,,,2185.20h,,,,,,10458.63h,0.00h,,,,,,
,VDE19-289,[TPH] [PODM] Update Payment Order data Manager JSON structure,4/29/25,18.07h,0.00h,,,,148.90h,1530.70h,0.40h,,8785.65h,,1698.07h,1531.10h,,,,,,
,VDE19-288,[Dyn] Separating FX from payment transaction (enhanced customer experience),3/26/25,2.08h,0.00h,,,,17.12h,964.12h,0.00h,,9597.98h,,983.32h,964.12h,,,,,,
,VDE19-287,TEST: [TPH] Test Automation Framework Setup for UI,,2684.53h,,,,,8038.07h,,,,,,10722.60h,0.00h,,,,,,
,VDE19-285,TARGET & EURO1 yearly releases 2025 - prio 1,11/24/25,2832.38h,0.00h,,,,1147.67h,3024.28h,2.18h,,3766.88h,,7006.52h,3026.47h,,,,,,
,VDE19-283,[IPR] Left overs after IPR implementations that needs to be done (MVP2 - Post GoLive),,10915.47h,,,,,,,,,,,10915.47h,0.00h,,,,,,
,VDE19-281,[TPH] TPH and integration layer VPN3 whitelisting,,141.53h,0.67h,,,,5878.75h,4941.82h,,,,,10962.77h,4941.82h,,,,,,
,VDE19-280,Enabler: [IPR] Define the process for List of payments,5/15/25,2680.12h,,,,,,,,,,8402.35h,2680.12h,0.00h,,,,,,
,VDE19-279,[IPR] Create database and store the file data,6/19/25,28.95h,0.00h,,,,2671.30h,826.68h,0.00h,,7562.35h,,3526.93h,826.68h,,,,,,
,VDE19-274,Review the code in ibank to eliminate possible data leakage flaws,10/6/25,1464.23h,1491.90h,,,,0.03h,3083.90h,0.00h,,4946.50h,,6040.07h,3083.90h,,,,,,
,VDE19-273,[IPR] Configure already defined process of payment order from SGW orchestration in payment flow manager for Piloting,3/10/26,3192.25h,0.00h,,,,5209.37h,1487.07h,0.00h,,1219.83h,,9888.68h,1487.07h,,,,,,
,VDE19-272,[IPR RB] Implement the hybrid postal addresses format for all payments types in STAR,9/4/25,1679.00h,0.00h,,,,267.97h,3474.10h,27.28h,,5711.92h,,5448.35h,3501.38h,,,,,,
,VDE19-271,[IPR] Report final statuses,,29.68h,0.00h,,,,2658.45h,8472.50h,,,,,11160.63h,8472.50h,,,,,,
,VDE19-269,[TPH] [CORE DB] CORE reports changes based on TPH outgoing flow - ONLY TESTING?,,11399.43h,,,,,,,,,,,11399.43h,0.00h,,,,,,
,VDE19-265,Enabler: [TPH] [TESTING] TPH delivery CRs,,11568.32h,,,,,,,,,,,11568.32h,0.00h,,,,,,
,VDE19-264,[TPH] Paying Agent Charges,,11734.25h,,,,,,,,,,,11734.25h,0.00h,,,,,,
,VDE19-262,[TPH][Ibank] Fraud Rules checking in IFM-X for outgoing cross-border payments,,11924.17h,,,,,,,,,,,11924.17h,0.00h,,,,,,
,VDE19-261,[TPH] Reversal transaction flow (TPH REJECT) using Flow Manager,,11924.18h,,,,,,,,,,,11924.18h,0.00h,,,,,,
,VDE19-260,[IPR] Changes in SMART form payment initiation in iBank (Post GoLive),1/6/26,9196.63h,,,,,,,,,,2730.73h,9196.63h,0.00h,,,,,,
,VDE19-259,[TPH] SWIFT Ref relationship file,3/28/25,2401.15h,,,,,,,,,,9546.98h,2401.15h,0.00h,,,,,,
,VDE19-258,[TPH][STAR] Create ultimate payment search,,11948.23h,,,,,,,,,,,11948.23h,0.00h,,,,,,
,VDE19-257,[TPH][STAR] Cancellation of payment in STAR,,11948.27h,,,,,,,,,,,11948.27h,0.00h,,,,,,
,VDE19-256,[TPH] Flow Manager integration and configuration for payment initiation,,11948.30h,,,,,,,,,,,11948.30h,0.00h,,,,,,
,VDE19-255,"[TPH][CORE DB] Ibank, Open Bank, SGW MT101 outgoing payments - notify Flow Manager",,11949.40h,,,,,,,,,,,11949.40h,0.00h,,,,,,
,VDE19-254,[TPH] Ensure Trafis payments flow after TPH implementation,1/3/25,407.63h,,,,,,,,,,11563.55h,407.63h,0.00h,,,,,,
,VDE19-253,[TPH][CORE DB] Comparison reports - ONLY TESTING?,,11971.42h,,,,,,,,,,,11971.42h,0.00h,,,,,,
,VDE19-252,[TPH][STAR] Outgoing payment information in STAR,,11971.47h,,,,,,,,,,,11971.47h,0.00h,,,,,,
,VDE19-251,[TPH] Regulatory reporting changes based on TPH outgoing flow - ONLY TESTING?,,11971.52h,,,,,,,,,,,11971.52h,0.00h,,,,,,
,VDE19-250,[TPH] Operational reporting changes based on TPH outgoing flow,,11971.65h,,,,,,,,,,,11971.65h,0.00h,,,,,,
,VDE19-249,[TPH] Booking API changes,,11971.70h,,,,,,,,,,,11971.70h,0.00h,,,,,,
,VDE19-248,[TPH] Funds update API changes,,11971.72h,,,,,,,,,,,11971.72h,0.00h,,,,,,
,VDE19-245,[IPR] Additional adjustments in iBank/Star,5/29/25,1652.55h,0.40h,,,,676.55h,1344.53h,359.45h,,8059.77h,,4033.48h,1703.98h,,,,,,
,VDE19-244,[IPR] Cleanup after outgoing Cross-border instant payments go-live,,2497.27h,9551.47h,,,,44.58h,,,,,,12093.32h,0.00h,,,,,,
,VDE19-284,[IPR] Payment initiation improvements,1/6/26,4680.75h,2329.95h,1302.13h,,,1029.98h,,,,,2730.75h,9342.82h,0.00h,,,,,,
,VDE19-242,Enabler: [TPH] [MAINT] [PROD] Manual data files management,,2735.30h,,,,,9433.70h,,,,,,12169.00h,0.00h,,,,,,
,VDE19-241,[IPR] Enable/activate cross-border instant payments,6/12/25,2616.87h,1508.48h,,,,66.47h,240.80h,70.60h,,7731.62h,,4503.22h,311.40h,,,,,,
,VDE19-239,Name of Feature: <Provide a brief and clear title for the Feature> >>NO DEPLOYMENT<<,,12252.77h,,,,,,,,,,,12252.77h,0.00h,,,,,,
,VDE19-236,Name of Feature: <Provide a brief and clear title for the Feature> >>DEPLOYMENT REQUIRED<<,,12237.85h,,,,,2.35h,,,,,,12240.20h,0.00h,,,,,,
,VDE19-234,[TPH] Create Payment Initiator API for creating payments in TPH,,1081.17h,,,,,11226.85h,,,,,,12308.02h,0.00h,,,,,,
,VDE19-266,[TPH] Test Automation Framework Setup for APIs,2/10/25,238.67h,164.50h,841.42h,,,362.93h,142.62h,0.00h,,10657.43h,,1750.13h,142.62h,,,,,,
,VDE19-232,TEST: [TPH] TPH delivery CRs,,571.58h,322.85h,,,,1530.62h,10075.72h,,,,,12500.77h,10075.72h,,,,,,
,VDE19-222,[IPR] Adjust Cross-border Instant payments reporting,1/23/25,2.25h,0.00h,,,,217.65h,1128.23h,190.48h,,11085.83h,,1538.62h,1318.72h,,,,,,
,VDE19-223,[TPH] [MAINT] [PROD] TPH Business configuration,,2545.22h,,42.72h,,,10056.55h,,,,,,12644.48h,0.00h,,,,,,
,VDE19-221,[IPR] Onboard File Handler application to Andromeda,9/19/25,0.07h,0.00h,,,,4397.87h,3039.12h,0.03h,,5349.92h,,7437.08h,3039.15h,,,,,,
,VDE19-220,[TPH] [REF] [PROD] RTGS Directory is made available for TPH,12/19/24,23.52h,526.38h,,,,0.00h,310.73h,0.00h,,11929.63h,,860.63h,310.73h,,,,,,
,VDE19-219,[TPH] [ISOX] Enable value date correction for outgoing pacs.004 in iso-exchange,3/7/25,0.07h,335.57h,,,,70.97h,2279.22h,98.00h,,10056.45h,,2783.82h,2377.22h,,,,,,
,VDE19-218,[IPR] (ON-HOLD) initiate payments based on payment order data using Payment initiator towards EPE and SEPA-X (MVP2 - Post GoLive),,9979.52h,,,,,2823.17h,,,,,,12802.68h,0.00h,,,,,,
,VDE19-217,"[IPR] use single data store to capture, manage and view payments through Bank Components",10/6/25,0.02h,0.05h,,,,1768.03h,6138.47h,0.00h,,4944.83h,,7906.57h,6138.47h,,,,,,
,VDE19-215,[TPH] Funds Update API (returns),6/11/25,2091.25h,148.47h,,,,1388.98h,1536.73h,1.00h,,7746.48h,,5166.43h,1537.73h,,,,,,
,VDE19-213,[TPH] Funds Update API to use payment order data manager API,1/27/26,647.43h,149.08h,,,,2832.17h,7052.90h,0.00h,,2231.33h,,10681.58h,7052.90h,,,,,,
,VDE19-208,Enabler: [TPH] [MAINT] Service Offering review (Recovery plan & BCP & SPOF..),,2859.00h,,,,,10076.50h,,,,,,12935.50h,0.00h,,,,,,
,VDE19-207,[TPH] [REF] [PROD] ECB and national CB FX rate upload to TPH,12/20/24,0.05h,695.22h,,,,0.08h,335.88h,0.00h,,11904.48h,,1031.23h,335.88h,,,,,,
,VDE19-203,WTR new requirements (2025),,4030.75h,3265.45h,,,,5684.33h,,,,,,12980.53h,0.00h,,,,,,
,VDE19-198,[TPH] [MQ] [Proscan] Risk rules screening in Porscan using appid,6/12/25,1727.12h,149.80h,,,,616.58h,1339.88h,218.72h,,7726.33h,1515.23h,4052.10h,1558.60h,,,,,,
,VDE19-197,Payments area iBank page web component refactoring - replace local to global web components.,9/11/25,912.75h,0.03h,,,,0.10h,6889.33h,0.00h,,5542.15h,,7802.22h,6889.33h,,,,,,
,VDE19-180,[IPR] To enable Nice Actimize rejection from list of payments for corporate customers,3/25/25,4010.08h,,,,,0.02h,,,,,9618.62h,4010.10h,0.00h,,,,,,
,VDE19-73,[IPR] To enable Nice Actimize rejection from list of payments for private customers,6/16/25,647.82h,644.02h,,,,3527.05h,1175.85h,0.12h,,7634.00h,,5994.85h,1175.97h,,,,,,
,VDE19-104,[TPH] [MQs] [Proscan] Sanctions & Risk Rules Screening in PROD,9/4/25,0.00h,3646.98h,,,,725.77h,3569.48h,0.02h,,5715.13h,,7942.25h,3569.50h,,,,,,
,VDE19-43,[IPR] Clean up code after go live of cross-border SEPA payments in SMART form,3/12/26,8520.78h,1466.67h,,,,0.00h,1849.47h,738.38h,,1178.43h,,12575.30h,2587.85h,,,,,,
,VDE19-124,[Prep-NiceActimize] Onboarding BpayStream app in Kafka Enterprise platform,2/27/25,361.55h,447.67h,,,,585.32h,2330.83h,0.00h,,10245.28h,,3725.37h,2330.83h,,,,,,
,VDE19-51,[SEPA FLM] Production findings and improvements required for one SEPA flow,1/23/25,0.00h,310.98h,,,,1102.83h,1348.53h,168.18h,,11085.80h,,2930.53h,1516.72h,,,,,,
,VDE19-156,[IPR] Enabler: analyze new Instant Payment changes impact on Bank Link,7/17/25,5260.93h,0.00h,,,,0.00h,0.02h,,,8733.92h,,5260.95h,0.02h,,,,,,
,VDE19-120,[IPR] Adjust supporting processes for SEPA Instant payments in STAR App,,4341.08h,,,,,9741.55h,,,,,,14082.63h,0.00h,,,,,,
,VDE19-40,[IPR] Include SEPA Instant payments in STAR (Privates and Corporates) for foreign payments,3/20/25,4336.95h,,,,,,,,,,9745.70h,4336.95h,0.00h,,,,,,
,VDE19-60,[IPR] Implement VoP check into Payment initiation forms for SEPA & SEPA Instant in STAR App,,12187.28h,,,,,1896.37h,,,,,,14083.65h,0.00h,,,,,,
,VDE19-94,[IPR] Introduce VoP check into Standing order agreements in iBank Private and Business PB,,5637.70h,1553.75h,,,,3415.68h,3428.53h,,,,,14035.67h,3428.53h,,,,,,
,VDE19-88,[IPR] Introduce VoP check in customer defined payments in iBank Private and Business PB,,6160.55h,,,,,5713.05h,,,,,2210.10h,11873.60h,0.00h,,,,,,
,VDE19-117,[IPR] Introduce VoP check in SmartForm in 'Domestic/ European' payment tab - PB iBank Private and Business,11/11/25,5637.85h,0.00h,,,,2065.43h,2303.65h,0.00h,,4076.87h,,10006.93h,2303.65h,,,,,,
,VDE19-82,[IPR RB] Refund the account within 10s if Payment had failed,6/13/25,4942.83h,,,,,1440.50h,,,,,7704.62h,6383.33h,0.00h,,,,,,
,VDE19-132,[IPR] Adjust payment processes and warning messages in iBank for SEPA Instant Payment Limits,11/20/25,3000.28h,0.00h,,,,5519.40h,652.82h,1050.90h,,3864.58h,,10223.40h,1703.72h,,,,,,
,VDE19-172,[IPR] Temporary block Instant Payments for customers under alert investigation,6/25/25,3556.95h,0.00h,,,,670.97h,1339.33h,1055.57h,,7417.23h,,6622.82h,2394.90h,,,,,,
,VDE19-70,[IPR] GO-LIVE >> 05 of October 2025,10/9/25,7654.02h,0.00h,,,,889.83h,358.73h,334.52h,,4875.00h,,9237.10h,693.25h,,,,,,
,VDE19-133,"[IPR RB] RT1, STEP2 & TIPS yearly releases 2025",7/17/25,4466.27h,0.00h,,,,380.05h,1469.98h,931.30h,,6888.52h,,7247.60h,2401.28h,,,,,,
,VDE19-116,[IPR RB] Adjust instant payment processing timing (7 sec.) for Incoming & Outgoing flow,9/25/25,4943.48h,936.27h,,,,1610.27h,1199.23h,213.33h,,5209.55h,,8902.58h,1412.57h,,,,,,
,VDE19-106,[IPR] Include SEPA Instant payments in Standing Order payments,,14088.20h,,,,,,,,,,,14088.20h,0.00h,,,,,,
,VDE19-106,[IPR] Include SEPA Instant payments in Standing Order payments,,14088.22h,,,,,,,,,,,,,,,,14088.22h,0.00h,
,VDE19-56,[IPR] Implement SEPA Instant domestic & cross-border payments in STAR App,,4346.67h,,,,,,,,9741.58h,,,,,,,,14088.25h,0.00h,
,VDE19-164,"[IPR] Have fraud  rejection  for  payments initiated from ""list of payments""",2/6/25,3335.82h,,,,,,,,,,,,,,10752.47h,,14088.28h,10752.47h,
,VDE19-86,[IPR] Send payments from batches to fraud screening,12/15/25,4612.65h,0.00h,,,,,,,1049.40h,5163.02h,0.00h,,,,,3263.20h,10825.07h,5163.02h,
,VDE19-111,[IPR] Integrate instant payments working functionality in Swedbank Gateway,,14020.63h,67.58h,,,,,,,0.10h,,,,,,,,14088.32h,0.00h,
,VDE19-179,[IPR] Integrate instant payments working functionality  in Ibank for Mass payments,,5474.12h,0.00h,,,,,,,8282.65h,331.58h,,,,,,,14088.35h,331.58h,
,VDE19-61,[IPR] Integrate Instant payments working functionality in Ibank in List of payments,,5617.43h,0.00h,,,,,,,6286.32h,2184.60h,,,,,,,14088.35h,2184.60h,
,VDE19-144,[IPR] Integrate instant payments working functionality in Ibank in file import ,,8476.37h,0.00h,,,,,,,5280.40h,331.58h,,,,,,,14088.35h,331.58h,
,VDE19-55,[IPR] ensure possibility for Payment flow manager to throttle instant payments towards beneficiary banks using external service,,14088.40h,,,,,,,,,,,,,,,,14088.40h,0.00h,
,VDE19-83,[IPR] Manage the file archive (MVP2 - Post GoLive),,14088.43h,,,,,,,,,,,,,,,,14088.43h,0.00h,
,VDE19-125,[IPR] Track processing progress (incoming),3/20/26,3869.07h,0.00h,,,,,,,1746.62h,7492.03h,0.00h,,,,,980.68h,13107.72h,7492.03h,
,VDE19-135,[IPR] Broadcast file processing events (MVP2 - Post GoLive),,14088.47h,,,,,,,,,,,,,,,,14088.47h,0.00h,
,VDE19-145,[IPR] Validate the file and submit payments to FLM for processing,2/13/26,2957.52h,0.00h,,,,,,,2519.28h,6791.90h,0.03h,,,,,1819.70h,12268.73h,6791.93h,
,VDE19-105,Enabler: [TPH] Discover and define second flow - outgoing payments towards to TPH,1/19/26,11669.43h,,,,,,,,,,,,,,2419.08h,,14088.52h,2419.08h,
,VDE19-78,[IPR] [Enabler] Define the process for payment orders from the files,5/7/25,1154.38h,0.00h,,,,,,,4341.45h,0.00h,,,,,,8592.67h,5495.83h,0.00h,
,VDE19-66,[IPR] Broadcast events to initiatiors about changes of payment order orchestration,12/9/25,2207.90h,548.98h,,,,,,,5765.70h,1363.93h,749.85h,,,,,3404.13h,10636.37h,2113.78h,
,VDE19-148,[IPR] Capture payment order data and start orchestration,1/27/26,2861.78h,0.00h,,,,,,,4315.70h,2757.03h,1920.35h,,,,,2233.67h,11854.87h,4677.38h,
,VDE19-87,[IPR] Define common payment order orchestration process,12/2/24,1757.12h,,,,,,,,,,,,,,12331.47h,,14088.58h,12331.47h,
,VDE19-149,[IPR] ensure possibility for Payment flow manager to initiate book keeping transactions using external services (Mass Payment),1/9/26,10681.83h,,,,,,,,700.07h,,,,,,2658.70h,,14040.60h,2658.70h,
,VDE19-153,[IPR] ensure possibility for Payment flow manager to check payment order duplicity and store payment order using external service,1/9/26,4444.60h,0.00h,,,,,,,2708.33h,4276.90h,0.00h,,,,,2658.77h,11429.83h,4276.90h,
,VDE19-134,[IPR] (ON-HOLD)Make decisions based on business rules,8/19/25,7995.13h,,,,,,,,,,,,,,6093.50h,,14088.63h,6093.50h,
,VDE19-168,[IPR] ensure possibility for Payment flow manager to initiate payment towards payment execution engines using external services,1/16/26,5812.23h,818.93h,,,,,,,3215.50h,87.37h,1663.15h,,,,,2491.42h,11597.18h,1750.52h,
,VDE19-47,[IPR] reading and writing outgoing payment order's data using Payment order data manager,6/20/25,1876.63h,0.00h,,,,,,,2207.88h,2445.72h,0.00h,,,,,7534.42h,6530.23h,2445.72h,
,VDE19-76,[IPR] ensure possibility for Payment flow manager to request and book Mass Payment fees from external services,,13366.30h,,,,,,,,722.37h,,,,,,,,14088.67h,0.00h,
,VDE19-137,[IPR] (ON-HOLD) validate payment order data using Payment order validator (MVP2 - Post GoLive),,11086.53h,,,,,,,,2954.20h,,,,,,,,14040.73h,0.00h,
,VDE19-39,[IPR] ensure possibility for Payment flow manager to consume SGW payment order limits using external service,3/10/26,3307.07h,0.00h,,,,,,,7977.40h,1488.57h,0.00h,,,,,1219.68h,12773.03h,1488.57h,
,VDE19-74,[IPR] ensure possibility for Payment flow manager to check service limitations using external services,8/29/25,3287.97h,0.00h,,,,,,,3770.05h,1075.90h,0.02h,,,,,5858.88h,8133.93h,1075.92h,
,VDE19-41,[IPR] ensure possibility for Payment flow manager to verify executability of payment order using external services,11/7/25,4342.95h,0.00h,,,,,,,5263.77h,256.98h,0.02h,,,,,4177.13h,9863.72h,257.00h,
,VDE19-77,[IPR] Deploy Camunda 7 as orchestrator for payment flow manager,3/26/26,2862.10h,0.00h,,,,,,,6715.50h,3669.65h,0.00h,,,,,841.62h,13247.25h,3669.65h,
,VDE19-38,"[IPR] Prepare activation of cross border Inst payments in Ibank in SMART form, in Mobile App and Open Bank for all customers",4/3/25,767.12h,0.00h,,,,,,,916.27h,1315.52h,1682.80h,,,,,9407.28h,4681.70h,2998.32h,
,VDE19-63,[IPR] Receive file metadata from SGW,5/6/25,2958.20h,0.00h,,,,,,,2519.25h,0.00h,0.00h,,,,,8611.70h,5477.45h,0.00h,
,VDE19-166,[IPR] Enabler: align new business process for instant payment performance via STAR App,4/22/25,696.68h,0.00h,,,,,,,4626.43h,0.00h,,,,,,8953.55h,5323.12h,0.00h,
,VDE19-150,[IPR] Enabler: analyze new requirements for Instant Payments limits,7/17/25,476.13h,0.00h,,,,,,,4849.22h,0.00h,,,,,,8927.53h,5325.35h,0.00h,
,VDE19-177,[Prep-NiceActimize] Maintenance: implement Error handling process for BpayStreaming app,1/23/25,0.13h,834.52h,172.03h,,,,,,720.10h,1278.55h,238.22h,,,,,11085.80h,3243.55h,1516.77h,
,VDE19-58,[TPH] Account Check service enhancements,12/5/24,0.00h,329.93h,,,,,,,1543.67h,337.75h,0.02h,,,,,12263.58h,2211.37h,337.77h,
,VDE19-165,[FLM] Enabler: assess open source orchestration solutions,12/19/24,0.43h,21.17h,379.32h,700.40h,,,,,0.03h,1493.60h,,,,,,11922.33h,2594.95h,1493.60h,
,VDE19-162,TEST: [TPH] Non-functional testing,,1656.65h,,,,,,,,13029.97h,,,,,,,,14686.62h,0.00h,
,VDE19-110,[Prep-NiceActimize] Create BpayStream integration application,11/4/24,360.90h,,169.67h,94.92h,,,,,24.87h,1174.13h,0.00h,,,,,13009.77h,1824.48h,1174.13h,
,VDE19-49,Enabler: [TPH] Test automation suite,1/3/25,1415.00h,,,,,,,,1846.27h,,,,,,11566.17h,,14827.43h,11566.17h,
,VDE19-118,[TPH][ISOX] TPH outgoing payment related messages flow with ISO_exchange,,1171.88h,,,,,,,,14017.63h,,,,,,,,15189.52h,0.00h,
,VDE19-57,[IPR] Apply risk rules for cross-border Instant payments,2/25/25,2321.72h,0.00h,,,,,,,939.72h,2016.25h,91.00h,,,,,10298.38h,5368.68h,2107.25h,
,VDE19-52,[IPR] Special prices for SEPA and SEPA Instant payments,12/2/24,1177.88h,0.00h,,,,,,,2059.70h,264.45h,407.63h,,,,,12337.25h,3909.67h,672.08h,
,VDE19-91,[IPR] Changes in STAR due to unification of cross-border and domestic SEPA payments,1/15/25,0.00h,,1225.05h,454.40h,,,,,1006.65h,1370.20h,1031.62h,,,,,11281.22h,5087.92h,2401.82h,
,VDE19-64,[TPH][STAR] Debit from customer additional fee in case of fee type is OUR (DEBT),,16443.93h,,,,,,,,,,,,,,,,16443.93h,0.00h,
,VDE19-89,[TPH] [PROD] TPH system installation and configuration,11/6/24,1697.93h,,531.33h,308.50h,,,,,0.08h,988.17h,0.00h,,,,,12957.40h,3526.02h,988.17h,
,VDE19-114,[TPH] Providing TPH incoming payment information to the user in channels,4/10/25,2564.03h,1321.03h,,,,,,,1702.68h,1371.58h,306.02h,,,,,9244.83h,7265.35h,1677.60h,
,VDE19-96,[TPH] Incoming MT910 message processing in TPH,5/21/25,2850.32h,167.65h,,,,,,,4222.42h,1014.82h,0.02h,,,,,8251.65h,8255.22h,1014.83h,
,VDE19-71,[TPH][CORE DB] Store STAR outgoing payments in DP table and notify Flow Manager,,16534.93h,,,,,,,,,,,,,,,,16534.93h,0.00h,
,VDE19-121,RT1 yearly releases 2024,11/7/24,1851.78h,,167.75h,597.05h,,,,,236.70h,436.68h,308.25h,,,,,12936.82h,3598.22h,744.93h,
,VDE19-45,[TPH] [Kafka service] Update Payment information from Kafka in ISOX,4/8/25,1.83h,,340.68h,337.40h,,,,,2199.90h,4386.57h,150.67h,,,,,9283.85h,7417.05h,4537.23h,
,VDE19-99,Enabler: [TPH] BB TPH IL - Kafka service for storing payment in DP table (plan B for reports),3/27/25,6329.70h,,,,,,,,820.22h,,,,,,9575.18h,,16725.10h,9575.18h,
,VDE19-151,[TPH] SIAM/SNAP integration with TPH,4/7/25,3316.03h,1005.02h,,,,,,,2039.18h,1104.07h,0.00h,,,,,9312.40h,7464.30h,1104.07h,
,VDE19-53,Enabler: [TPH] Pre-Production & Piloting activities,,912.53h,,0.00h,,0.05h,,,,15933.93h,,,,,,,,16846.52h,0.00h,
,VDE19-171,[IPR] Revisit and optimize code of SEPA application,4/10/25,6673.30h,138.48h,,,,,,,0.18h,702.63h,135.02h,,,,,9243.63h,7649.62h,837.65h,
,VDE19-107,[IPR] Split SEPA exchange application in to 2 “Virtual” instances dedicated for “Normal” and “Instant” message processing,2/27/25,283.17h,,0.00h,118.48h,,,,,366.25h,5857.53h,0.00h,,,,,10243.87h,6625.43h,5857.53h,
,VDE19-112,[TPH] GUI to manage risk rules checking manual cases,1/3/25,5377.83h,,,,,,,,,,,,,,11566.98h,,16944.82h,11566.98h,
,VDE19-100,Enabler [SLA]: prod BUG fixes & small improvements,,3608.28h,0.00h,,,,,,,0.07h,13337.78h,,,,,,,16946.13h,13337.78h,
,VDE19-79,[TPH] [BB TPH IL] - Account Check API to consume Namecheck Service,12/16/24,2516.58h,,312.28h,310.47h,,,,,0.85h,1779.62h,0.00h,,,,,11998.98h,4919.80h,1779.62h,
,VDE19-90,[TPH] Payment Order Data Manager & API to store TPH payment in CORE DB,3/25/25,288.82h,,306.28h,313.87h,,,,,2236.60h,4199.17h,0.00h,,,,,9623.97h,7344.73h,4199.17h,
,VDE19-131,[TPH] [CORE DB] Update CORE reports and procedures regarding Incoming TPH payments,12/9/25,8878.23h,0.00h,,,,,,,4729.12h,0.00h,0.00h,,,,,3408.12h,13607.35h,0.00h,
,VDE19-140,Enabler [TPH] Create system documentation in WIKI and update W670 Service Offering,,532.75h,,0.00h,,,,,,16482.90h,,,,,,,,17015.65h,0.00h,
,VDE19-147,[TPH] Monitoring/ Logging setup for TPH (all environments),,2569.40h,608.93h,,,,,,,4577.65h,9283.72h,,,,,,,17039.70h,9283.72h,
,VDE19-155,[TPH] User roles - Payments Operations in TPH UI,,3718.12h,2548.32h,440.50h,,,,,,3977.92h,6258.90h,,,,,,,16943.75h,6258.90h,
,VDE19-75,"[Dyn] Include TPH payments into swift services camt.052, camt.053, camt.054",4/24/25,8136.18h,,,,,,,,,,,,,,8899.35h,,17035.53h,8899.35h,
,VDE19-170,[TIDY: Local Disposal] One time data deletion of Payment product's data where AML law is not applicable,,17036.10h,,,,,,,,,,,,,,,,17036.10h,0.00h,
,VDE19-113,[TPH] Include TPH payments to Customer Statement,7/29/25,3955.78h,1331.58h,,,,,,,1932.95h,3117.92h,0.95h,,,,,6602.15h,10339.18h,3118.87h,
,VDE19-152,[TIDY: Local Disposal] Local Disposal Mechanism rules implementation in Payments area // Filebarn,,14030.10h,,,,,,,,2935.30h,,,,,,,,16965.40h,0.00h,
,VDE19-167,[TPH] [CORE DB] Include TPH payments to Nostro Statement,12/18/24,554.52h,,504.62h,430.95h,,,,,1724.17h,1872.02h,0.00h,,,,,11951.10h,5086.27h,1872.02h,
,VDE19-178,[TPH] [CORE DB] [FT] Include TPH payments to Comparison report,6/12/25,2947.85h,280.12h,,,,,,,4547.30h,1319.67h,168.18h,,,,,7726.32h,9263.12h,1487.85h,
,VDE19-174,[TPH] [REF] [PPTE] RTGS Directory is made available for TPH,11/27/24,171.65h,,0.02h,0.00h,,,,,1771.72h,2591.37h,0.02h,,,,,12457.63h,4534.77h,2591.38h,
,VDE19-122,[TPH] [REF] [PPTE] ECB and national CB FX rate upload to TPH,11/7/24,242.22h,0.00h,0.22h,0.00h,,,,,1701.45h,2113.28h,0.22h,,,,,12935.10h,4057.38h,2113.50h,
,VDE19-129,[TPH][REF][PPTE][PROD] Upload RMA from SWIFT central repository to TPH,12/19/24,2526.97h,,284.78h,32.00h,,,,,92.15h,2129.90h,0.00h,0.80h,,,,11926.15h,5066.60h,2130.70h,
,VDE19-67,[SEPA FLM] SEPA Payments service offering review,2/21/25,3962.40h,2546.32h,0.00h,,,,,,172.53h,209.87h,,,,,,10389.37h,6891.12h,209.87h,
,VDE19-59,[TIDY: Local Disposal] Local Disposal Mechanism rules implementation in Payments area // Products,,13940.97h,,,,,,,,3602.65h,,,,,,,,17543.62h,0.00h,
,VDE19-130,[TIDY: Local Disposal] Local Disposal Mechanism implementation in Payments area,,17639.65h,,,,,,,,,,,,,,,,17639.65h,0.00h,
,VDE19-119,Enabler: [TIDY: Local Disposal] Defining data retention/ deletion rules for Baltic Payments area service offerings,,13772.27h,,,,,,,,3795.42h,,,,,,,,17567.68h,0.00h,
,VDE19-95,[TPH] Data loadings for Reporting Reconciliation in EAP,1/28/26,7487.50h,149.13h,,,,,,,4453.13h,3510.47h,,,,,,2204.65h,15600.23h,3510.47h,
,VDE19-44,5. [TIDY Agr Summ] Data enrichment,,1369.28h,13437.17h,2110.13h,,,,,,892.17h,,,,,,,,17808.75h,0.00h,
,VDE19-54,4. [TIDY Agr Summ] Integration with Accounts API,,2234.93h,13437.15h,1344.97h,,,,,,863.75h,,,,,,,,17880.80h,0.00h,
,VDE19-80,3. [TIDY Agr Summ] Application integration with Oracle Database,,2234.95h,13076.65h,2109.93h,,,,,,26.80h,360.50h,,,,,,,17808.83h,360.50h,
,VDE19-146,"1. [TIDY Agr Summ] DB: prepare Oracle triggers, procedures & AQ tables",3/26/26,0.50h,10173.63h,3049.28h,,,,,,1346.05h,2230.52h,190.62h,,,,,842.33h,16990.60h,2421.13h,
,VDE19-141,[TPH][CORE DB] Store Standing Orders outgoing payment in DP and notify Flow Manager,,18284.47h,,,,,,,,,,,,,,,,18284.47h,0.00h,
,VDE19-127,0. [TIDY Agr Summ] Payment Products Data quality improvements & one-time Data cleaning // Phase 1,11/7/24,6.80h,,2614.18h,94.93h,,,,,398.13h,1949.43h,308.28h,,,,,12936.82h,5371.77h,2257.72h,
,VDE19-161,[TPH] [BB TPH IL] - Namecheck API,12/2/24,809.58h,,0.00h,0.00h,,,,,2567.32h,2718.97h,0.00h,,,,,12330.47h,6095.87h,2718.97h,
,VDE19-128,[IPR] Store all defined payments in one place,2/19/25,0.02h,,979.92h,454.42h,,,,,3507.30h,3242.12h,0.00h,,,,,10440.90h,8183.77h,3242.12h,
,VDE19-176,Enabler: Regular PBREL payment services performance testing,,4827.75h,,0.03h,0.25h,,,,,0.05h,13838.87h,,,,,,,18666.95h,13838.87h,
,VDE19-92,[ISO20022] Agent charges management MT to ISO 2024 (CBPR+ flow),11/11/24,1506.03h,,863.38h,284.02h,,,,,2212.42h,1036.23h,99.30h,,,,,12834.55h,6001.38h,1135.53h,
,VDE19-84,"Instant payments - Temporary instant payment sending out switching off in case of incident in other bank, Revolut. (LT, LV).",2/12/25,8252.55h,,,,,,,,,,,,,,10605.45h,,18858.00h,10605.45h,
,VDE19-157,TARGET & EURO1 yearly releases 2024,11/7/24,1579.65h,,0.00h,0.00h,,,,,2114.45h,2073.85h,87.10h,,,,,12936.80h,5855.05h,2160.95h,
,VDE19-97,[IPR] Enable cross-border SEPA payments in SMART form,4/15/25,1657.53h,,2472.00h,0.17h,,,,,860.55h,4342.85h,674.47h,,,,,9119.97h,10007.57h,5017.32h,
,VDE19-72,BPAY Innovation Backlog,,11658.27h,2561.98h,0.00h,0.00h,,,,,0.03h,5049.20h,,,,,,,19269.48h,5049.20h,
,VDE19-159,New Pricing of High Risk Country Payments,3/11/25,454.52h,,691.13h,1.47h,,,,,820.92h,7511.90h,0.00h,,,,,9960.40h,9479.93h,7511.90h,
,VDE19-115,[TPH] Payments Operational Reporting and Archiving,,11281.50h,,,,,,,,8209.28h,,,,,,,,19490.78h,0.00h,
,VDE19-50,[Dyn] Nice Actimize IFM-X [AFC domain],,19631.65h,,,,,,,,,,,,,,,,19631.65h,0.00h,
,VDE19-62,[TPH] Implement FCP screening flow distributor for Risk rules,1/3/25,8064.72h,,,,,,,,,,,,,,11566.97h,,19631.68h,11566.97h,
,VDE19-173,[TPH] Adapter/Connector for TPH API Gateway,2/13/25,9053.03h,,,,,,,,,,,,,,10578.67h,,19631.70h,10578.67h,
,VDE19-102,[TPH] Payment Event Interfaces for GDW [BI analytics domain],,5303.37h,295.05h,,,,,,,8414.15h,5715.13h,,,,,,,19727.70h,5715.13h,
,VDE19-175,[TPH] [MQs] TPH incoming payment related messages flow with ISO Exchange,6/17/25,314.93h,,0.00h,0.00h,,,,,4219.32h,7466.98h,0.00h,,,,,7606.47h,12001.23h,7466.98h,
,VDE19-108,[TPH] [MQ] [Kafka service] IWH feed via MQ to Kafka from TPH,4/8/25,4461.62h,,291.35h,0.02h,,,,,720.22h,4699.98h,150.65h,,,,,9283.87h,10323.83h,4850.63h,
,VDE19-142,[TPH BB IL] - Bookings Service,11/19/25,3313.42h,148.15h,,,,,,,6885.95h,5399.45h,0.02h,,,,,3884.78h,15746.98h,5399.47h,
,VDE19-126,"[TPH] [MQs] [Proscan] Sanctions & Risk Rules Screening DEV, TEST, PPTE",3/5/25,2858.42h,,0.00h,0.00h,,,,,1676.00h,4969.97h,1.12h,,,,,10102.28h,9505.50h,4971.08h,
,VDE19-42,"[TPH] [BB TPH IL] - Funds Update API (no returns, no payment creation)",4/2/25,3672.10h,,309.30h,313.78h,,,,,1513.48h,4390.80h,0.00h,,,,,9432.32h,10199.47h,4390.80h,
,VDE19-68,TEST: [TPH][EndToEnd] Incoming bank-to-bank pacs.009 payment MAIN,3/25/26,14566.97h,0.00h,,,,,,,4202.18h,1.08h,,,,,,863.97h,18770.23h,1.08h,
,VDE19-85,[Dyn] Separating FX from payment transaction (clean up),,0.02h,12785.77h,,,,,,,7110.68h,,,,,,,,19896.47h,0.00h,
,VDE19-169,Enabler: [Skyvault migration] server/environment preparation & application deployment,,6173.38h,,,,,,,,13814.05h,,,,,,,,19987.43h,0.00h,
,VDE19-109,Enabler: [TPH] Ensure K+TP and Trafis payments flow analysis after TPH implementation,,20128.77h,,,,,,,,,,,,,,,,20128.77h,0.00h,
,VDE19-93,TEST: [TPH][EndToEnd] Incoming customer pacs.008 payment MAIN,3/25/26,7221.53h,0.00h,0.00h,0.00h,,,,,12072.68h,1.18h,,,,,,863.92h,19295.40h,1.18h,
,VDE19-69,7. [TIDY Agr Summ] Implement Error handling process,,2259.17h,13437.15h,1344.95h,,,,,,3930.12h,,,,,,,,20971.38h,0.00h,
,VDE19-136,9. [TIDY Agr Summ] Migration of all Agreement Summary Data [day 0 loading],,5399.20h,13437.12h,1011.55h,,,,,,1197.15h,,,,,,,,21045.02h,0.00h,
,VDE19-143,6. [TIDY Agr Summ] Create and process requests for Messages,,5400.12h,13437.12h,1011.50h,,,,,,1197.23h,,,,,,,,21045.97h,0.00h,
,VDE19-154,2. [TIDY Agr Summ] Integration to KAFKA,,1301.00h,12191.90h,3048.13h,,,,,,3188.12h,1245.20h,,,,,,,20974.35h,1245.20h,
,VDE19-46,Enabler: [TPH] Define testing strategy for TPH implementation,12/27/24,0.40h,0.00h,331.52h,0.00h,,,,,3094.47h,4493.35h,,,,,,13340.65h,7919.73h,4493.35h,
,VDE19-98,[Enabler] [ISO20022] SWIFT MT94X service target architecture pre-analysis,11/26/25,12568.65h,,330.57h,0.00h,,,,,0.00h,5021.18h,,,,,3722.08h,,21642.48h,8743.27h,
,VDE19-48,[Enabler] [ISO20022] SWIFT MT101 service target architecture pre-analysis,11/26/25,12738.60h,,330.50h,0.02h,,,,,0.10h,5021.22h,,,,,3722.08h,,21812.52h,8743.30h,
,VDE19-158,Enabler: [Dyn Decom] Payment data availability TRE Liquidity Risk Reporting.,,23881.08h,,,,,,,,,,,,,,,,23881.08h,0.00h,
,VDE19-101,[TPH] [CORE API layer] Correspondent accounts API (NOSTRO),3/20/25,3822.83h,,189.48h,430.93h,,,,,5615.15h,4084.17h,0.00h,,,,,9738.97h,14142.57h,4084.17h,
,VDE19-65,Enabler: [Dyn Decom] Create Messaging Hub APIs on top of PL/SQL interfaces.,,24021.27h,,,,,,,,,,,,,,,,24021.27h,0.00h,
,VDE19-186,Enabler: [Dyn Decom] Fix the AS-IS metadata scanning.,,21983.13h,,,,,,,,2400.92h,,,,,,,,24384.05h,0.00h,
,VDE19-184,Enabler: [Dyn Decom] Liquidity Reporting,,21983.93h,,,,,,,,2492.47h,,,,,,,,24476.40h,0.00h,
,VDE19-139,"Enabler: [Dyn Decom] Search, view and perform free bookkeeping entries",,24571.25h,,,,,,,,,,,,,,,,24571.25h,0.00h,
,VDE19-103,[TPH] Requesting Agent Charges,11/20/25,9085.17h,150.33h,331.28h,0.00h,,,,,4127.72h,6918.77h,0.02h,,,,,3861.97h,20613.28h,6918.78h,
,VDE19-163,"Enabler: [Dyn Decom] Store, search and view messages in message archive",,24571.43h,,,,,,,,,,,,,,,,24571.43h,0.00h,
,VDE19-188,E-Invoices: investigate possible tech solutions for importing of big files in 30 seconds timeout query,3/23/26,17187.48h,,,,6738.57h,52.37h,,,,,,,117.72h,,907.42h,,25003.55h,1025.13h,
,VDE19-181,"[OpenShift] ""Payment Services"" consumer migration in production and Rancher functionality decommissioning",1/9/25,11765.37h,,170.83h,0.17h,,,,,377.43h,2666.70h,0.02h,,,,,11422.60h,14980.52h,2666.72h,
,VDE19-81,Enabler [SLA]: prod BUG fixes & small improvements // 2024,12/12/24,0.00h,,0.02h,0.00h,,,,,4898.85h,9716.27h,0.02h,,,,,12097.72h,14615.15h,9716.28h,
,VDE19-224,[SEPA FLM] Decommissioning deprecated cross-border SEPA payments functionality,2/12/25,12557.70h,1408.15h,,,27.27h,,,,195.33h,1995.12h,0.00h,,,,,10602.92h,16183.57h,1995.12h,
,VDE19-138,[TPH][REF][PPTE][PROD] Reference Data for TPH,8/25/25,6984.33h,2775.75h,,,,,,,6394.42h,4606.20h,0.17h,,,,,5954.27h,20760.87h,4606.37h,
,VDE19-160,Enabler: [TPH] Case/Investigations managements,,20823.98h,71.47h,94.90h,0.00h,,,,,1968.33h,5141.68h,,,,,,,28100.37h,5141.68h,
,VDE19-183,Enabler: [TPH] Outgoing customer payment processing analysis and business configuration,,4323.23h,71.45h,190.98h,796.68h,,,,,16716.50h,6025.52h,,,,,,,28124.37h,6025.52h,
,VDE19-185,Enabler: [Dyn Decom] Provide correspondent banking services,,28125.03h,71.45h,,,,,,,,,,,,,,,28196.48h,0.00h,
,VDE19-190,Enabler: [Dyn Decom] Manage Correspondent banking services,,28125.08h,71.45h,,,,,,,,,,,,,,,28196.53h,0.00h,
,VDE19-187,Enabler: [Dyn] Screen payment against AFC rules,,17926.05h,71.45h,312.72h,0.00h,,,,361.72h,3688.08h,5021.42h,,,,743.12h,,,28124.55h,5764.53h,
,VDE19-189,"Enabler: [Dyn Decom]Create and send free format MT messages (category 2,5,7,9)",,28077.17h,71.45h,,,,,,,0.00h,,,,,,,,28148.62h,0.00h,
,VDE19-191,Enabler: [Dyn Decom] Manage Intraday Liquidity,,19029.85h,71.45h,310.13h,0.08h,,,,,3667.93h,5021.28h,,,,,,,28100.73h,5021.28h,
,,,,,,,,,,,,,,,,,,,,,,
,,,,,,,,,,,,,,,,,,,,,,
,,,,,,,,,,,,,,,,,,,,,,
,,,,,,,,,,,,,,,,,,,,,,
,,,,,,,,,,,,,,,,,,,,,,
,,,,,,,,,,,,,,,,,,,,,,
,,,,,,,,,,,,,,,,,,,,,,
,,,,,,,,,,,,,,,,,,,,,,
,,,,,,,,,,,,,,,,,,,,,,
,,,,,,,,,,,,,,,,,,,,,,
,,,,,,,,,,,,,,,,,,,,,,
,,,,,,,,,,,,,,,,,,,,,,
,,,,,,,,,,,,,,,,,,,,,,
,,,,,,,,,,,,,,,,,,,,,,
,,,,,,,,,,,,,,,,,,,,,,
,,,,,,,,,,,,,,,,,,,,,,
,,,,,,,,,,,,,,,,,,,,,,
,,,,,,,,,,,,,,,,,,,,,,
,,,,,,,,,,,,,,,,,,,,,,
,,,,,,,,,,,,,,,,,,,,,,
,,,,,,,,,,,,,,,,,,,,,,
,,,,,,,,,,,,,,,,,,,,,,
,,,,,,,,,,,,,,,,,,,,,,
,,,,,,,,,,,,,,,,,,,,,,
,,,,,,,,,,,,,,,,,,,,,,
,,,,,,,,,,,,,,,,,,,,,,
,,,,,,,,,,,,,,,,,,,,,,
,,,,,,,,,,,,,,,,,,,,,,
,,,,,,,,,,,,,,,,,,,,,,
,,,,,,,,,,,,,,,,,,,,,,
,,,,,,,,,,,,,,,,,,,,,,
,,,,,,,,,,,,,,,,,,,,,,
,,,,,,,,,,,,,,,,,,,,,,
,,,,,,,,,,,,,,,,,,,,,,
,,,,,,,,,,,,,,,,,,,,,,
,,,,,,,,,,,,,,,,,,,,,,
,,,,,,,,,,,,,,,,,,,,,,
,,,,,,,,,,,,,,,,,,,,,,
,,,,,,,,,,,,,,,,,,,,,,
,,,,,,,,,,,,,,,,,,,,,,
,,,,,,,,,,,,,,,,,,,,,,
,,,,,,,,,,,,,,,,,,,,,,
,,,,,,,,,,,,,,,,,,,,,,
,,,,,,,,,,,,,,,,,,,,,,
,,,,,,,,,,,,,,,,,,,,,,
,,,,,,,,,,,,,,,,,,,,,,
,,,,,,,,,,,,,,,,,,,,,,
,,,,,,,,,,,,,,,,,,,,,,
,,,,,,,,,,,,,,,,,,,,,,
,,,,,,,,,,,,,,,,,,,,,,
,,,,,,,,,,,,,,,,,,,,,,
,,,,,,,,,,,,,,,,,,,,,,
,,,,,,,,,,,,,,,,,,,,,,
,,,,,,,,,,,,,,,,,,,,,,
,,,,,,,,,,,,,,,,,,,,,,
,,,,,,,,,,,,,,,,,,,,,,
,,,,,,,,,,,,,,,,,,,,,,
,,,,,,,,,,,,,,,,,,,,,,
,,,,,,,,,,,,,,,,,,,,,,
,,,,,,,,,,,,,,,,,,,,,,
,,,,,,,,,,,,,,,,,,,,,,
,,,,,,,,,,,,,,,,,,,,,,
,,,,,,,,,,,,,,,,,,,,,,
,,,,,,,,,,,,,,,,,,,,,,
,,,,,,,,,,,,,,,,,,,,,,
,,,,,,,,,,,,,,,,,,,,,,
,,,,,,,,,,,,,,,,,,,,,,
,,,,,,,,,,,,,,,,,,,,,,
,,,,,,,,,,,,,,,,,,,,,,
,,,,,,,,,,,,,,,,,,,,,,
,,,,,,,,,,,,,,,,,,,,,,
,,,,,,,,,,,,,,,,,,,,,,
,,,,,,,,,,,,,,,,,,,,,,
,,,,,,,,,,,,,,,,,,,,,,
,,,,,,,,,,,,,,,,,,,,,,
,,,,,,,,,,,,,,,,,,,,,,
,,,,,,,,,,,,,,,,,,,,,,
,,,,,,,,,,,,,,,,,,,,,,
,,,,,,,,,,,,,,,,,,,,,,
,,,,,,,,,,,,,,,,,,,,,,
,,,,,,,,,,,,,,,,,,,,,,
,,,,,,,,,,,,,,,,,,,,,,
,,,,,,,,,,,,,,,,,,,,,,
,,,,,,,,,,,,,,,,,,,,,,
,,,,,,,,,,,,,,,,,,,,,,
,,,,,,,,,,,,,,,,,,,,,,
,,,,,,,,,,,,,,,,,,,,,,
,,,,,,,,,,,,,,,,,,,,,,
,,,,,,,,,,,,,,,,,,,,,,
,,,,,,,,,,,,,,,,,,,,,,
,,,,,,,,,,,,,,,,,,,,,,
,,,,,,,,,,,,,,,,,,,,,,
,,,,,,,,,,,,,,,,,,,,,,
,,,,,,,,,,,,,,,,,,,,,,
,,,,,,,,,,,,,,,,,,,,,,
,,,,,,,,,,,,,,,,,,,,,,
,,,,,,,,,,,,,,,,,,,,,,
,,,,,,,,,,,,,,,,,,,,,,
,,,,,,,,,,,,,,,,,,,,,,
,,,,,,,,,,,,,,,,,,,,,,
,,,,,,,,,,,,,,,,,,,,,,
,,,,,,,,,,,,,,,,,,,,,,
,,,,,,,,,,,,,,,,,,,,,,
,,,,,,,,,,,,,,,,,,,,,,
,,,,,,,,,,,,,,,,,,,,,,
,,,,,,,,,,,,,,,,,,,,,,
,,,,,,,,,,,,,,,,,,,,,,
,,,,,,,,,,,,,,,,,,,,,,
,,,,,,,,,,,,,,,,,,,,,,
,,,,,,,,,,,,,,,,,,,,,,
,,,,,,,,,,,,,,,,,,,,,,
,,,,,,,,,,,,,,,,,,,,,,
,,,,,,,,,,,,,,,,,,,,,,
,,,,,,,,,,,,,,,,,,,,,,
,,,,,,,,,,,,,,,,,,,,,,
,,,,,,,,,,,,,,,,,,,,,,
,,,,,,,,,,,,,,,,,,,,,,
,,,,,,,,,,,,,,,,,,,,,,
,,,,,,,,,,,,,,,,,,,,,,
,,,,,,,,,,,,,,,,,,,,,,
,,,,,,,,,,,,,,,,,,,,,,
,,,,,,,,,,,,,,,,,,,,,,
,,,,,,,,,,,,,,,,,,,,,,
,,,,,,,,,,,,,,,,,,,,,,
,,,,,,,,,,,,,,,,,,,,,,
,,,,,,,,,,,,,,,,,,,,,,
,,,,,,,,,,,,,,,,,,,,,,
,,,,,,,,,,,,,,,,,,,,,,
,,,,,,,,,,,,,,,,,,,,,,
,,,,,,,,,,,,,,,,,,,,,,
,,,,,,,,,,,,,,,,,,,,,,
,,,,,,,,,,,,,,,,,,,,,,
,,,,,,,,,,,,,,,,,,,,,,
,,,,,,,,,,,,,,,,,,,,,,
,,,,,,,,,,,,,,,,,,,,,,
,,,,,,,,,,,,,,,,,,,,,,
,,,,,,,,,,,,,,,,,,,,,,
,,,,,,,,,,,,,,,,,,,,,,
,,,,,,,,,,,,,,,,,,,,,,
,,,,,,,,,,,,,,,,,,,,,,
,,,,,,,,,,,,,,,,,,,,,,
,,,,,,,,,,,,,,,,,,,,,,
,,,,,,,,,,,,,,,,,,,,,,
,,,,,,,,,,,,,,,,,,,,,,
,,,,,,,,,,,,,,,,,,,,,,
,,,,,,,,,,,,,,,,,,,,,,
,,,,,,,,,,,,,,,,,,,,,,
,,,,,,,,,,,,,,,,,,,,,,
,,,,,,,,,,,,,,,,,,,,,,
,,,,,,,,,,,,,,,,,,,,,,
,,,,,,,,,,,,,,,,,,,,,,
,,,,,,,,,,,,,,,,,,,,,,
,,,,,,,,,,,,,,,,,,,,,,
,,,,,,,,,,,,,,,,,,,,,,
,,,,,,,,,,,,,,,,,,,,,,
,,,,,,,,,,,,,,,,,,,,,,
,,,,,,,,,,,,,,,,,,,,,,
,,,,,,,,,,,,,,,,,,,,,,
,,,,,,,,,,,,,,,,,,,,,,
,,,,,,,,,,,,,,,,,,,,,,
,,,,,,,,,,,,,,,,,,,,,,
,,,,,,,,,,,,,,,,,,,,,,
,,,,,,,,,,,,,,,,,,,,,,
,,,,,,,,,,,,,,,,,,,,,,
,,,,,,,,,,,,,,,,,,,,,,
,,,,,,,,,,,,,,,,,,,,,,
,,,,,,,,,,,,,,,,,,,,,,
,,,,,,,,,,,,,,,,,,,,,,
,,,,,,,,,,,,,,,,,,,,,,
,,,,,,,,,,,,,,,,,,,,,,
,,,,,,,,,,,,,,,,,,,,,,
,,,,,,,,,,,,,,,,,,,,,,
,,,,,,,,,,,,,,,,,,,,,,
,,,,,,,,,,,,,,,,,,,,,,
,,,,,,,,,,,,,,,,,,,,,,
,,,,,,,,,,,,,,,,,,,,,,
,,,,,,,,,,,,,,,,,,,,,,
,,,,,,,,,,,,,,,,,,,,,,
,,,,,,,,,,,,,,,,,,,,,,
,,,,,,,,,,,,,,,,,,,,,,
,,,,,,,,,,,,,,,,,,,,,,
,,,,,,,,,,,,,,,,,,,,,,
,,,,,,,,,,,,,,,,,,,,,,
,,,,,,,,,,,,,,,,,,,,,,
,,,,,,,,,,,,,,,,,,,,,,
,,,,,,,,,,,,,,,,,,,,,,
,,,,,,,,,,,,,,,,,,,,,,
,,,,,,,,,,,,,,,,,,,,,,
,,,,,,,,,,,,,,,,,,,,,,
,,,,,,,,,,,,,,,,,,,,,,
,,,,,,,,,,,,,,,,,,,,,,
,,,,,,,,,,,,,,,,,,,,,,
,,,,,,,,,,,,,,,,,,,,,,
,,,,,,,,,,,,,,,,,,,,,,
,,,,,,,,,,,,,,,,,,,,,,
,,,,,,,,,,,,,,,,,,,,,,
,,,,,,,,,,,,,,,,,,,,,,
,,,,,,,,,,,,,,,,,,,,,,
,,,,,,,,,,,,,,,,,,,,,,
,,,,,,,,,,,,,,,,,,,,,,
,,,,,,,,,,,,,,,,,,,,,,
,,,,,,,,,,,,,,,,,,,,,,
,,,,,,,,,,,,,,,,,,,,,,
,,,,,,,,,,,,,,,,,,,,,,
,,,,,,,,,,,,,,,,,,,,,,
,,,,,,,,,,,,,,,,,,,,,,
,,,,,,,,,,,,,,,,,,,,,,
,,,,,,,,,,,,,,,,,,,,,,
,,,,,,,,,,,,,,,,,,,,,,
,,,,,,,,,,,,,,,,,,,,,,
,,,,,,,,,,,,,,,,,,,,,,
,,,,,,,,,,,,,,,,,,,,,,
,,,,,,,,,,,,,,,,,,,,,,
,,,,,,,,,,,,,,,,,,,,,,
,,,,,,,,,,,,,,,,,,,,,,
,,,,,,,,,,,,,,,,,,,,,,
,,,,,,,,,,,,,,,,,,,,,,
,,,,,,,,,,,,,,,,,,,,,,
,,,,,,,,,,,,,,,,,,,,,,
,,,,,,,,,,,,,,,,,,,,,,
,,,,,,,,,,,,,,,,,,,,,,
,,,,,,,,,,,,,,,,,,,,,,
,,,,,,,,,,,,,,,,,,,,,,
,,,,,,,,,,,,,,,,,,,,,,
,,,,,,,,,,,,,,,,,,,,,,
,,,,,,,,,,,,,,,,,,,,,,
,,,,,,,,,,,,,,,,,,,,,,
,,,,,,,,,,,,,,,,,,,,,,
,,,,,,,,,,,,,,,,,,,,,,
,,,,,,,,,,,,,,,,,,,,,,
,,,,,,,,,,,,,,,,,,,,,,
,,,,,,,,,,,,,,,,,,,,,,
,,,,,,,,,,,,,,,,,,,,,,
,,,,,,,,,,,,,,,,,,,,,,
,,,,,,,,,,,,,,,,,,,,,,
,,,,,,,,,,,,,,,,,,,,,,
,,,,,,,,,,,,,,,,,,,,,,
,,,,,,,,,,,,,,,,,,,,,,
,,,,,,,,,,,,,,,,,,,,,,
,,,,,,,,,,,,,,,,,,,,,,
,,,,,,,,,,,,,,,,,,,,,,
,,,,,,,,,,,,,,,,,,,,,,
,,,,,,,,,,,,,,,,,,,,,,
,,,,,,,,,,,,,,,,,,,,,,
,,,,,,,,,,,,,,,,,,,,,,
,,,,,,,,,,,,,,,,,,,,,,
,,,,,,,,,,,,,,,,,,,,,,
,,,,,,,,,,,,,,,,,,,,,,
,,,,,,,,,,,,,,,,,,,,,,
,,,,,,,,,,,,,,,,,,,,,,
,,,,,,,,,,,,,,,,,,,,,,
,,,,,,,,,,,,,,,,,,,,,,
,,,,,,,,,,,,,,,,,,,,,,
,,,,,,,,,,,,,,,,,,,,,,
,,,,,,,,,,,,,,,,,,,,,,
,,,,,,,,,,,,,,,,,,,,,,
,,,,,,,,,,,,,,,,,,,,,,
,,,,,,,,,,,,,,,,,,,,,,
,,,,,,,,,,,,,,,,,,,,,,
,,,,,,,,,,,,,,,,,,,,,,
,,,,,,,,,,,,,,,,,,,,,,
,,,,,,,,,,,,,,,,,,,,,,
,,,,,,,,,,,,,,,,,,,,,,
,,,,,,,,,,,,,,,,,,,,,,
,,,,,,,,,,,,,,,,,,,,,,
,,,,,,,,,,,,,,,,,,,,,,
,,,,,,,,,,,,,,,,,,,,,,
,,,,,,,,,,,,,,,,,,,,,,
,,,,,,,,,,,,,,,,,,,,,,
,,,,,,,,,,,,,,,,,,,,,,
,,,,,,,,,,,,,,,,,,,,,,
,,,,,,,,,,,,,,,,,,,,,,
,,,,,,,,,,,,,,,,,,,,,,
,,,,,,,,,,,,,,,,,,,,,,
,,,,,,,,,,,,,,,,,,,,,,
,,,,,,,,,,,,,,,,,,,,,,
,,,,,,,,,,,,,,,,,,,,,,
,,,,,,,,,,,,,,,,,,,,,,
,,,,,,,,,,,,,,,,,,,,,,
,,,,,,,,,,,,,,,,,,,,,,
,,,,,,,,,,,,,,,,,,,,,,
,,,,,,,,,,,,,,,,,,,,,,
,,,,,,,,,,,,,,,,,,,,,,
,,,,,,,,,,,,,,,,,,,,,,
,,,,,,,,,,,,,,,,,,,,,,
,,,,,,,,,,,,,,,,,,,,,,
,,,,,,,,,,,,,,,,,,,,,,
,,,,,,,,,,,,,,,,,,,,,,
,,,,,,,,,,,,,,,,,,,,,,
,,,,,,,,,,,,,,,,,,,,,,
,,,,,,,,,,,,,,,,,,,,,,
,,,,,,,,,,,,,,,,,,,,,,
,,,,,,,,,,,,,,,,,,,,,,
,,,,,,,,,,,,,,,,,,,,,,
,,,,,,,,,,,,,,,,,,,,,,
,,,,,,,,,,,,,,,,,,,,,,
,,,,,,,,,,,,,,,,,,,,,,
,,,,,,,,,,,,,,,,,,,,,,
,,,,,,,,,,,,,,,,,,,,,,
,,,,,,,,,,,,,,,,,,,,,,
,,,,,,,,,,,,,,,,,,,,,,
,,,,,,,,,,,,,,,,,,,,,,
,,,,,,,,,,,,,,,,,,,,,,
,,,,,,,,,,,,,,,,,,,,,,
,,,,,,,,,,,,,,,,,,,,,,
,,,,,,,,,,,,,,,,,,,,,,
,,,,,,,,,,,,,,,,,,,,,,
,,,,,,,,,,,,,,,,,,,,,,
,,,,,,,,,,,,,,,,,,,,,,
,,,,,,,,,,,,,,,,,,,,,,
,,,,,,,,,,,,,,,,,,,,,,
,,,,,,,,,,,,,,,,,,,,,,
,,,,,,,,,,,,,,,,,,,,,,
,,,,,,,,,,,,,,,,,,,,,,
,,,,,,,,,,,,,,,,,,,,,,
,,,,,,,,,,,,,,,,,,,,,,
,,,,,,,,,,,,,,,,,,,,,,
,,,,,,,,,,,,,,,,,,,,,,
,,,,,,,,,,,,,,,,,,,,,,
,,,,,,,,,,,,,,,,,,,,,,
,,,,,,,,,,,,,,,,,,,,,,
,,,,,,,,,,,,,,,,,,,,,,
,,,,,,,,,,,,,,,,,,,,,,
,,,,,,,,,,,,,,,,,,,,,,
,,,,,,,,,,,,,,,,,,,,,,
,,,,,,,,,,,,,,,,,,,,,,
,,,,,,,,,,,,,,,,,,,,,,
,,,,,,,,,,,,,,,,,,,,,,
,,,,,,,,,,,,,,,,,,,,,,
,,,,,,,,,,,,,,,,,,,,,,
,,,,,,,,,,,,,,,,,,,,,,
,,,,,,,,,,,,,,,,,,,,,,
,,,,,,,,,,,,,,,,,,,,,,
,,,,,,,,,,,,,,,,,,,,,,
,,,,,,,,,,,,,,,,,,,,,,
,,,,,,,,,,,,,,,,,,,,,,
,,,,,,,,,,,,,,,,,,,,,,
,,,,,,,,,,,,,,,,,,,,,,
,,,,,,,,,,,,,,,,,,,,,,
,,,,,,,,,,,,,,,,,,,,,,
,,,,,,,,,,,,,,,,,,,,,,
,,,,,,,,,,,,,,,,,,,,,,
,,,,,,,,,,,,,,,,,,,,,,
,,,,,,,,,,,,,,,,,,,,,,
,,,,,,,,,,,,,,,,,,,,,,
,,,,,,,,,,,,,,,,,,,,,,
,,,,,,,,,,,,,,,,,,,,,,
,,,,,,,,,,,,,,,,,,,,,,
,,,,,,,,,,,,,,,,,,,,,,
,,,,,,,,,,,,,,,,,,,,,,
,,,,,,,,,,,,,,,,,,,,,,
,,,,,,,,,,,,,,,,,,,,,,
,,,,,,,,,,,,,,,,,,,,,,
,,,,,,,,,,,,,,,,,,,,,,
,,,,,,,,,,,,,,,,,,,,,,
,,,,,,,,,,,,,,,,,,,,,,
,,,,,,,,,,,,,,,,,,,,,,
,,,,,,,,,,,,,,,,,,,,,,
,,,,,,,,,,,,,,,,,,,,,,
,,,,,,,,,,,,,,,,,,,,,,
,,,,,,,,,,,,,,,,,,,,,,
,,,,,,,,,,,,,,,,,,,,,,
,,,,,,,,,,,,,,,,,,,,,,
,,,,,,,,,,,,,,,,,,,,,,
,,,,,,,,,,,,,,,,,,,,,,
,,,,,,,,,,,,,,,,,,,,,,
,,,,,,,,,,,,,,,,,,,,,,
,,,,,,,,,,,,,,,,,,,,,,
,,,,,,,,,,,,,,,,,,,,,,
,,,,,,,,,,,,,,,,,,,,,,
,,,,,,,,,,,,,,,,,,,,,,
,,,,,,,,,,,,,,,,,,,,,,
,,,,,,,,,,,,,,,,,,,,,,
,,,,,,,,,,,,,,,,,,,,,,
,,,,,,,,,,,,,,,,,,,,,,
,,,,,,,,,,,,,,,,,,,,,,
,,,,,,,,,,,,,,,,,,,,,,
,,,,,,,,,,,,,,,,,,,,,,
,,,,,,,,,,,,,,,,,,,,,,
,,,,,,,,,,,,,,,,,,,,,,
,,,,,,,,,,,,,,,,,,,,,,
,,,,,,,,,,,,,,,,,,,,,,
,,,,,,,,,,,,,,,,,,,,,,
,,,,,,,,,,,,,,,,,,,,,,
,,,,,,,,,,,,,,,,,,,,,,
,,,,,,,,,,,,,,,,,,,,,,
,,,,,,,,,,,,,,,,,,,,,,
,,,,,,,,,,,,,,,,,,,,,,
,,,,,,,,,,,,,,,,,,,,,,
,,,,,,,,,,,,,,,,,,,,,,
,,,,,,,,,,,,,,,,,,,,,,
,,,,,,,,,,,,,,,,,,,,,,
,,,,,,,,,,,,,,,,,,,,,,
,,,,,,,,,,,,,,,,,,,,,,
,,,,,,,,,,,,,,,,,,,,,,
,,,,,,,,,,,,,,,,,,,,,,
,,,,,,,,,,,,,,,,,,,,,,
,,,,,,,,,,,,,,,,,,,,,,
,,,,,,,,,,,,,,,,,,,,,,
,,,,,,,,,,,,,,,,,,,,,,
,,,,,,,,,,,,,,,,,,,,,,
,,,,,,,,,,,,,,,,,,,,,,
,,,,,,,,,,,,,,,,,,,,,,
,,,,,,,,,,,,,,,,,,,,,,
,,,,,,,,,,,,,,,,,,,,,,
,,,,,,,,,,,,,,,,,,,,,,
,,,,,,,,,,,,,,,,,,,,,,
,,,,,,,,,,,,,,,,,,,,,,
,,,,,,,,,,,,,,,,,,,,,,
,,,,,,,,,,,,,,,,,,,,,,
,,,,,,,,,,,,,,,,,,,,,,
,,,,,,,,,,,,,,,,,,,,,,
,,,,,,,,,,,,,,,,,,,,,,
,,,,,,,,,,,,,,,,,,,,,,
,,,,,,,,,,,,,,,,,,,,,,
,,,,,,,,,,,,,,,,,,,,,,
,,,,,,,,,,,,,,,,,,,,,,
,,,,,,,,,,,,,,,,,,,,,,
,,,,,,,,,,,,,,,,,,,,,,
,,,,,,,,,,,,,,,,,,,,,,
,,,,,,,,,,,,,,,,,,,,,,
,,,,,,,,,,,,,,,,,,,,,,
,,,,,,,,,,,,,,,,,,,,,,
,,,,,,,,,,,,,,,,,,,,,,
,,,,,,,,,,,,,,,,,,,,,,
,,,,,,,,,,,,,,,,,,,,,,
,,,,,,,,,,,,,,,,,,,,,,
,,,,,,,,,,,,,,,,,,,,,,
,,,,,,,,,,,,,,,,,,,,,,
,,,,,,,,,,,,,,,,,,,,,,
,,,,,,,,,,,,,,,,,,,,,,
,,,,,,,,,,,,,,,,,,,,,,
,,,,,,,,,,,,,,,,,,,,,,
,,,,,,,,,,,,,,,,,,,,,,
,,,,,,,,,,,,,,,,,,,,,,
,,,,,,,,,,,,,,,,,,,,,,
,,,,,,,,,,,,,,,,,,,,,,
,,,,,,,,,,,,,,,,,,,,,,
,,,,,,,,,,,,,,,,,,,,,,
,,,,,,,,,,,,,,,,,,,,,,
,,,,,,,,,,,,,,,,,,,,,,
,,,,,,,,,,,,,,,,,,,,,,
,,,,,,,,,,,,,,,,,,,,,,
,,,,,,,,,,,,,,,,,,,,,,
,,,,,,,,,,,,,,,,,,,,,,
,,,,,,,,,,,,,,,,,,,,,,
,,,,,,,,,,,,,,,,,,,,,,
,,,,,,,,,,,,,,,,,,,,,,
,,,,,,,,,,,,,,,,,,,,,,
,,,,,,,,,,,,,,,,,,,,,,
,,,,,,,,,,,,,,,,,,,,,,
,,,,,,,,,,,,,,,,,,,,,,
,,,,,,,,,,,,,,,,,,,,,,
,,,,,,,,,,,,,,,,,,,,,,
,,,,,,,,,,,,,,,,,,,,,,
,,,,,,,,,,,,,,,,,,,,,,
,,,,,,,,,,,,,,,,,,,,,,
,,,,,,,,,,,,,,,,,,,,,,
,,,,,,,,,,,,,,,,,,,,,,
,,,,,,,,,,,,,,,,,,,,,,
,,,,,,,,,,,,,,,,,,,,,,
,,,,,,,,,,,,,,,,,,,,,,
,,,,,,,,,,,,,,,,,,,,,,
,,,,,,,,,,,,,,,,,,,,,,
,,,,,,,,,,,,,,,,,,,,,,
,,,,,,,,,,,,,,,,,,,,,,
,,,,,,,,,,,,,,,,,,,,,,
,,,,,,,,,,,,,,,,,,,,,,
,,,,,,,,,,,,,,,,,,,,,,
,,,,,,,,,,,,,,,,,,,,,,
,,,,,,,,,,,,,,,,,,,,,,
,,,,,,,,,,,,,,,,,,,,,,
,,,,,,,,,,,,,,,,,,,,,,
,,,,,,,,,,,,,,,,,,,,,,
,,,,,,,,,,,,,,,,,,,,,,
,,,,,,,,,,,,,,,,,,,,,,
,,,,,,,,,,,,,,,,,,,,,,
,,,,,,,,,,,,,,,,,,,,,,
,,,,,,,,,,,,,,,,,,,,,,
,,,,,,,,,,,,,,,,,,,,,,
,,,,,,,,,,,,,,,,,,,,,,
,,,,,,,,,,,,,,,,,,,,,,
,,,,,,,,,,,,,,,,,,,,,,
,,,,,,,,,,,,,,,,,,,,,,
,,,,,,,,,,,,,,,,,,,,,,
,,,,,,,,,,,,,,,,,,,,,,
,,,,,,,,,,,,,,,,,,,,,,
,,,,,,,,,,,,,,,,,,,,,,
,,,,,,,,,,,,,,,,,,,,,,
,,,,,,,,,,,,,,,,,,,,,,
,,,,,,,,,,,,,,,,,,,,,,
,,,,,,,,,,,,,,,,,,,,,,
,,,,,,,,,,,,,,,,,,,,,,
,,,,,,,,,,,,,,,,,,,,,,
,,,,,,,,,,,,,,,,,,,,,,
,,,,,,,,,,,,,,,,,,,,,,
,,,,,,,,,,,,,,,,,,,,,,
,,,,,,,,,,,,,,,,,,,,,,
,,,,,,,,,,,,,,,,,,,,,,
,,,,,,,,,,,,,,,,,,,,,,
,,,,,,,,,,,,,,,,,,,,,,
,,,,,,,,,,,,,,,,,,,,,,
,,,,,,,,,,,,,,,,,,,,,,
,,,,,,,,,,,,,,,,,,,,,,
,,,,,,,,,,,,,,,,,,,,,,
,,,,,,,,,,,,,,,,,,,,,,
,,,,,,,,,,,,,,,,,,,,,,
,,,,,,,,,,,,,,,,,,,,,,
,,,,,,,,,,,,,,,,,,,,,,
,,,,,,,,,,,,,,,,,,,,,,
,,,,,,,,,,,,,,,,,,,,,,
,,,,,,,,,,,,,,,,,,,,,,
,,,,,,,,,,,,,,,,,,,,,,
,,,,,,,,,,,,,,,,,,,,,,
,,,,,,,,,,,,,,,,,,,,,,
,,,,,,,,,,,,,,,,,,,,,,
,,,,,,,,,,,,,,,,,,,,,,
,,,,,,,,,,,,,,,,,,,,,,
,,,,,,,,,,,,,,,,,,,,,,
,,,,,,,,,,,,,,,,,,,,,,
,,,,,,,,,,,,,,,,,,,,,,
,,,,,,,,,,,,,,,,,,,,,,
,,,,,,,,,,,,,,,,,,,,,,
,,,,,,,,,,,,,,,,,,,,,,
,,,,,,,,,,,,,,,,,,,,,,
,,,,,,,,,,,,,,,,,,,,,,
,,,,,,,,,,,,,,,,,,,,,,
,,,,,,,,,,,,,,,,,,,,,,
,,,,,,,,,,,,,,,,,,,,,,
,,,,,,,,,,,,,,,,,,,,,,
,,,,,,,,,,,,,,,,,,,,,,
,,,,,,,,,,,,,,,,,,,,,,
,,,,,,,,,,,,,,,,,,,,,,
,,,,,,,,,,,,,,,,,,,,,,
,,,,,,,,,,,,,,,,,,,,,,
,,,,,,,,,,,,,,,,,,,,,,
,,,,,,,,,,,,,,,,,,,,,,
,,,,,,,,,,,,,,,,,,,,,,
,,,,,,,,,,,,,,,,,,,,,,
,,,,,,,,,,,,,,,,,,,,,,
,,,,,,,,,,,,,,,,,,,,,,
,,,,,,,,,,,,,,,,,,,,,,
,,,,,,,,,,,,,,,,,,,,,,
,,,,,,,,,,,,,,,,,,,,,,
,,,,,,,,,,,,,,,,,,,,,,
,,,,,,,,,,,,,,,,,,,,,,
,,,,,,,,,,,,,,,,,,,,,,
,,,,,,,,,,,,,,,,,,,,,,
,,,,,,,,,,,,,,,,,,,,,,
,,,,,,,,,,,,,,,,,,,,,,
,,,,,,,,,,,,,,,,,,,,,,
,,,,,,,,,,,,,,,,,,,,,,
,,,,,,,,,,,,,,,,,,,,,,
,,,,,,,,,,,,,,,,,,,,,,
,,,,,,,,,,,,,,,,,,,,,,
,,,,,,,,,,,,,,,,,,,,,,
,,,,,,,,,,,,,,,,,,,,,,
,,,,,,,,,,,,,,,,,,,,,,
,,,,,,,,,,,,,,,,,,,,,,
,,,,,,,,,,,,,,,,,,,,,,
,,,,,,,,,,,,,,,,,,,,,,
,,,,,,,,,,,,,,,,,,,,,,
,,,,,,,,,,,,,,,,,,,,,,
,,,,,,,,,,,,,,,,,,,,,,
,,,,,,,,,,,,,,,,,,,,,,
,,,,,,,,,,,,,,,,,,,,,,
,,,,,,,,,,,,,,,,,,,,,,
,,,,,,,,,,,,,,,,,,,,,,
,,,,,,,,,,,,,,,,,,,,,,
,,,,,,,,,,,,,,,,,,,,,,
,,,,,,,,,,,,,,,,,,,,,,
,,,,,,,,,,,,,,,,,,,,,,
,,,,,,,,,,,,,,,,,,,,,,
,,,,,,,,,,,,,,,,,,,,,,
,,,,,,,,,,,,,,,,,,,,,,
,,,,,,,,,,,,,,,,,,,,,,
,,,,,,,,,,,,,,,,,,,,,,
,,,,,,,,,,,,,,,,,,,,,,
,,,,,,,,,,,,,,,,,,,,,,
,,,,,,,,,,,,,,,,,,,,,,
,,,,,,,,,,,,,,,,,,,,,,
,,,,,,,,,,,,,,,,,,,,,,
,,,,,,,,,,,,,,,,,,,,,,
,,,,,,,,,,,,,,,,,,,,,,
,,,,,,,,,,,,,,,,,,,,,,
,,,,,,,,,,,,,,,,,,,,,,
,,,,,,,,,,,,,,,,,,,,,,
,,,,,,,,,,,,,,,,,,,,,,
,,,,,,,,,,,,,,,,,,,,,,
,,,,,,,,,,,,,,,,,,,,,,
,,,,,,,,,,,,,,,,,,,,,,
,,,,,,,,,,,,,,,,,,,,,,
,,,,,,,,,,,,,,,,,,,,,,
,,,,,,,,,,,,,,,,,,,,,,
,,,,,,,,,,,,,,,,,,,,,,
,,,,,,,,,,,,,,,,,,,,,,
,,,,,,,,,,,,,,,,,,,,,,
,,,,,,,,,,,,,,,,,,,,,,
,,,,,,,,,,,,,,,,,,,,,,
,,,,,,,,,,,,,,,,,,,,,,
,,,,,,,,,,,,,,,,,,,,,,
,,,,,,,,,,,,,,,,,,,,,,
,,,,,,,,,,,,,,,,,,,,,,
,,,,,,,,,,,,,,,,,,,,,,
,,,,,,,,,,,,,,,,,,,,,,
,,,,,,,,,,,,,,,,,,,,,,
,,,,,,,,,,,,,,,,,,,,,,
,,,,,,,,,,,,,,,,,,,,,,
,,,,,,,,,,,,,,,,,,,,,,
,,,,,,,,,,,,,,,,,,,,,,
,,,,,,,,,,,,,,,,,,,,,,
,,,,,,,,,,,,,,,,,,,,,,
,,,,,,,,,,,,,,,,,,,,,,
,,,,,,,,,,,,,,,,,,,,,,
,,,,,,,,,,,,,,,,,,,,,,
,,,,,,,,,,,,,,,,,,,,,,
,,,,,,,,,,,,,,,,,,,,,,
,,,,,,,,,,,,,,,,,,,,,,
,,,,,,,,,,,,,,,,,,,,,,
,,,,,,,,,,,,,,,,,,,,,,
,,,,,,,,,,,,,,,,,,,,,,
,,,,,,,,,,,,,,,,,,,,,,
,,,,,,,,,,,,,,,,,,,,,,
,,,,,,,,,,,,,,,,,,,,,,
,,,,,,,,,,,,,,,,,,,,,,
,,,,,,,,,,,,,,,,,,,,,,
,,,,,,,,,,,,,,,,,,,,,,
,,,,,,,,,,,,,,,,,,,,,,
,,,,,,,,,,,,,,,,,,,,,,
,,,,,,,,,,,,,,,,,,,,,,
,,,,,,,,,,,,,,,,,,,,,,
,,,,,,,,,,,,,,,,,,,,,,
,,,,,,,,,,,,,,,,,,,,,,
,,,,,,,,,,,,,,,,,,,,,,
,,,,,,,,,,,,,,,,,,,,,,
,,,,,,,,,,,,,,,,,,,,,,
,,,,,,,,,,,,,,,,,,,,,,
,,,,,,,,,,,,,,,,,,,,,,
,,,,,,,,,,,,,,,,,,,,,,
,,,,,,,,,,,,,,,,,,,,,,
,,,,,,,,,,,,,,,,,,,,,,
,,,,,,,,,,,,,,,,,,,,,,
,,,,,,,,,,,,,,,,,,,,,,
,,,,,,,,,,,,,,,,,,,,,,
,,,,,,,,,,,,,,,,,,,,,,
,,,,,,,,,,,,,,,,,,,,,,
,,,,,,,,,,,,,,,,,,,,,,
,,,,,,,,,,,,,,,,,,,,,,
,,,,,,,,,,,,,,,,,,,,,,
,,,,,,,,,,,,,,,,,,,,,,
,,,,,,,,,,,,,,,,,,,,,,
,,,,,,,,,,,,,,,,,,,,,,
,,,,,,,,,,,,,,,,,,,,,,
,,,,,,,,,,,,,,,,,,,,,,
,,,,,,,,,,,,,,,,,,,,,,
,,,,,,,,,,,,,,,,,,,,,,
,,,,,,,,,,,,,,,,,,,,,,
,,,,,,,,,,,,,,,,,,,,,,
,,,,,,,,,,,,,,,,,,,,,,
,,,,,,,,,,,,,,,,,,,,,,
,,,,,,,,,,,,,,,,,,,,,,
,,,,,,,,,,,,,,,,,,,,,,
,,,,,,,,,,,,,,,,,,,,,,
,,,,,,,,,,,,,,,,,,,,,,
,,,,,,,,,,,,,,,,,,,,,,
,,,,,,,,,,,,,,,,,,,,,,
,,,,,,,,,,,,,,,,,,,,,,
,,,,,,,,,,,,,,,,,,,,,,
,,,,,,,,,,,,,,,,,,,,,,
,,,,,,,,,,,,,,,,,,,,,,
,,,,,,,,,,,,,,,,,,,,,,
,,,,,,,,,,,,,,,,,,,,,,
,,,,,,,,,,,,,,,,,,,,,,
,,,,,,,,,,,,,,,,,,,,,,
,,,,,,,,,,,,,,,,,,,,,,
,,,,,,,,,,,,,,,,,,,,,,
,,,,,,,,,,,,,,,,,,,,,,
,,,,,,,,,,,,,,,,,,,,,,
,,,,,,,,,,,,,,,,,,,,,,
,,,,,,,,,,,,,,,,,,,,,,
,,,,,,,,,,,,,,,,,,,,,,
,,,,,,,,,,,,,,,,,,,,,,
,,,,,,,,,,,,,,,,,,,,,,
,,,,,,,,,,,,,,,,,,,,,,
,,,,,,,,,,,,,,,,,,,,,,
,,,,,,,,,,,,,,,,,,,,,,
,,,,,,,,,,,,,,,,,,,,,,
,,,,,,,,,,,,,,,,,,,,,,
,,,,,,,,,,,,,,,,,,,,,,
,,,,,,,,,,,,,,,,,,,,,,
,,,,,,,,,,,,,,,,,,,,,,
,,,,,,,,,,,,,,,,,,,,,,
,,,,,,,,,,,,,,,,,,,,,,
,,,,,,,,,,,,,,,,,,,,,,
,,,,,,,,,,,,,,,,,,,,,,
,,,,,,,,,,,,,,,,,,,,,,
,,,,,,,,,,,,,,,,,,,,,,
,,,,,,,,,,,,,,,,,,,,,,
,,,,,,,,,,,,,,,,,,,,,,
,,,,,,,,,,,,,,,,,,,,,,
,,,,,,,,,,,,,,,,,,,,,,
,,,,,,,,,,,,,,,,,,,,,,
,,,,,,,,,,,,,,,,,,,,,,
,,,,,,,,,,,,,,,,,,,,,,
,,,,,,,,,,,,,,,,,,,,,,
,,,,,,,,,,,,,,,,,,,,,,
,,,,,,,,,,,,,,,,,,,,,,
,,,,,,,,,,,,,,,,,,,,,,
,,,,,,,,,,,,,,,,,,,,,,
,,,,,,,,,,,,,,,,,,,,,,
,,,,,,,,,,,,,,,,,,,,,,
,,,,,,,,,,,,,,,,,,,,,,
,,,,,,,,,,,,,,,,,,,,,,
,,,,,,,,,,,,,,,,,,,,,,
,,,,,,,,,,,,,,,,,,,,,,
,,,,,,,,,,,,,,,,,,,,,,
,,,,,,,,,,,,,,,,,,,,,,
,,,,,,,,,,,,,,,,,,,,,,
,,,,,,,,,,,,,,,,,,,,,,
,,,,,,,,,,,,,,,,,,,,,,
,,,,,,,,,,,,,,,,,,,,,,
,,,,,,,,,,,,,,,,,,,,,,
,,,,,,,,,,,,,,,,,,,,,,
,,,,,,,,,,,,,,,,,,,,,,
,,,,,,,,,,,,,,,,,,,,,,
,,,,,,,,,,,,,,,,,,,,,,
,,,,,,,,,,,,,,,,,,,,,,
,,,,,,,,,,,,,,,,,,,,,,
,,,,,,,,,,,,,,,,,,,,,,
,,,,,,,,,,,,,,,,,,,,,,
,,,,,,,,,,,,,,,,,,,,,,
,,,,,,,,,,,,,,,,,,,,,,
,,,,,,,,,,,,,,,,,,,,,,
,,,,,,,,,,,,,,,,,,,,,,
,,,,,,,,,,,,,,,,,,,,,,
,,,,,,,,,,,,,,,,,,,,,,
,,,,,,,,,,,,,,,,,,,,,,
,,,,,,,,,,,,,,,,,,,,,,
,,,,,,,,,,,,,,,,,,,,,,
,,,,,,,,,,,,,,,,,,,,,,
,,,,,,,,,,,,,,,,,,,,,,
,,,,,,,,,,,,,,,,,,,,,,
,,,,,,,,,,,,,,,,,,,,,,
,,,,,,,,,,,,,,,,,,,,,,
,,,,,,,,,,,,,,,,,,,,,,
,,,,,,,,,,,,,,,,,,,,,,
,,,,,,,,,,,,,,,,,,,,,,
,,,,,,,,,,,,,,,,,,,,,,
,,,,,,,,,,,,,,,,,,,,,,
,,,,,,,,,,,,,,,,,,,,,,
,,,,,,,,,,,,,,,,,,,,,,
,,,,,,,,,,,,,,,,,,,,,,
,,,,,,,,,,,,,,,,,,,,,,
,,,,,,,,,,,,,,,,,,,,,,
,,,,,,,,,,,,,,,,,,,,,,
,,,,,,,,,,,,,,,,,,,,,,
,,,,,,,,,,,,,,,,,,,,,,
,,,,,,,,,,,,,,,,,,,,,,
,,,,,,,,,,,,,,,,,,,,,,
,,,,,,,,,,,,,,,,,,,,,,
,,,,,,,,,,,,,,,,,,,,,,
,,,,,,,,,,,,,,,,,,,,,,
,,,,,,,,,,,,,,,,,,,,,,
,,,,,,,,,,,,,,,,,,,,,,
,,,,,,,,,,,,,,,,,,,,,,
,,,,,,,,,,,,,,,,,,,,,,
,,,,,,,,,,,,,,,,,,,,,,
,,,,,,,,,,,,,,,,,,,,,,
,,,,,,,,,,,,,,,,,,,,,,
,,,,,,,,,,,,,,,,,,,,,,
,,,,,,,,,,,,,,,,,,,,,,
,,,,,,,,,,,,,,,,,,,,,,
,,,,,,,,,,,,,,,,,,,,,,
,,,,,,,,,,,,,,,,,,,,,,
,,,,,,,,,,,,,,,,,,,,,,
,,,,,,,,,,,,,,,,,,,,,,
,,,,,,,,,,,,,,,,,,,,,,
,,,,,,,,,,,,,,,,,,,,,,
,,,,,,,,,,,,,,,,,,,,,,
,,,,,,,,,,,,,,,,,,,,,,
,,,,,,,,,,,,,,,,,,,,,,
,,,,,,,,,,,,,,,,,,,,,,
,,,,,,,,,,,,,,,,,,,,,,
,,,,,,,,,,,,,,,,,,,,,,
,,,,,,,,,,,,,,,,,,,,,,
,,,,,,,,,,,,,,,,,,,,,,
,,,,,,,,,,,,,,,,,,,,,,
,,,,,,,,,,,,,,,,,,,,,,
,,,,,,,,,,,,,,,,,,,,,,
,,,,,,,,,,,,,,,,,,,,,,
,,,,,,,,,,,,,,,,,,,,,,
,,,,,,,,,,,,,,,,,,,,,,
,,,,,,,,,,,,,,,,,,,,,,
,,,,,,,,,,,,,,,,,,,,,,
,,,,,,,,,,,,,,,,,,,,,,
,,,,,,,,,,,,,,,,,,,,,,
,,,,,,,,,,,,,,,,,,,,,,
,,,,,,,,,,,,,,,,,,,,,,
,,,,,,,,,,,,,,,,,,,,,,
,,,,,,,,,,,,,,,,,,,,,,
,,,,,,,,,,,,,,,,,,,,,,
,,,,,,,,,,,,,,,,,,,,,,
,,,,,,,,,,,,,,,,,,,,,,
,,,,,,,,,,,,,,,,,,,,,,
,,,,,,,,,,,,,,,,,,,,,,
,,,,,,,,,,,,,,,,,,,,,,
,,,,,,,,,,,,,,,,,,,,,,
,,,,,,,,,,,,,,,,,,,,,,
,,,,,,,,,,,,,,,,,,,,,,
,,,,,,,,,,,,,,,,,,,,,,
,,,,,,,,,,,,,,,,,,,,,,
,,,,,,,,,,,,,,,,,,,,,,
,,,,,,,,,,,,,,,,,,,,,,
,,,,,,,,,,,,,,,,,,,,,,
,,,,,,,,,,,,,,,,,,,,,,
,,,,,,,,,,,,,,,,,,,,,,
,,,,,,,,,,,,,,,,,,,,,,
,,,,,,,,,,,,,,,,,,,,,,
,,,,,,,,,,,,,,,,,,,,,,
,,,,,,,,,,,,,,,,,,,,,,
,,,,,,,,,,,,,,,,,,,,,,
,,,,,,,,,,,,,,,,,,,,,,
,,,,,,,,,,,,,,,,,,,,,,
,,,,,,,,,,,,,,,,,,,,,,
,,,,,,,,,,,,,,,,,,,,,,
,,,,,,,,,,,,,,,,,,,,,,
,,,,,,,,,,,,,,,,,,,,,,
,,,,,,,,,,,,,,,,,,,,,,
,,,,,,,,,,,,,,,,,,,,,,
,,,,,,,,,,,,,,,,,,,,,,
,,,,,,,,,,,,,,,,,,,,,,
,,,,,,,,,,,,,,,,,,,,,,
,,,,,,,,,,,,,,,,,,,,,,
,,,,,,,,,,,,,,,,,,,,,,
,,,,,,,,,,,,,,,,,,,,,,
,,,,,,,,,,,,,,,,,,,,,,
,,,,,,,,,,,,,,,,,,,,,,
,,,,,,,,,,,,,,,,,,,,,,
,,,,,,,,,,,,,,,,,,,,,,
,,,,,,,,,,,,,,,,,,,,,,
,,,,,,,,,,,,,,,,,,,,,,
,,,,,,,,,,,,,,,,,,,,,,
,,,,,,,,,,,,,,,,,,,,,,
,,,,,,,,,,,,,,,,,,,,,,
,,,,,,,,,,,,,,,,,,,,,,
,,,,,,,,,,,,,,,,,,,,,,
,,,,,,,,,,,,,,,,,,,,,,
,,,,,,,,,,,,,,,,,,,,,,
,,,,,,,,,,,,,,,,,,,,,,
,,,,,,,,,,,,,,,,,,,,,,
,,,,,,,,,,,,,,,,,,,,,,
,,,,,,,,,,,,,,,,,,,,,,
,,,,,,,,,,,,,,,,,,,,,,
,,,,,,,,,,,,,,,,,,,,,,
,,,,,,,,,,,,,,,,,,,,,,
,,,,,,,,,,,,,,,,,,,,,,
,,,,,,,,,,,,,,,,,,,,,,
,,,,,,,,,,,,,,,,,,,,,,
,,,,,,,,,,,,,,,,,,,,,,
,,,,,,,,,,,,,,,,,,,,,,
,,,,,,,,,,,,,,,,,,,,,,
,,,,,,,,,,,,,,,,,,,,,,
,,,,,,,,,,,,,,,,,,,,,,
,,,,,,,,,,,,,,,,,,,,,,
,,,,,,,,,,,,,,,,,,,,,,
,,,,,,,,,,,,,,,,,,,,,,
,,,,,,,,,,,,,,,,,,,,,,
,,,,,,,,,,,,,,,,,,,,,,
,,,,,,,,,,,,,,,,,,,,,,
,,,,,,,,,,,,,,,,,,,,,,
,,,,,,,,,,,,,,,,,,,,,,
,,,,,,,,,,,,,,,,,,,,,,
,,,,,,,,,,,,,,,,,,,,,,
,,,,,,,,,,,,,,,,,,,,,,
,,,,,,,,,,,,,,,,,,,,,,
,,,,,,,,,,,,,,,,,,,,,,
,,,,,,,,,,,,,,,,,,,,,,
,,,,,,,,,,,,,,,,,,,,,,
,,,,,,,,,,,,,,,,,,,,,,
,,,,,,,,,,,,,,,,,,,,,,
,,,,,,,,,,,,,,,,,,,,,,
,,,,,,,,,,,,,,,,,,,,,,
,,,,,,,,,,,,,,,,,,,,,,
,,,,,,,,,,,,,,,,,,,,,,
,,,,,,,,,,,,,,,,,,,,,,
,,,,,,,,,,,,,,,,,,,,,,
,,,,,,,,,,,,,,,,,,,,,,
,,,,,,,,,,,,,,,,,,,,,,
,,,,,,,,,,,,,,,,,,,,,,
,,,,,,,,,,,,,,,,,,,,,,
,,,,,,,,,,,,,,,,,,,,,,
,,,,,,,,,,,,,,,,,,,,,,
,,,,,,,,,,,,,,,,,,,,,,
,,,,,,,,,,,,,,,,,,,,,,
,,,,,,,,,,,,,,,,,,,,,,
,,,,,,,,,,,,,,,,,,,,,,
,,,,,,,,,,,,,,,,,,,,,,
,,,,,,,,,,,,,,,,,,,,,,
,,,,,,,,,,,,,,,,,,,,,,
,,,,,,,,,,,,,,,,,,,,,,
,,,,,,,,,,,,,,,,,,,,,,
,,,,,,,,,,,,,,,,,,,,,,
,,,,,,,,,,,,,,,,,,,,,,
,,,,,,,,,,,,,,,,,,,,,,
,,,,,,,,,,,,,,,,,,,,,,
,,,,,,,,,,,,,,,,,,,,,,
,,,,,,,,,,,,,,,,,,,,,,
,,,,,,,,,,,,,,,,,,,,,,
,,,,,,,,,,,,,,,,,,,,,,
,,,,,,,,,,,,,,,,,,,,,,
,,,,,,,,,,,,,,,,,,,,,,
,,,,,,,,,,,,,,,,,,,,,,
,,,,,,,,,,,,,,,,,,,,,,
,,,,,,,,,,,,,,,,,,,,,,
,,,,,,,,,,,,,,,,,,,,,,
,,,,,,,,,,,,,,,,,,,,,,
,,,,,,,,,,,,,,,,,,,,,,
,,,,,,,,,,,,,,,,,,,,,,
,,,,,,,,,,,,,,,,,,,,,,
,,,,,,,,,,,,,,,,,,,,,,
,,,,,,,,,,,,,,,,,,,,,,
,,,,,,,,,,,,,,,,,,,,,,
,,,,,,,,,,,,,,,,,,,,,,
,,,,,,,,,,,,,,,,,,,,,,
,,,,,,,,,,,,,,,,,,,,,,
,,,,,,,,,,,,,,,,,,,,,,
,,,,,,,,,,,,,,,,,,,,,,
,,,,,,,,,,,,,,,,,,,,,,
,,,,,,,,,,,,,,,,,,,,,,
,,,,,,,,,,,,,,,,,,,,,,
,,,,,,,,,,,,,,,,,,,,,,
,,,,,,,,,,,,,,,,,,,,,,
,,,,,,,,,,,,,,,,,,,,,,
,,,,,,,,,,,,,,,,,,,,,,
,,,,,,,,,,,,,,,,,,,,,,
,,,,,,,,,,,,,,,,,,,,,,
,,,,,,,,,,,,,,,,,,,,,,
,,,,,,,,,,,,,,,,,,,,,,
,,,,,,,,,,,,,,,,,,,,,,
,,,,,,,,,,,,,,,,,,,,,,
,,,,,,,,,,,,,,,,,,,,,,
,,,,,,,,,,,,,,,,,,,,,,
,,,,,,,,,,,,,,,,,,,,,,
,,,,,,,,,,,,,,,,,,,,,,
,,,,,,,,,,,,,,,,,,,,,,
,,,,,,,,,,,,,,,,,,,,,,
,,,,,,,,,,,,,,,,,,,,,,
,,,,,,,,,,,,,,,,,,,,,,
,,,,,,,,,,,,,,,,,,,,,,
,,,,,,,,,,,,,,,,,,,,,,
,,,,,,,,,,,,,,,,,,,,,,
,,,,,,,,,,,,,,,,,,,,,,
,,,,,,,,,,,,,,,,,,,,,,
,,,,,,,,,,,,,,,,,,,,,,
,,,,,,,,,,,,,,,,,,,,,,
,,,,,,,,,,,,,,,,,,,,,,
,,,,,,,,,,,,,,,,,,,,,,
,,,,,,,,,,,,,,,,,,,,,,
,,,,,,,,,,,,,,,,,,,,,,
,,,,,,,,,,,,,,,,,,,,,,
,,,,,,,,,,,,,,,,,,,,,,
,,,,,,,,,,,,,,,,,,,,,,
,,,,,,,,,,,,,,,,,,,,,,
,,,,,,,,,,,,,,,,,,,,,,
,,,,,,,,,,,,,,,,,,,,,,
,,,,,,,,,,,,,,,,,,,,,,
,,,,,,,,,,,,,,,,,,,,,,
,,,,,,,,,,,,,,,,,,,,,,
,,,,,,,,,,,,,,,,,,,,,,
,,,,,,,,,,,,,,,,,,,,,,
,,,,,,,,,,,,,,,,,,,,,,
,,,,,,,,,,,,,,,,,,,,,,
,,,,,,,,,,,,,,,,,,,,,,
,,,,,,,,,,,,,,,,,,,,,,
,,,,,,,,,,,,,,,,,,,,,,
,,,,,,,,,,,,,,,,,,,,,,
,,,,,,,,,,,,,,,,,,,,,,
,,,,,,,,,,,,,,,,,,,,,,
,,,,,,,,,,,,,,,,,,,,,,
,,,,,,,,,,,,,,,,,,,,,,