Issue key,Issue id,Created,Resolved,Status,Priority,Due Date,Updated,Sprint,Sprint,Sprint,Custom field (Story Points),Issue Type,Resolution
VDE19-145,2489865,20.09.2024 10:31,13.02.2026 14:18,Done,,,09.04.2026 10:10,,,,,Epic,Done
VDE19-77,2489837,20.09.2024 10:05,26.03.2026 08:23,Done,Critical,,09.04.2026 10:10,,,,,Epic,Done
VDE19-148,2489860,20.09.2024 10:26,27.01.2026 08:20,Done,,,13.03.2026 14:52,,,,,Epic,Done
VDE19-47,2489852,20.09.2024 10:20,20.06.2025 12:35,Done,,,13.03.2026 14:48,,,,,Epic,Done
VDE19-172,2490105,20.09.2024 10:54,25.06.2025 09:45,Done,,,13.03.2026 14:50,,,,,Epic,Done
VDE19-151,2366534,29.05.2024 10:16,07.04.2025 10:36,Done,,,13.03.2026 14:48,,,,,Epic,Done
VDE19-289,2677677,17.02.2025 14:14,29.04.2025 09:20,Done,,,27.10.2025 16:14,,,,,Epic,Done
VDE19-197,2523596,21.10.2024 10:33,11.09.2025 12:50,Done,,,11.09.2025 12:50,,,,,Epic,Done
VDE19-217,2551599,10.11.2024 22:33,06.10.2025 10:09,Done,,,03.11.2025 13:56,,,,,Epic,Done
VDE19-175,2222796,02.02.2024 10:16,17.06.2025 12:32,Done,,,13.03.2026 14:48,,,,,Epic,Done
VDE19-138,1866985,03.03.2023 09:13,25.08.2025 08:44,Done,,,13.03.2026 14:51,,,,,Epic,Done
VDE19-113,2355589,20.05.2024 13:37,29.07.2025 08:51,Done,,,20.03.2026 14:36,,,,,Epic,Done
VDE19-221,2557115,13.11.2024 14:56,19.09.2025 13:03,Done,,,13.03.2026 14:50,,,,,Epic,Done
VDE19-66,2489862,20.09.2024 10:27,09.12.2025 13:52,Done,,,13.03.2026 14:47,,,,,Epic,Done
VDE19-107,2362325,24.05.2024 13:39,27.02.2025 14:08,Done,,,13.03.2026 14:50,,,,,Epic,Done
VDE19-97,2253865,23.02.2024 10:24,15.04.2025 11:02,Done,,,13.03.2026 14:51,,,,,Epic,Done
VDE19-57,2418039,16.07.2024 15:54,25.02.2025 07:37,Done,,,13.03.2026 14:52,,,,,Epic,Done
VDE19-128,2277518,15.03.2024 09:17,19.02.2025 09:06,Done,,,13.03.2026 14:50,,,,,Epic,Done
VDE19-63,2489819,20.09.2024 09:49,06.05.2025 15:18,Done,,,13.03.2026 14:52,,,,,Epic,Done
VDE19-279,2636321,23.01.2025 08:39,19.06.2025 08:38,Done,,,13.03.2026 14:48,,,,,Epic,Done
VDE19-78,2489863,20.09.2024 10:28,07.05.2025 10:20,Done,,,13.03.2026 14:52,,,,,Epic,Done
VDE19-124,2493792,25.09.2024 08:18,27.02.2025 12:42,Done,,,13.03.2026 14:48,,,,,Epic,Done
VDE19-224,1867326,03.03.2023 09:47,12.02.2025 15:05,Done,,,13.03.2026 14:48,,,,,Epic,Done
VDE19-288,2674192,13.02.2025 12:39,26.03.2025 11:59,Done,,,13.03.2026 14:51,,,,,Epic,Done
VDE19-171,2362330,24.05.2024 13:42,10.04.2025 07:22,Done,,,13.03.2026 14:50,,,,,Epic,Done
VDE19-126,2222784,02.02.2024 10:12,05.03.2025 11:43,Done,,,13.03.2026 14:52,,,,,Epic,Done
VDE19-90,2360401,23.05.2024 10:16,25.03.2025 10:02,Done,,,13.03.2026 14:50,,,,,Epic,Done
VDE19-42,2222779,02.02.2024 10:10,02.04.2025 10:41,Done,,,13.03.2026 14:49,,,,,Epic,Done
VDE19-45,2371224,03.06.2024 14:03,08.04.2025 15:09,Done,,,13.03.2026 14:49,,,,,Epic,Done
VDE19-108,2222791,02.02.2024 10:14,08.04.2025 15:08,Done,,,13.03.2026 14:52,,,,,Epic,Done
VDE19-219,2552337,11.11.2024 09:40,07.03.2025 09:32,Done,,,13.03.2026 14:52,,,,,Epic,Done
VDE19-114,2381078,12.06.2024 12:46,10.04.2025 07:20,Done,,,13.03.2026 14:53,,,,,Epic,Done
VDE19-266,2582981,29.11.2024 10:22,10.02.2025 08:33,Done,,,22.12.2025 09:57,,,,,Epic,Done
VDE19-274,2635928,22.01.2025 15:23,06.10.2025 08:29,Done,,,21.11.2025 10:53,,,,,Epic,Done
VDE19-110,2439408,20.08.2024 08:41,04.11.2024 08:14,Done,,,13.03.2026 14:51,,,,,Epic,Done
VDE19-161,2284422,21.03.2024 15:38,02.12.2024 15:32,Done,,,13.03.2026 14:51,,,,,Epic,Done
VDE19-48,2123089,02.11.2023 13:26,26.11.2025 07:55,Cancelled,,,13.03.2026 14:48,,,,,Epic,Won't Do
VDE19-101,2022259,09.08.2023 09:25,20.03.2025 15:02,Done,,,13.03.2026 14:51,,,,,Epic,Done
VDE19-89,2381710,12.06.2024 15:33,06.11.2024 12:36,Done,,,13.03.2026 14:48,,,,,Epic,Done
VDE19-122,2355199,20.05.2024 10:27,07.11.2024 10:57,Done,,,13.03.2026 14:51,,,,,Epic,Done
VDE19-129,2355177,20.05.2024 10:13,19.12.2024 11:51,Done,,,13.03.2026 14:49,,,,,Epic,Done
VDE19-79,2360717,23.05.2024 12:11,16.12.2024 11:01,Done,,,13.03.2026 14:47,,,,,Epic,Done
VDE19-91,2385662,17.06.2024 09:49,15.01.2025 08:47,Done,,,13.03.2026 14:51,,,,,Epic,Done
VDE19-52,2393482,20.06.2024 11:03,02.12.2024 08:45,Done,,,13.03.2026 14:49,,,,,Epic,Done
VDE19-121,2378315,10.06.2024 11:56,07.11.2024 09:11,Done,,,13.03.2026 14:49,,,,,Epic,Done
VDE19-92,2267609,06.03.2024 14:00,11.11.2024 15:27,Done,,,13.03.2026 14:52,,,,,Epic,Done
VDE19-159,2230263,08.02.2024 09:38,11.03.2025 09:36,Done,,,13.03.2026 14:52,,,,,Epic,Done
VDE19-157,2262278,01.03.2024 10:06,07.11.2024 09:12,Done,,,13.03.2026 14:49,,,,,Epic,Done
VDE19-165,2454786,02.09.2024 13:40,19.12.2024 15:40,Done,,,13.03.2026 14:48,,,,,Epic,Done
VDE19-81,1910876,12.04.2023 10:04,12.12.2024 08:17,Done,,,13.03.2026 14:50,,,,,Epic,Done
VDE19-181,1927989,24.04.2023 07:51,09.01.2025 11:24,Done,,,13.03.2026 14:52,,,,,Epic,Done
VDE19-174,2355407,20.05.2024 10:34,27.11.2024 08:22,Done,,,13.03.2026 14:52,,,,,Epic,Done
VDE19-167,2355576,20.05.2024 13:35,18.12.2024 10:54,Done,,,13.03.2026 14:48,,,,,Epic,Done
VDE19-127,2288990,26.03.2024 13:22,07.11.2024 09:11,Done,,,24.04.2026 11:29,,,,,Epic,Done
VDE19-220,2556504,13.11.2024 11:41,19.12.2024 08:21,Done,,,13.03.2026 14:52,,,,,Epic,Done
VDE19-51,2492681,24.09.2024 10:37,23.01.2025 12:11,Done,,,13.03.2026 14:50,,,,,Epic,Done
VDE19-207,2547636,07.11.2024 10:15,20.12.2024 09:30,Done,,,13.03.2026 14:51,,,,,Epic,Done
VDE19-58,2459967,05.09.2024 08:01,05.12.2024 10:25,Done,,,13.03.2026 14:48,,,,,Epic,Done
VDE19-177,2469799,10.09.2024 09:37,23.01.2025 12:12,Done,,,13.03.2026 14:49,,,,,Epic,Done
VDE19-38,2489828,20.09.2024 09:58,03.04.2025 11:43,Done,,,13.03.2026 14:48,,,,,Epic,Done
VDE19-222,2570997,20.11.2024 09:29,23.01.2025 12:09,Done,,,31.03.2025 08:32,,,,,Epic,Done
VDE19-46,2143427,21.11.2023 13:34,27.12.2024 13:43,Done,,,13.03.2026 14:47,,,,,Epic,Done
VDE19-67,2341271,07.05.2024 10:30,21.02.2025 12:38,Done,,,13.03.2026 14:50,,,,,Epic,Done
VDE19-72,2242444,14.02.2024 12:29,,Funnel,,,29.04.2026 05:10,,,,,Epic,
VDE19-349,2837883,18.06.2025 09:05,,Implementing,,,29.04.2026 05:15,,,,,Epic,
VDE19-320,2767566,24.04.2025 10:39,03.06.2025 07:53,Done,,,13.10.2025 12:22,,,,,Epic,Done
VDE19-125,2489871,20.09.2024 10:33,20.03.2026 13:19,Done,Blocker,,09.04.2026 10:10,,,,,Epic,Done
VDE19-39,2489846,20.09.2024 10:14,10.03.2026 14:19,Done,Major,,09.04.2026 10:10,,,,,Epic,Done
VDE19-169,2200502,17.01.2024 14:33,,Analysing,,,29.04.2026 05:11,,,,,Epic,
VDE19-298,2694659,04.03.2025 14:29,08.05.2025 08:08,Done,,,13.03.2026 14:50,,,,,Epic,Done
VDE19-245,2597909,12.12.2024 12:41,29.05.2025 15:12,Done,,,19.06.2025 08:47,,,,,Epic,Done
VDE19-73,2510986,09.10.2024 14:05,16.06.2025 08:58,Done,,,13.03.2026 14:50,,,,,Epic,Done
VDE19-241,2591891,06.12.2024 15:06,12.06.2025 07:22,Done,,,19.06.2025 08:48,,,,,Epic,Done
VDE19-294,2691979,03.03.2025 07:44,21.08.2025 12:49,Done,,,23.03.2026 08:13,,,,,Epic,Done
VDE19-133,2490103,20.09.2024 10:50,17.07.2025 10:27,Done,,,13.03.2026 14:51,,,,,Epic,Done
VDE19-147,2356944,21.05.2024 11:17,,Implementing,,,29.04.2026 05:03,,,,,Epic,
VDE19-198,2524287,21.10.2024 13:15,12.06.2025 12:38,Done,,,13.03.2026 14:48,,,,,Epic,Done
VDE19-215,2549431,08.11.2024 09:01,11.06.2025 16:29,Done,Major,,19.06.2025 08:47,,,,,Epic,Done
VDE19-96,2379004,10.06.2024 16:05,21.05.2025 15:21,Done,,,13.03.2026 14:50,,,,,Epic,Done
VDE19-178,2355569,20.05.2024 13:31,12.06.2025 12:41,Done,,,17.03.2026 08:47,,,,,Epic,Done
VDE19-140,2356950,21.05.2024 11:21,,Analysing,,,29.04.2026 05:04,,,,,Epic,
VDE19-311,2723719,26.03.2025 12:06,03.06.2025 14:32,Cancelled,,,19.06.2025 08:48,,,,,Epic,Won't Do
VDE19-272,2629495,20.01.2025 09:41,04.09.2025 11:04,Done,,,13.03.2026 14:52,,,,,Epic,Done
VDE19-74,2489842,20.09.2024 10:10,29.08.2025 08:08,Done,,,13.03.2026 14:51,,,,,Epic,Done
VDE19-293,2691977,03.03.2025 07:42,29.08.2025 08:09,Done,,,03.11.2025 12:09,,,,,Epic,Done
VDE19-104,2508496,08.10.2024 09:34,04.09.2025 07:51,Done,,,16.04.2026 10:43,,,,,Epic,Done
VDE19-232,2578016,25.11.2024 13:11,,Implementing,,,29.04.2026 05:11,,,,,Epic,
VDE19-99,2371218,03.06.2024 13:52,27.03.2025 10:49,Cancelled,,,13.03.2026 14:52,,,,,Epic,Won't Do
VDE19-153,2489855,20.09.2024 10:23,09.01.2026 15:14,Done,,,13.03.2026 14:52,,,,,Epic,Done
VDE19-86,2489889,20.09.2024 10:42,15.12.2025 10:48,Done,,,13.03.2026 14:48,,,,,Epic,Done
VDE19-300,2698871,07.03.2025 11:17,15.01.2026 08:00,Done,,,30.01.2026 12:07,,,,,Epic,Done
VDE19-41,2489839,20.09.2024 10:07,07.11.2025 08:52,Done,,,13.03.2026 14:47,,,,,Epic,Done
VDE19-168,2489853,20.09.2024 10:21,16.01.2026 14:35,Done,,,13.03.2026 14:52,,,,,Epic,Done
VDE19-295,2691981,03.03.2025 07:54,24.11.2025 10:45,Done,,,30.01.2026 12:07,,,,,Epic,Done
VDE19-213,2549429,08.11.2024 09:01,27.01.2026 10:39,Done,Major,,09.04.2026 08:46,,,,,Epic,Done
VDE19-142,2222786,02.02.2024 10:13,19.11.2025 13:13,Done,,,13.03.2026 14:48,,,,,Epic,Done
VDE19-343,2820563,10.06.2025 11:59,22.10.2025 12:47,Done,,,13.03.2026 14:49,,,,,Epic,Done
VDE19-315,2729379,31.03.2025 12:15,11.03.2026 08:47,Done,,,09.04.2026 10:10,,,,,Epic,Done
VDE19-338,2814608,04.06.2025 13:36,,Analysing,,,29.04.2026 05:01,,,,,Epic,
VDE19-313,2724302,26.03.2025 14:43,25.09.2025 09:46,Done,,,13.03.2026 14:48,,,,,Epic,Done
VDE19-345,2828326,16.06.2025 08:18,10.07.2025 09:57,Done,,,11.09.2025 14:26,,,,,Epic,Done
VDE19-328,2705428,12.03.2025 14:05,08.09.2025 13:24,Done,,,06.02.2026 13:33,BPAY PI 2025:2.3-BPAY - Solari,,,,Epic,Done
VDE19-319,2757673,14.04.2025 12:26,25.09.2025 09:27,Done,,,13.03.2026 14:48,,,,,Epic,Done
VDE19-312,2723999,26.03.2025 14:41,08.11.2025 07:49,Done,,,13.03.2026 14:47,,,,,Epic,Done
VDE19-116,2490100,20.09.2024 10:49,25.09.2025 09:26,Done,,,13.03.2026 14:50,,,,,Epic,Done
VDE19-302,2701594,10.03.2025 10:47,17.09.2025 08:04,Done,,,13.03.2026 14:49,,,,,Epic,Done
VDE19-339,2815566,05.06.2025 08:38,19.09.2025 08:56,Done,,,13.03.2026 14:51,,,,,Epic,Done
VDE19-340,2816833,05.06.2025 14:18,23.10.2025 09:20,Done,,,13.03.2026 14:47,,,,,Epic,Done
VDE19-117,2490363,20.09.2024 15:08,11.11.2025 13:06,Done,,,13.03.2026 14:47,,,,,Epic,Done
VDE19-304,2708545,14.03.2025 10:18,24.11.2025 11:07,Done,,,01.04.2026 09:32,,,,,Epic,Done
VDE19-285,2663117,05.02.2025 12:33,24.11.2025 11:05,Done,,,01.04.2026 09:32,,,,,Epic,Done
VDE19-346,2830095,16.06.2025 13:47,12.01.2026 09:32,Done,,,13.03.2026 14:48,,,,,Epic,Done
VDE19-347,2830233,16.06.2025 13:55,,Analysing,,,29.04.2026 05:04,,,,,Epic,
VDE19-351,2845427,25.06.2025 08:06,13.01.2026 16:06,Done,,,30.01.2026 12:07,,,,,Epic,Done
VDE19-330,2791093,16.05.2025 12:14,27.01.2026 12:28,Done,,,15.04.2026 12:05,,,,,Epic,Done
VDE19-103,2007527,11.07.2023 15:42,20.11.2025 12:02,Done,,,13.03.2026 14:50,,,,,Epic,Done
VDE19-403,2944054,24.09.2025 08:22,20.01.2026 09:21,Done,,,05.02.2026 21:50,,,,,Epic,Done
VDE19-377,2891953,21.08.2025 09:56,13.02.2026 11:30,Done,,,13.03.2026 14:48,,,,,Epic,Done
VDE19-307,2711294,17.03.2025 13:13,19.03.2026 09:10,Done,,,09.04.2026 10:10,,,,,Epic,Done
VDE19-329,2790677,16.05.2025 10:04,23.03.2026 08:10,Done,,,09.04.2026 10:10,,,,,Epic,Done
VDE19-271,2629457,20.01.2025 09:20,,Implementing,Blocker,,30.04.2026 05:01,,,,,Epic,
VDE19-356,2851116,30.06.2025 12:48,,Implementing,Blocker,,29.04.2026 05:14,,,,,Epic,
VDE19-348,2830830,16.06.2025 15:12,,Implementing,,,29.04.2026 13:14,,,,,Epic,
VDE19-389,2904551,01.09.2025 12:07,,Analysing,,,29.04.2026 05:13,,,,,Epic,
VDE19-368,2882462,12.08.2025 12:33,,Analysing,,,30.04.2026 05:09,,,,5.0,Epic,
VDE19-70,2490104,20.09.2024 10:51,09.10.2025 07:59,Done,,,13.03.2026 14:49,,,,,Epic,Done
VDE19-132,2490108,20.09.2024 10:58,20.11.2025 09:24,Done,,,13.03.2026 14:48,,,,,Epic,Done
VDE19-342,2819851,10.06.2025 08:21,24.11.2025 11:06,Done,,,24.11.2025 11:06,,,,,Epic,Done
VDE19-371,2889073,19.08.2025 10:13,01.10.2025 09:22,Done,,,21.11.2025 10:53,,,,,Epic,Done
VDE19-354,2847926,26.06.2025 12:27,11.11.2025 13:41,Done,,,25.11.2025 08:17,,,,,Epic,Done
VDE19-316,2732729,02.04.2025 08:07,29.10.2025 10:23,Done,,,21.11.2025 10:53,,,,,Epic,Done
VDE19-301,2701546,10.03.2025 10:04,05.01.2026 19:32,Done,,,13.03.2026 14:49,,,,,Epic,Done
VDE19-418,2982441,23.10.2025 11:06,,Analysing,,,29.04.2026 05:12,,,,,Epic,
VDE19-364,2882414,12.08.2025 11:19,30.03.2026 11:38,Done,,,09.04.2026 08:45,,,,,Epic,Done
VDE19-308,2711402,17.03.2025 13:18,20.02.2026 08:56,Done,,,07.04.2026 13:01,,,,,Epic,Done
VDE19-131,2356959,21.05.2024 11:30,09.12.2025 09:53,Done,,,13.03.2026 14:52,,,,,Epic,Done
VDE19-399,2909678,04.09.2025 10:48,26.03.2026 08:30,Done,,,26.03.2026 08:30,,,,,Epic,Done
VDE19-396,2896485,25.08.2025 16:16,01.04.2026 12:03,Done,,,01.04.2026 12:03,,,,,Epic,Done
VDE19-395,2896466,25.08.2025 15:47,20.03.2026 13:39,Done,,,20.03.2026 13:39,,,,,Epic,Done
VDE19-394,2696223,05.03.2025 13:47,13.04.2026 10:56,Done,,,13.04.2026 10:56,,,,,Epic,Done
VDE19-448,2966366,10.10.2025 10:31,03.12.2025 17:03,Done,,,11.02.2026 15:04,,,,,Epic,Done
VDE19-454,3020735,17.11.2025 12:23,06.03.2026 11:12,Done,,,06.03.2026 14:51,,,,,Epic,Done
VDE19-273,2635167,22.01.2025 13:26,10.03.2026 14:09,Done,Major,,09.04.2026 10:10,,,,,Epic,Done
VDE19-324,2783274,09.05.2025 15:12,10.03.2026 14:17,Done,Major,,09.04.2026 10:10,,,,,Epic,Done
VDE19-43,2503549,03.10.2024 09:13,12.03.2026 07:33,Done,,,13.03.2026 14:47,,,,,Epic,Done
VDE19-361,2880772,11.08.2025 09:16,,Implementing,Blocker,,30.04.2026 05:00,,,,,Epic,
VDE19-416,2973336,16.10.2025 12:09,,Implementing,Blocker,,30.04.2026 05:02,,,,,Epic,
VDE19-381,2898566,27.08.2025 07:22,,Implementing,Major,,29.04.2026 08:41,,,,,Epic,
VDE19-372,2889421,19.08.2025 11:10,,Implementing,Critical,,29.04.2026 05:02,,,,,Epic,
VDE19-376,2891273,20.08.2025 15:46,,Implementing,Major,,29.04.2026 05:02,,,,,Epic,
VDE19-333,2811577,03.06.2025 06:42,,Implementing,,,30.04.2026 05:09,,,,,Epic,
VDE19-223,2568326,19.11.2024 13:28,,Analysing,,,30.04.2026 05:09,,,,,Epic,
VDE19-155,2356940,21.05.2024 11:14,,Implementing,,,29.04.2026 05:01,,,,,Epic,
VDE19-482,3095588,25.01.2026 10:30,,Analysing,,,30.04.2026 05:10,,,,,Epic,
VDE19-483,3095590,25.01.2026 11:04,,Implementing,,,30.04.2026 05:09,,,,,Epic,
VDE19-281,2650065,28.01.2025 15:12,,Implementing,,,29.04.2026 05:11,,,,,Epic,
VDE19-375,2890308,19.08.2025 16:19,02.03.2026 07:20,Done,,,07.04.2026 13:00,,,,,Epic,Done
VDE19-322,2783224,09.05.2025 14:16,15.12.2025 10:54,Done,,,25.02.2026 13:31,,,,,Epic,Done
VDE19-321,2783222,09.05.2025 14:14,03.02.2026 08:39,Done,,,03.02.2026 08:39,,,,,Epic,Done
VDE19-341,2819092,09.06.2025 13:42,16.01.2026 14:34,Done,,,30.01.2026 12:07,,,,,Epic,Done
VDE19-409,2959117,06.10.2025 13:56,15.01.2026 08:11,Done,,,30.01.2026 12:07,,,,,Epic,Done
VDE19-421,2986982,28.10.2025 08:47,20.01.2026 09:26,Cancelled,,,30.01.2026 12:07,,,,,Epic,Won't Do
VDE19-397,2898826,27.08.2025 08:46,,Implementing,,,29.04.2026 05:01,,,,,Epic,
VDE19-486,3070806,07.01.2026 15:07,23.03.2026 15:26,Done,Blocker,,23.03.2026 15:26,,,,,Epic,Done
VDE19-452,2945812,24.09.2025 16:06,09.10.2025 08:33,Done,,,23.03.2026 15:25,,,,9.0,Epic,Done
VDE19-497,2953302,30.09.2025 16:11,31.10.2025 10:26,Done,,,25.03.2026 11:13,,,,,Epic,Done
VDE19-511,3130287,12.02.2026 04:20,20.03.2026 09:55,Done,,,20.03.2026 09:55,,,,,Epic,Done
VDE19-510,3130286,12.02.2026 04:04,27.03.2026 11:57,Done,,,27.03.2026 11:57,,,,,Epic,Done
VDE19-508,3130284,12.02.2026 02:47,26.03.2026 08:42,Done,,,26.03.2026 08:42,,,,,Epic,Done
VDE19-509,3130285,12.02.2026 03:46,06.03.2026 11:11,Done,,,19.03.2026 14:34,,,,,Epic,Done
VDE19-520,3130281,12.02.2026 01:34,20.03.2026 09:55,Done,,,20.03.2026 09:55,,,,,Epic,Done
VDE19-515,3132804,12.02.2026 20:10,26.03.2026 08:29,Done,,,26.03.2026 08:29,,,,,Epic,Done
VDE19-513,3132495,12.02.2026 17:38,31.03.2026 13:06,Done,,,31.03.2026 13:06,,,,,Epic,Done
VDE19-514,3132803,12.02.2026 19:30,06.03.2026 11:11,Done,,,06.03.2026 11:11,,,,,Epic,Done
VDE19-512,3130820,12.02.2026 09:23,01.04.2026 12:11,Done,,,01.04.2026 12:11,,,,,Epic,Done
VDE19-450,3005097,10.11.2025 12:05,20.03.2026 09:54,Done,Blocker,,20.03.2026 09:54,,,,3.0,Epic,Done
VDE19-518,3013764,13.11.2025 09:33,20.03.2026 09:56,Done,Minor,,20.03.2026 09:56,,,,,Epic,Done
VDE19-491,2997951,05.11.2025 10:22,20.11.2025 08:32,Done,,,09.03.2026 14:13,,,,,Epic,Done
VDE19-489,3090801,21.01.2026 21:27,17.02.2026 15:24,Done,,,17.02.2026 15:24,,,,,Epic,Done
VDE19-449,2976371,20.10.2025 12:12,05.11.2025 10:39,Done,,,06.03.2026 13:03,,,,,Epic,Done
VDE19-446,2974090,17.10.2025 09:14,17.02.2026 15:25,Done,,,17.02.2026 15:25,,,,,Epic,Done
VDE19-507,2981197,23.10.2025 08:29,06.03.2026 12:56,Done,,,06.03.2026 14:12,,,,,Epic,Done
VDE19-451,2981199,23.10.2025 08:35,20.03.2026 09:54,Done,,,20.03.2026 09:54,,,,,Epic,Done
VDE19-484,2980680,22.10.2025 16:05,30.03.2026 10:00,Done,,,30.03.2026 10:00,,,,,Epic,Done
VDE19-485,2982976,23.10.2025 14:34,27.03.2026 11:56,Done,,,27.03.2026 11:56,,,,2.0,Epic,Done
VDE19-447,2993450,31.10.2025 15:02,11.12.2025 13:01,Done,,,06.03.2026 11:08,,,,,Epic,Done
VDE19-453,2983487,23.10.2025 22:14,29.01.2026 12:18,Done,,,06.03.2026 14:36,,,,,Epic,Done
VDE19-490,3031860,21.11.2025 08:12,06.03.2026 11:12,Done,,,06.03.2026 11:12,,,,,Epic,Done
VDE19-445,2946932,25.09.2025 10:54,06.03.2026 12:56,Done,,,06.03.2026 14:36,EAABPAY Sprint 2,EAABPAY Sprint 3,EAABPAY Tidy Up Sprint,,Epic,Done
VDE19-434,3036865,26.11.2025 10:04,10.03.2026 14:20,Done,Major,,09.04.2026 10:10,,,,,Epic,Done
VDE19-466,3077840,13.01.2026 15:45,30.03.2026 15:35,Done,,,07.04.2026 13:00,,,,,Epic,Done
VDE19-146,2311666,15.04.2024 10:02,26.03.2026 07:40,Done,,,09.04.2026 10:09,BPAY PI 2024:2.3-BPAY - SmartP,,,,Epic,Done
VDE19-336,2814300,04.06.2025 11:27,05.02.2026 09:58,Cancelled,,,01.04.2026 13:35,,,,,Epic,Won't Do
VDE19-420,2985213,27.10.2025 08:58,,Implementing,,,29.04.2026 05:02,,,,,Epic,
VDE19-95,2320264,19.04.2024 14:05,28.01.2026 13:21,Done,,,13.03.2026 14:50,,,,,Epic,Done
VDE19-423,2992558,31.10.2025 09:50,25.03.2026 08:46,Done,,,09.04.2026 10:10,,,,,Epic,Done
VDE19-463,3077264,13.01.2026 13:20,23.03.2026 08:07,Done,Blocker,,09.04.2026 10:10,,,,,Epic,Done
VDE19-481,3093792,23.01.2026 11:25,25.03.2026 10:01,Done,,,09.04.2026 10:10,,,,,Epic,Done
VDE19-435,3051217,08.12.2025 15:19,,Implementing,Major,,30.04.2026 05:10,,,,,Epic,
VDE19-61,2489881,20.09.2024 10:38,,Implementing,,,30.04.2026 05:02,,,,,Epic,
VDE19-154,2164893,05.12.2023 11:38,,Implementing,,,30.04.2026 05:02,BPAY PI 2024:2.1-BPAY - SmartP,BPAY PI 2024:2.2-BPAY - SmartP,,,Epic,
VDE19-436,3050663,08.12.2025 12:30,,Analysing,,,29.04.2026 05:01,,,,,Epic,
VDE19-102,2223000,02.02.2024 10:17,,Implementing,,,29.04.2026 05:03,,,,,Epic,
VDE19-115,2229937,08.02.2024 07:12,,Analysing,,,29.04.2026 05:03,,,,,Epic,
VDE19-480,3089101,21.01.2026 11:00,,Analysing,,,29.04.2026 09:34,,,,,Epic,
VDE19-487,3101107,27.01.2026 08:32,,Analysing,,,29.04.2026 05:03,,,,,Epic,
VDE19-68,2222374,02.02.2024 07:47,25.03.2026 10:02,Done,,,31.03.2026 13:44,,,,,Epic,Done
VDE19-93,2193448,11.01.2024 10:39,25.03.2026 10:05,Done,,,31.03.2026 13:50,,,,,Epic,Done
VDE19-53,2363528,27.05.2024 12:28,,Analysing,,,30.04.2026 09:35,,,,,Epic,
VDE19-290,2679181,18.02.2025 15:21,,Analysing,,,30.04.2026 05:00,,,,,Epic,
VDE19-546,3215324,09.04.2026 10:42,,Implementing,,,29.04.2026 05:14,,,,,Epic,
VDE19-533,3183693,24.03.2026 13:54,,Implementing,,,29.04.2026 05:15,,,,,Epic,
VDE19-555,3221707,14.04.2026 14:15,,Analysing,,,30.04.2026 05:01,,,,,Epic,
VDE19-567,3232885,23.04.2026 12:53,,Funnel,,,30.04.2026 05:00,,,,,Epic,
VDE19-100,2361448,24.05.2024 08:51,,Implementing,,,29.04.2026 11:59,,,,,Epic,
VDE19-176,2274829,13.03.2024 15:02,,Implementing,,,30.04.2026 05:09,,,,,Epic,
VDE19-527,3172422,17.03.2026 08:15,,Implementing,,,30.04.2026 05:01,,,,,Epic,
VDE19-478,3085693,19.01.2026 16:08,,Backlog,Critical,,30.04.2026 05:02,,,,,Epic,
VDE19-437,3059377,16.12.2025 13:08,,Implementing,,,30.04.2026 05:01,,,,,Epic,
VDE19-455,3069085,06.01.2026 08:25,,Implementing,,,30.04.2026 05:09,,,,,Epic,
VDE19-468,3084286,19.01.2026 07:56,,Implementing,Blocker,,29.04.2026 05:15,,,,,Epic,
VDE19-521,3147015,25.02.2026 14:25,,Implementing,,,29.04.2026 05:04,,,,,Epic,
VDE19-471,3084402,19.01.2026 08:17,23.04.2026 09:11,Done,Blocker,,23.04.2026 09:11,,,,,Epic,Done
VDE19-525,3157744,05.03.2026 15:06,,Implementing,,,30.04.2026 05:04,,,,,Epic,
VDE19-144,2489879,20.09.2024 10:37,,Implementing,Blocker,,29.04.2026 05:14,,,,,Epic,
VDE19-179,2489884,20.09.2024 10:39,,Implementing,Blocker,,29.04.2026 05:02,,,,,Epic,
VDE19-80,2311680,15.04.2024 10:08,,Implementing,,,29.04.2026 05:14,BPAY PI 2024:2.1-BPAY - SmartP,BPAY PI 2024:2.2-BPAY - SmartP,,,Epic,
VDE19-54,2311688,15.04.2024 10:11,,Backlog,,,29.04.2026 05:15,BPAY PI 2024:2.1-BPAY - SmartP,BPAY PI 2024:2.2-BPAY - SmartP,,,Epic,
VDE19-44,2311692,15.04.2024 10:14,,Backlog,,,29.04.2026 05:15,BPAY PI 2024:2.1-BPAY - SmartP,BPAY PI 2024:2.2-BPAY - SmartP,,,Epic,
VDE19-143,2165310,05.12.2023 12:01,,Backlog,,,30.04.2026 05:01,BPAY PI 2024:2.1-BPAY - SmartP,BPAY PI 2024:2.2-BPAY - SmartP,,,Epic,
VDE19-69,2165388,05.12.2023 14:36,,Backlog,,,29.04.2026 05:15,BPAY PI 2024:2.1-BPAY - SmartP,BPAY PI 2024:2.2-BPAY - SmartP,,,Epic,
VDE19-94,2490366,20.09.2024 15:18,,Implementing,Major,,29.04.2026 05:01,,,,,Epic,
VDE19-419,2985208,27.10.2025 08:55,,Implementing,,,29.04.2026 05:03,,,,,Epic,
VDE19-369,2882464,12.08.2025 12:36,,Analysing,,,29.04.2026 05:02,,,,5.0,Epic,
VDE19-390,2904868,01.09.2025 13:51,,Analysing,,,29.04.2026 05:13,,,,,Epic,
VDE19-350,2838314,18.06.2025 09:23,22.04.2026 10:39,Done,,,22.04.2026 10:39,,,,,Epic,Done
VDE19-539,3192526,30.03.2026 12:38,,Funnel,,,29.04.2026 05:13,,,,,Epic,
VDE19-540,3192536,30.03.2026 12:51,,Analysing,,,29.04.2026 05:01,,,,,Epic,
VDE19-541,3192538,30.03.2026 12:53,,Funnel,,,29.04.2026 05:13,,,,,Epic,
VDE19-542,3193391,30.03.2026 15:34,,Implementing,,,30.04.2026 05:02,,,,,Epic,
VDE19-476,3084421,19.01.2026 08:33,,Analysing,Blocker,,29.04.2026 08:13,,,,,Epic,
VDE19-85,2204665,22.01.2024 09:32,,Backlog,,,29.04.2026 08:27,,,,,Epic,
VDE19-522,3147087,25.02.2026 15:18,,Funnel,,,29.04.2026 08:13,,,,,Epic,
VDE19-458,3069091,06.01.2026 08:37,,Analysing,,,29.04.2026 08:56,,,,,Epic,
VDE19-469,3084292,19.01.2026 08:06,,Funnel,Blocker,,29.04.2026 09:16,,,,,Epic,
VDE19-573,3234767,24.04.2026 14:26,,Funnel,,,29.04.2026 05:15,,,,,Epic,
VDE19-519,3146904,25.02.2026 13:31,,Funnel,,,29.04.2026 08:48,,,,,Epic,
VDE19-457,3069090,06.01.2026 08:36,,Analysing,,,29.04.2026 08:09,,,,,Epic,
VDE19-559,3230086,21.04.2026 15:24,,Funnel,,,29.04.2026 05:15,,,,,Epic,
VDE19-562,3230258,21.04.2026 17:31,,Funnel,,,29.04.2026 05:15,,,,,Epic,
VDE19-572,3234747,24.04.2026 14:16,,Funnel,,,29.04.2026 05:15,,,,,Epic,
VDE19-470,3084299,19.01.2026 08:13,,Analysing,Blocker,,29.04.2026 09:16,,,,,Epic,
VDE19-326,2785969,13.05.2025 09:52,,Funnel,,,29.04.2026 15:40,,,,,Epic,
VDE19-244,2597906,12.12.2024 12:39,,Backlog,,,29.04.2026 05:05,,,,,Epic,
VDE19-473,3084411,19.01.2026 08:26,,Analysing,Blocker,,29.04.2026 09:16,,,,,Epic,
VDE19-517,3136867,17.02.2026 11:48,,Analysing,Major,,29.04.2026 05:00,,,,,Epic,
VDE19-564,3230262,21.04.2026 18:08,,Analysing,,,30.04.2026 05:00,,,,,Epic,
VDE19-571,3234743,24.04.2026 14:11,,Funnel,,,30.04.2026 05:01,,,,,Epic,
VDE19-570,3234739,24.04.2026 14:07,,Funnel,,,30.04.2026 05:01,,,,,Epic,
VDE19-569,3234737,24.04.2026 14:02,,Funnel,,,30.04.2026 05:01,,,,,Epic,
VDE19-568,3234733,24.04.2026 13:56,,Funnel,,,30.04.2026 05:01,,,,,Epic,
VDE19-563,3230261,21.04.2026 17:56,,Funnel,,,30.04.2026 05:01,,,,,Epic,
VDE19-560,3230218,21.04.2026 15:58,,Funnel,,,30.04.2026 05:01,,,,,Epic,
VDE19-561,3230238,21.04.2026 16:36,,Funnel,,,30.04.2026 05:01,,,,,Epic,
VDE19-538,3192346,30.03.2026 11:58,,Implementing,,,30.04.2026 05:00,,,,,Epic,
VDE19-424,2994744,03.11.2025 13:46,,Analysing,,,30.04.2026 05:00,,,,,Epic,
VDE19-556,3222988,15.04.2026 12:58,,Analysing,,,30.04.2026 05:00,,,,,Epic,
VDE19-474,3084416,19.01.2026 08:29,,Analysing,Blocker,,30.04.2026 05:00,,,,,Epic,
VDE19-55,2489877,20.09.2024 10:37,,Funnel,Major,,29.04.2026 05:01,,,,,Epic,
VDE19-433,3017923,14.11.2025 10:08,,Funnel,Major,,29.04.2026 05:01,,,,,Epic,
VDE19-415,2968613,13.10.2025 13:56,,Analysing,Major,,29.04.2026 12:54,,,,,Epic,
VDE19-551,3216419,10.04.2026 08:14,,Analysing,,,29.04.2026 08:12,,,,,Epic,
VDE19-203,2543727,05.11.2024 13:26,,Backlog,,,29.04.2026 05:11,,,,,Epic,
VDE19-462,3074435,12.01.2026 08:37,,Analysing,,,30.04.2026 05:10,,,,,Epic,
VDE19-404,2951654,30.09.2025 07:47,,Backlog,,,29.04.2026 05:11,,,,,Epic,
VDE19-76,2489851,20.09.2024 10:19,,Analysing,,,29.04.2026 12:54,,,,,Epic,
VDE19-297,2692496,03.03.2025 11:18,,Backlog,,,29.04.2026 05:01,,,,,Epic,
VDE19-393,2936584,17.09.2025 08:29,,Analysing,,,29.04.2026 05:01,,,,,Epic,
VDE19-472,3084407,19.01.2026 08:19,,Backlog,Blocker,,29.04.2026 05:11,,,,,Epic,
VDE19-111,2489887,20.09.2024 10:40,,Backlog,Blocker,,30.04.2026 05:01,,,,,Epic,
VDE19-410,2960094,07.10.2025 10:03,,Analysing,,,29.04.2026 05:14,,,,,Epic,
VDE19-208,2547668,07.11.2024 10:28,,Analysing,,,29.04.2026 05:02,,,,,Epic,
VDE19-162,2447480,27.08.2024 12:23,,Analysing,,,29.04.2026 05:04,,,,,Epic,
VDE19-287,2666704,07.02.2025 15:23,,Analysing,,,29.04.2026 05:01,,,,,Epic,
VDE19-106,2489896,20.09.2024 10:47,,Funnel,,,29.04.2026 05:04,,,,,Epic,
VDE19-136,2165339,05.12.2023 12:57,,Backlog,,,29.04.2026 05:15,BPAY PI 2024:2.1-BPAY - SmartP,BPAY PI 2024:2.2-BPAY - SmartP,,,Epic,
VDE19-373,2889429,19.08.2025 11:31,,Funnel,,,29.04.2026 05:01,,,,,Epic,
VDE19-459,3069256,06.01.2026 09:49,,Funnel,,,29.04.2026 05:00,,,,,Epic,
VDE19-152,2355579,20.05.2024 13:35,,Funnel,,,29.04.2026 05:15,,,,,Epic,
VDE19-170,2355855,20.05.2024 14:54,,Funnel,,,29.04.2026 05:15,,,,,Epic,
VDE19-83,2489873,20.09.2024 10:34,,Funnel,,,29.04.2026 05:10,,,,,Epic,
VDE19-536,3186367,25.03.2026 13:30,,Funnel,,,29.04.2026 05:11,,,,,Epic,
VDE19-130,2331310,25.04.2024 11:21,,Funnel,,,29.04.2026 05:15,,,,,Epic,
VDE19-59,2331312,25.04.2024 11:23,,Funnel,,,29.04.2026 05:15,,,,,Epic,
VDE19-257,2606109,18.12.2024 13:43,,Funnel,,,29.04.2026 05:07,,,,,Epic,
VDE19-258,2606110,18.12.2024 13:44,,Funnel,,,29.04.2026 05:07,,,,,Epic,
VDE19-479,3087271,20.01.2026 12:22,,Backlog,,,29.04.2026 05:13,,,,,Epic,
VDE19-426,3004303,10.11.2025 07:46,,Backlog,,,30.04.2026 05:09,,,,,Epic,
VDE19-427,3004680,10.11.2025 10:20,,Backlog,,,29.04.2026 05:02,,,,,Epic,
VDE19-428,3005027,10.11.2025 11:04,,Backlog,,,29.04.2026 09:34,,,,,Epic,
VDE19-135,2489868,20.09.2024 10:32,,Funnel,,,29.04.2026 05:10,,,,,Epic,
VDE19-283,2656474,30.01.2025 14:30,,Funnel,,,29.04.2026 05:06,,,,,Epic,
VDE19-429,3005029,10.11.2025 11:04,,Backlog,,,29.04.2026 05:02,,,,,Epic,
VDE19-56,2489894,20.09.2024 10:45,,Analysing,,,29.04.2026 09:23,,,,,Epic,
VDE19-120,2490484,20.09.2024 16:20,,Analysing,,,29.04.2026 09:24,,,,,Epic,
VDE19-105,2489864,20.09.2024 10:29,19.01.2026 14:55,Cancelled,,,13.03.2026 14:50,,,,,Epic,Won't Do
VDE19-234,2586690,03.12.2024 13:57,,Analysing,,,29.04.2026 05:06,,,,,Epic,
VDE19-183,1844053,10.02.2023 13:36,,Analysing,,,29.04.2026 05:10,,,,,Epic,
VDE19-524,3155469,04.03.2026 12:36,,Funnel,,,29.04.2026 05:10,,,,,Epic,
VDE19-477,3085586,19.01.2026 15:02,,Funnel,,,29.04.2026 05:10,,,,,Epic,
VDE19-314,2728125,28.03.2025 14:48,,Analysing,,,29.04.2026 05:07,,,,,Epic,
VDE19-118,2427404,05.08.2024 13:28,,Analysing,,,29.04.2026 05:10,,,,,Epic,
VDE19-109,2194549,11.01.2024 17:14,,Funnel,,,29.04.2026 05:11,,,,,Epic,
VDE19-248,2604308,17.12.2024 14:16,,Funnel,,,29.04.2026 05:07,,,,,Epic,
VDE19-249,2604310,17.12.2024 14:17,,Funnel,,,29.04.2026 05:07,,,,,Epic,
VDE19-401,2940871,22.09.2025 10:45,,Funnel,,,29.04.2026 05:10,,,,,Epic,
VDE19-252,2604321,17.12.2024 14:31,,Funnel,,,29.04.2026 05:07,,,,,Epic,
VDE19-256,2606106,18.12.2024 13:41,,Funnel,,,29.04.2026 05:04,,,,,Epic,
VDE19-261,2607609,19.12.2024 13:48,,Funnel,,,29.04.2026 05:07,,,,,Epic,
VDE19-262,2607611,19.12.2024 13:49,,Funnel,,,30.04.2026 05:06,,,,,Epic,
VDE19-71,2378320,10.06.2024 12:04,,Funnel,,,29.04.2026 05:10,,,,,Epic,
VDE19-264,2610210,27.12.2024 11:44,,Funnel,,,29.04.2026 05:10,,,,,Epic,
VDE19-255,2605815,18.12.2024 12:34,,Funnel,,,29.04.2026 05:07,,,,,Epic,
VDE19-64,2383506,14.06.2024 07:04,,Funnel,,,29.04.2026 05:10,,,,,Epic,
VDE19-141,2292844,29.03.2024 13:32,,Funnel,,,29.04.2026 05:04,,,,,Epic,
VDE19-242,2592468,09.12.2024 08:59,,Analysing,,,29.04.2026 05:12,,,,,Epic,
VDE19-250,2604313,17.12.2024 14:19,,Funnel,,,29.04.2026 05:05,,,,,Epic,
VDE19-265,2611941,03.01.2025 09:40,,Funnel,,,29.04.2026 05:07,,,,,Epic,
VDE19-251,2604319,17.12.2024 14:28,,Funnel,,,29.04.2026 05:05,,,,,Epic,
VDE19-253,2604324,17.12.2024 14:33,,Funnel,,,29.04.2026 05:06,,,,,Epic,
VDE19-269,2618247,10.01.2025 10:33,,Funnel,,,29.04.2026 05:10,,,,,Epic,
VDE19-156,2490813,23.09.2024 08:05,17.07.2025 09:37,Done,,,13.03.2026 14:51,,,,,Epic,Done
VDE19-40,2490482,20.09.2024 16:19,20.03.2025 08:17,Cancelled,,,13.03.2026 14:49,,,,,Epic,Won't Do
VDE19-166,2477574,11.09.2024 14:18,22.04.2025 09:27,Done,,,13.03.2026 14:50,,,,,Epic,Done
VDE19-150,2477551,11.09.2024 14:05,17.07.2025 09:38,Done,,,13.03.2026 14:49,,,,,Epic,Done
VDE19-398,2814326,04.06.2025 11:55,05.11.2025 13:27,Done,,,05.11.2025 13:27,,,,,Epic,Done
VDE19-529,3176771,19.03.2026 13:44,20.03.2026 15:16,Done,,,20.03.2026 15:16,,,,,Epic,Done
VDE19-236,2589608,05.12.2024 09:47,,Funnel,,,29.04.2026 05:06,,,,,Epic,
VDE19-239,2590897,05.12.2024 21:12,,Funnel,,,29.04.2026 05:06,,,,,Epic,
VDE19-460,3069581,06.01.2026 14:36,,Funnel,,,29.04.2026 05:07,,,,,Epic,
VDE19-439,3066754,29.12.2025 14:47,15.01.2026 08:09,Done,,,13.03.2026 14:53,,,,,Epic,Done
VDE19-60,2490368,20.09.2024 15:19,,Funnel,,,29.04.2026 09:24,,,,,Epic,
VDE19-88,2490364,20.09.2024 15:15,,Funnel,,,29.04.2026 05:12,,,,,Epic,
VDE19-327,2786141,13.05.2025 10:07,,Funnel,,,29.04.2026 05:12,,,,,Epic,
VDE19-180,2510997,09.10.2024 14:14,25.03.2025 15:21,Cancelled,,,13.03.2026 14:50,,,,,Epic,Won't Do
VDE19-49,2439058,19.08.2024 15:33,03.01.2025 11:50,Cancelled,,,13.03.2026 14:51,,,,,Epic,Won't Do
VDE19-164,2489891,20.09.2024 10:42,06.02.2025 09:32,Cancelled,,,13.03.2026 14:50,,,,,Epic,Won't Do
VDE19-254,2604330,17.12.2024 14:47,03.01.2025 14:25,Cancelled,,,03.01.2025 14:25,,,,,Epic,Won't Do
VDE19-303,2701865,10.03.2025 12:35,15.09.2025 07:56,Cancelled,,,15.09.2025 07:56,,,,,Epic,Won't Do
VDE19-355,2848633,27.06.2025 08:09,27.06.2025 08:13,Cancelled,,,27.06.2025 08:13,,,,,Epic,Won't Do
VDE19-98,2127321,07.11.2023 15:29,26.11.2025 07:55,Cancelled,,,13.03.2026 14:53,,,,,Epic,Won't Do
VDE19-75,2356045,20.05.2024 15:27,24.04.2025 15:39,Cancelled,,,13.03.2026 14:48,,,,,Epic,Won't Do
VDE19-112,2361812,24.05.2024 10:11,03.01.2025 11:01,Cancelled,,,13.03.2026 14:53,,,,,Epic,Won't Do
VDE19-422,2991689,30.10.2025 14:46,17.12.2025 14:18,Cancelled,,,17.12.2025 14:18,,,,,Epic,Won't Do
VDE19-493,3061990,18.12.2025 09:20,10.02.2026 14:17,Cancelled,,,06.03.2026 13:09,,,,,Epic,Won't Do
VDE19-62,2223002,02.02.2024 10:18,03.01.2025 11:02,Cancelled,,,13.03.2026 14:50,,,,,Epic,Won't Do
VDE19-84,2266512,05.03.2024 15:59,12.02.2025 12:33,Cancelled,,,13.03.2026 14:50,,,,,Epic,Won't Do
VDE19-87,2489858,20.09.2024 10:25,02.12.2024 14:32,Cancelled,,,13.03.2026 14:51,,,,,Epic,Won't Do
VDE19-374,2889899,19.08.2025 16:12,20.08.2025 10:46,Cancelled,,,18.11.2025 09:29,,,,,Epic,Won't Do
VDE19-188,1987196,20.06.2023 15:25,23.03.2026 14:35,Cancelled,,,23.03.2026 14:35,,,,,Epic,Won't Do
VDE19-50,2223007,02.02.2024 10:21,,Funnel,,,29.04.2026 05:10,,,,,Epic,
VDE19-163,2007525,11.07.2023 15:34,,Funnel,,,29.04.2026 05:10,,,,,Epic,
VDE19-139,2007531,11.07.2023 15:45,,Funnel,,,29.04.2026 05:10,,,,,Epic,
VDE19-184,2009639,14.07.2023 14:36,,Funnel,,,29.04.2026 05:10,,,,,Epic,
VDE19-186,2010548,18.07.2023 10:56,,Funnel,,,29.04.2026 05:10,,,,,Epic,
VDE19-65,2019719,03.08.2023 13:45,,Funnel,,,29.04.2026 05:10,,,,,Epic,
VDE19-158,2022279,09.08.2023 09:55,,Funnel,,,29.04.2026 05:10,,,,,Epic,
VDE19-191,1844037,10.02.2023 13:14,,Funnel,,,29.04.2026 05:10,,,,,Epic,
VDE19-189,1844039,10.02.2023 13:23,,Funnel,,,29.04.2026 05:10,,,,,Epic,
VDE19-187,1844040,10.02.2023 13:24,,Funnel,,,29.04.2026 05:10,,,,,Epic,
VDE19-190,1844042,10.02.2023 13:28,,Funnel,,,29.04.2026 05:10,,,,,Epic,
VDE19-185,1844045,10.02.2023 13:30,,Funnel,,,29.04.2026 05:10,,,,,Epic,
VDE19-160,1844055,10.02.2023 13:37,,Funnel,,,29.04.2026 05:10,,,,,Epic,
VDE19-574,3237646,28.04.2026 09:54,,Analysing,,,29.04.2026 11:05,,,,,Epic,
VDE19-475,3084418,19.01.2026 08:31,28.04.2026 09:40,Cancelled,Blocker,,28.04.2026 12:39,,,,,Epic,Won't Do
VDE19-440,3040471,28.11.2025 14:49,,Analysing,,,29.04.2026 05:15,,,,,Epic,
VDE19-526,3161161,09.03.2026 14:39,,Funnel,,,29.04.2026 05:04,,,,,Epic,
VDE19-362,2881717,11.08.2025 14:12,,Analysing,,,29.04.2026 05:06,,,,,Epic,
VDE19-384,2898832,27.08.2025 08:52,,Funnel,,,29.04.2026 05:06,,,,,Epic,
VDE19-494,3124466,06.02.2026 14:34,,Funnel,,,29.04.2026 05:07,,,,,Epic,
VDE19-306,2709042,14.03.2025 14:27,,Funnel,,,29.04.2026 05:07,,,,,Epic,
VDE19-531,3181560,23.03.2026 14:21,,Funnel,,,29.04.2026 05:04,,,,,Epic,
VDE19-532,3181576,23.03.2026 14:34,,Funnel,,,29.04.2026 05:04,,,,,Epic,
VDE19-534,3184007,24.03.2026 14:02,,Funnel,,,29.04.2026 05:15,,,,,Epic,
VDE19-530,3178594,20.03.2026 14:07,,Analysing,,,29.04.2026 05:15,,,,,Epic,
VDE19-545,3214605,09.04.2026 07:53,,Analysing,,,29.04.2026 05:04,,,,,Epic,
VDE19-119,2331309,25.04.2024 11:19,,Funnel,,,29.04.2026 05:15,,,,,Epic,
VDE19-535,3184223,24.03.2026 14:54,,Funnel,,,29.04.2026 05:15,,,,,Epic,
VDE19-557,3060300,17.12.2025 09:07,,Implementing,,,29.04.2026 05:02,,,,,Epic,
VDE19-467,3084282,19.01.2026 07:48,,Funnel,,,29.04.2026 05:07,,,,,Epic,
VDE19-407,2955761,02.10.2025 13:46,,Funnel,,,29.04.2026 05:06,,,,,Epic,
VDE19-441,3065955,23.12.2025 12:52,,Funnel,,,29.04.2026 05:15,,,,,Epic,
VDE19-442,3065958,23.12.2025 12:58,,Funnel,,,29.04.2026 05:15,,,,,Epic,
VDE19-443,3065964,23.12.2025 13:00,,Funnel,,,29.04.2026 05:15,,,,,Epic,
VDE19-444,3065967,23.12.2025 13:02,,Funnel,,,29.04.2026 05:15,,,,,Epic,
VDE19-461,3070729,07.01.2026 14:19,,Funnel,,,29.04.2026 05:06,,,,,Epic,
VDE19-516,3133334,13.02.2026 10:47,,Funnel,Major,,30.04.2026 05:03,,,,,Epic,
VDE19-543,3197129,31.03.2026 14:27,,Funnel,,,30.04.2026 09:35,,,,,Epic,
VDE19-149,2489856,20.09.2024 10:24,09.01.2026 15:18,Cancelled,,,13.03.2026 14:52,,,,,Epic,Won't Do
VDE19-325,2783279,09.05.2025 15:18,17.02.2026 15:53,Cancelled,,,27.04.2026 08:48,,,,,Epic,Won't Do
VDE19-337,2814363,04.06.2025 12:51,12.01.2026 08:34,Cancelled,,,25.01.2026 20:29,,,,,Epic,Won't Do
VDE19-378,2892909,21.08.2025 14:25,12.11.2025 12:34,Cancelled,,,13.03.2026 14:52,,,,,Epic,Won't Do
VDE19-492,3124411,06.02.2026 13:33,,Funnel,,,29.04.2026 05:10,,,,,Epic,
VDE19-506,3125298,09.02.2026 09:17,,Funnel,,,29.04.2026 05:10,,,,,Epic,
VDE19-505,3125297,09.02.2026 09:16,,Funnel,,,29.04.2026 05:07,,,,,Epic,
VDE19-537,3190947,27.03.2026 15:22,,Funnel,,,29.04.2026 05:04,,,,,Epic,
VDE19-82,2490114,20.09.2024 11:01,13.06.2025 10:22,Cancelled,,,13.03.2026 14:47,,,,,Epic,Won't Do
VDE19-280,2637908,23.01.2025 15:30,15.05.2025 08:37,Cancelled,,,10.09.2025 09:32,,,,,Epic,Won't Do
VDE19-332,2801428,23.05.2025 16:00,18.06.2025 08:22,Cancelled,,,13.03.2026 14:49,,,,,Epic,Won't Do
VDE19-309,2711407,17.03.2025 13:24,13.05.2025 09:03,Cancelled,,,13.03.2026 14:51,,,,,Epic,Won't Do
VDE19-259,2606115,18.12.2024 13:50,28.03.2025 15:00,Cancelled,,,19.05.2025 15:24,,,,,Epic,Won't Do
VDE19-310,2713690,19.03.2025 08:33,15.05.2025 08:59,Cancelled,,,13.03.2026 14:50,,,,,Epic,Won't Do
VDE19-299,2695449,05.03.2025 09:59,30.05.2025 15:43,Cancelled,,,13.03.2026 14:52,,,,,Epic,Won't Do
VDE19-134,2489854,20.09.2024 10:22,19.08.2025 13:30,Cancelled,,,13.03.2026 14:51,,,,,Epic,Won't Do
VDE19-323,2783260,09.05.2025 15:02,20.08.2025 15:06,Cancelled,,,24.10.2025 10:26,,,,,Epic,Won't Do
VDE19-173,2223001,02.02.2024 10:18,13.02.2025 15:20,Cancelled,,,13.03.2026 14:51,,,,,Epic,Won't Do
VDE19-501,3125269,09.02.2026 09:02,,Funnel,,,29.04.2026 05:10,,,,,Epic,
VDE19-498,3125257,09.02.2026 08:55,,Funnel,,,29.04.2026 05:05,,,,,Epic,
VDE19-500,3125265,09.02.2026 08:59,,Funnel,,,29.04.2026 05:07,,,,5.0,Epic,
VDE19-137,2489847,20.09.2024 10:15,,Funnel,,,29.04.2026 05:10,,,,,Epic,
VDE19-218,2551700,10.11.2024 23:18,,Funnel,,,29.04.2026 05:06,,,,,Epic,
VDE19-417,2980608,22.10.2025 14:42,10.11.2025 12:10,Cancelled,,,10.11.2025 12:38,,,,,Epic,Won't Do
VDE19-363,2881719,11.08.2025 14:14,,Analysing,,,29.04.2026 05:06,,,,,Epic,
VDE19-284,2595385,11.12.2024 08:23,06.01.2026 15:14,Cancelled,,,08.01.2026 11:25,,,,,Epic,Won't Do
VDE19-400,2939220,18.09.2025 13:48,,Analysing,,,29.04.2026 05:06,,,,,Epic,
VDE19-260,2607137,19.12.2024 10:36,06.01.2026 15:15,Cancelled,,,08.01.2026 11:25,,,,,Epic,Won't Do
VDE19-382,2898822,27.08.2025 08:45,,Analysing,,,29.04.2026 05:06,,,,,Epic,
VDE19-499,3125260,09.02.2026 08:57,,Funnel,,,29.04.2026 05:10,,,,,Epic,
VDE19-496,3124473,06.02.2026 14:38,,Funnel,,,29.04.2026 05:07,,,,,Epic,
VDE19-503,3125290,09.02.2026 09:12,,Funnel,,,29.04.2026 05:13,,,,,Epic,
VDE19-502,3125277,09.02.2026 09:09,,Funnel,,,29.04.2026 05:10,,,,,Epic,
VDE19-504,3125295,09.02.2026 09:14,,Funnel,,,29.04.2026 05:07,,,,5.0,Epic,
VDE19-495,3124469,06.02.2026 14:36,,Funnel,,,29.04.2026 05:10,,,,,Epic,
